sensor_id,timestamp,value
1,2025-01-01 00:00:00,-11.0
1,2025-01-01 00:00:26,-11.08
1,2025-01-01 00:00:34,-11.31
1,2025-01-01 00:00:42,-10.64
1,2025-01-01 00:00:52,-10.6
1,2025-01-01 00:01:03,-9.57
1,2025-01-01 00:01:15,-9.98
1,2025-01-01 00:01:32,-9.96
1,2025-01-01 00:01:59,-10.45
1,2025-01-01 00:02:09,-11.31
1,2025-01-01 00:02:15,-11.14
1,2025-01-01 00:02:37,-11.7
1,2025-01-01 00:02:59,-11.67
1,2025-01-01 00:03:13,-11.86
1,2025-01-01 00:03:36,-10.97
1,2025-01-01 00:04:03,-11.91
1,2025-01-01 00:04:18,-10.84
1,2025-01-01 00:04:31,-11.58
1,2025-01-01 00:04:50,-12.41
1,2025-01-01 00:04:59,-11.89
1,2025-01-01 00:05:25,-10.87
1,2025-01-01 00:05:33,-11.85
1,2025-01-01 00:05:54,-12.52
1,2025-01-01 00:06:04,-12.55
1,2025-01-01 00:06:29,-12.03
1,2025-01-01 00:06:47,-12.94
1,2025-01-01 00:06:56,-12.39
1,2025-01-01 00:07:17,-12.72
1,2025-01-01 00:07:38,-13.31
1,2025-01-01 00:07:55,-12.57
1,2025-01-01 00:08:19,-12.99
1,2025-01-01 00:08:35,-13.16
1,2025-01-01 00:08:48,-13.63
1,2025-01-01 00:09:06,-14.29
1,2025-01-01 00:09:11,-14.95
1,2025-01-01 00:09:24,-15.6
1,2025-01-01 00:09:37,-16.15
1,2025-01-01 00:10:04,-15.56
1,2025-01-01 00:10:22,-16.25
1,2025-01-01 00:10:48,-16.3
1,2025-01-01 00:11:03,-16.31
1,2025-01-01 00:11:31,-17.41
1,2025-01-01 00:11:40,-18.3
1,2025-01-01 00:11:58,-18.0
1,2025-01-01 00:12:24,-17.18
1,2025-01-01 00:12:53,-17.35
1,2025-01-01 00:13:17,-16.92
1,2025-01-01 00:13:34,-16.92
1,2025-01-01 00:13:59,-16.93
1,2025-01-01 00:14:25,-17.77
1,2025-01-01 00:14:31,-18.83
1,2025-01-01 00:14:48,-18.55
1,2025-01-01 00:15:11,-19.34
1,2025-01-01 00:15:28,-19.31
1,2025-01-01 00:15:57,-19.82
1,2025-01-01 00:16:05,-19.5
1,2025-01-01 00:16:22,-19.63
1,2025-01-01 00:16:33,-19.48
1,2025-01-01 00:16:56,-20.39
1,2025-01-01 00:17:26,-20.79
1,2025-01-01 00:17:40,-21.37
1,2025-01-01 00:17:46,-21.17
1,2025-01-01 00:17:53,-21.22
1,2025-01-01 00:18:12,-20.62
1,2025-01-01 00:18:22,-20.11
1,2025-01-01 00:18:30,-19.03
1,2025-01-01 00:18:37,-19.26
1,2025-01-01 00:18:50,-18.77
1,2025-01-01 00:19:04,-19.23
1,2025-01-01 00:19:18,-18.98
1,2025-01-01 00:19:28,-18.46
1,2025-01-01 00:19:33,-17.7
1,2025-01-01 00:19:46,-17.23
1,2025-01-01 00:19:53,-17.63
1,2025-01-01 00:20:17,-18.71
1,2025-01-01 00:20:29,-18.26
1,2025-01-01 00:20:50,-19.25
1,2025-01-01 00:20:58,-18.44
1,2025-01-01 00:21:04,-17.99
1,2025-01-01 00:21:17,-18.76
1,2025-01-01 00:21:31,-19.3
1,2025-01-01 00:21:38,-18.83
1,2025-01-01 00:21:50,-18.07
1,2025-01-01 00:22:14,-17.97
1,2025-01-01 00:22:30,-18.37
1,2025-01-01 00:22:56,-19.36
1,2025-01-01 00:23:18,-19.44
1,2025-01-01 00:23:25,-19.6
1,2025-01-01 00:23:37,-20.15
1,2025-01-01 00:23:46,-20.18
1,2025-01-01 00:24:12,-20.19
1,2025-01-01 00:24:24,-20.55
1,2025-01-01 00:24:54,-21.28
1,2025-01-01 00:25:22,-21.9
1,2025-01-01 00:25:50,-22.34
1,2025-01-01 00:26:11,-23.2
1,2025-01-01 00:26:27,-23.0
1,2025-01-01 00:26:49,-23.32
1,2025-01-01 00:27:18,-23.54
1,2025-01-01 00:27:26,-22.79
1,2025-01-01 00:27:48,-22.42
1,2025-01-01 00:27:54,-22.49
1,2025-01-01 00:28:01,-22.25
1,2025-01-01 00:28:19,-21.25
1,2025-01-01 00:28:42,-20.8
1,2025-01-01 00:29:09,-20.5
1,2025-01-01 00:29:37,-20.59
1,2025-01-01 00:29:48,-21.21
1,2025-01-01 00:30:18,-21.22
1,2025-01-01 00:30:46,-20.28
1,2025-01-01 00:30:58,-20.1
1,2025-01-01 00:31:11,-20.9
1,2025-01-01 00:31:35,-21.2
1,2025-01-01 00:31:57,-22.21
1,2025-01-01 00:32:06,-21.85
1,2025-01-01 00:32:20,-22.21
1,2025-01-01 00:32:48,-22.09
1,2025-01-01 00:33:09,-23.1
1,2025-01-01 00:33:31,-23.69
1,2025-01-01 00:33:53,-22.69
1,2025-01-01 00:34:18,-22.39
1,2025-01-01 00:34:34,-22.76
1,2025-01-01 00:34:39,-23.45
1,2025-01-01 00:34:59,-22.48
1,2025-01-01 00:35:08,-23.37
1,2025-01-01 00:35:13,-22.95
1,2025-01-01 00:35:30,-23.5
1,2025-01-01 00:35:37,-24.03
1,2025-01-01 00:36:06,-23.61
1,2025-01-01 00:36:14,-24.65
1,2025-01-01 00:36:26,-25.03
1,2025-01-01 00:36:31,-25.93
1,2025-01-01 00:36:50,-25.66
1,2025-01-01 00:37:10,-24.93
1,2025-01-01 00:37:15,-24.35
1,2025-01-01 00:37:34,-24.97
1,2025-01-01 00:37:55,-25.96
1,2025-01-01 00:38:14,-25.92
1,2025-01-01 00:38:31,-25.06
1,2025-01-01 00:38:44,-26.03
1,2025-01-01 00:39:06,-26.59
1,2025-01-01 00:39:33,-25.8
1,2025-01-01 00:39:44,-25.15
1,2025-01-01 00:40:13,-25.92
1,2025-01-01 00:40:26,-25.82
1,2025-01-01 00:40:32,-26.25
1,2025-01-01 00:40:43,-26.33
1,2025-01-01 00:41:00,-26.19
1,2025-01-01 00:41:19,-26.97
1,2025-01-01 00:41:39,-27.22
1,2025-01-01 00:41:48,-28.02
1,2025-01-01 00:41:56,-28.08
1,2025-01-01 00:42:02,-27.02
1,2025-01-01 00:42:28,-26.4
1,2025-01-01 00:42:53,-26.61
1,2025-01-01 00:43:01,-25.59
1,2025-01-01 00:43:17,-26.34
1,2025-01-01 00:43:46,-26.9
1,2025-01-01 00:44:08,-27.97
1,2025-01-01 00:44:22,-26.95
1,2025-01-01 00:44:50,-26.37
1,2025-01-01 00:44:55,-25.75
1,2025-01-01 00:45:19,-25.47
1,2025-01-01 00:45:29,-25.9
1,2025-01-01 00:45:39,-25.87
1,2025-01-01 00:46:04,-26.34
1,2025-01-01 00:46:20,-26.61
1,2025-01-01 00:46:47,-26.44
1,2025-01-01 00:47:00,-25.88
1,2025-01-01 00:47:21,-25.9
1,2025-01-01 00:47:28,-26.81
1,2025-01-01 00:47:39,-27.88
1,2025-01-01 00:47:55,-27.35
1,2025-01-01 00:48:08,-26.5
1,2025-01-01 00:48:21,-25.54
1,2025-01-01 00:48:32,-25.07
1,2025-01-01 00:48:59,-25.32
1,2025-01-01 00:49:19,-26.37
1,2025-01-01 00:49:47,-26.35
1,2025-01-01 00:50:06,-27.21
1,2025-01-01 00:50:24,-27.19
1,2025-01-01 00:50:34,-26.88
1,2025-01-01 00:50:58,-27.17
1,2025-01-01 00:51:21,-27.62
1,2025-01-01 00:51:26,-27.89
1,2025-01-01 00:51:31,-27.81
1,2025-01-01 00:51:36,-27.79
1,2025-01-01 00:52:05,-28.39
1,2025-01-01 00:52:34,-27.83
1,2025-01-01 00:52:46,-27.62
1,2025-01-01 00:52:59,-28.32
1,2025-01-01 00:53:16,-28.98
1,2025-01-01 00:53:32,-29.53
1,2025-01-01 00:53:46,-28.48
1,2025-01-01 00:54:03,-28.41
1,2025-01-01 00:54:14,-28.17
1,2025-01-01 00:54:23,-28.33
1,2025-01-01 00:54:30,-28.41
1,2025-01-01 00:54:48,-28.25
1,2025-01-01 00:55:09,-27.65
1,2025-01-01 00:55:35,-27.75
1,2025-01-01 00:55:42,-27.09
1,2025-01-01 00:55:50,-26.09
1,2025-01-01 00:55:57,-25.68
1,2025-01-01 00:56:18,-26.13
1,2025-01-01 00:56:46,-26.87
1,2025-01-01 00:56:55,-27.22
1,2025-01-01 00:57:02,-27.73
1,2025-01-01 00:57:18,-27.52
1,2025-01-01 00:57:37,-27.96
1,2025-01-01 00:57:59,-27.84
1,2025-01-01 00:58:13,-27.3
1,2025-01-01 00:58:19,-26.73
1,2025-01-01 00:58:49,-27.35
1,2025-01-01 00:59:09,-27.13
1,2025-01-01 00:59:33,-26.98
1,2025-01-01 00:59:58,-27.71
1,2025-01-01 01:00:18,-28.11
1,2025-01-01 01:00:41,-28.81
1,2025-01-01 01:01:01,-28.54
1,2025-01-01 01:01:20,-27.76
1,2025-01-01 01:01:45,-28.27
1,2025-01-01 01:02:12,-29.31
1,2025-01-01 01:02:19,-28.35
1,2025-01-01 01:02:40,-28.55
1,2025-01-01 01:02:58,-28.26
1,2025-01-01 01:03:06,-28.63
1,2025-01-01 01:03:21,-28.06
1,2025-01-01 01:03:51,-27.89
1,2025-01-01 01:04:09,-27.91
1,2025-01-01 01:04:25,-28.91
1,2025-01-01 01:04:53,-28.72
1,2025-01-01 01:05:03,-29.1
1,2025-01-01 01:05:18,-29.21
1,2025-01-01 01:05:27,-28.94
1,2025-01-01 01:05:48,-28.45
1,2025-01-01 01:06:14,-27.95
1,2025-01-01 01:06:31,-27.38
1,2025-01-01 01:06:47,-28.05
1,2025-01-01 01:07:05,-29.14
1,2025-01-01 01:07:25,-28.14
1,2025-01-01 01:07:41,-28.55
1,2025-01-01 01:08:10,-27.82
1,2025-01-01 01:08:34,-27.29
1,2025-01-01 01:09:00,-26.25
1,2025-01-01 01:09:06,-25.99
1,2025-01-01 01:09:20,-26.39
1,2025-01-01 01:09:47,-26.05
1,2025-01-01 01:09:59,-26.97
1,2025-01-01 01:10:29,-28.07
1,2025-01-01 01:10:41,-27.51
1,2025-01-01 01:10:59,-28.39
1,2025-01-01 01:11:24,-28.13
1,2025-01-01 01:11:38,-27.27
1,2025-01-01 01:12:02,-27.11
1,2025-01-01 01:12:20,-28.16
1,2025-01-01 01:12:33,-28.47
1,2025-01-01 01:12:53,-27.94
1,2025-01-01 01:13:20,-28.61
1,2025-01-01 01:13:31,-28.26
1,2025-01-01 01:13:45,-27.94
1,2025-01-01 01:14:05,-28.19
1,2025-01-01 01:14:14,-29.24
1,2025-01-01 01:14:23,-28.68
1,2025-01-01 01:14:44,-28.01
1,2025-01-01 01:15:00,-28.36
1,2025-01-01 01:15:09,-28.61
1,2025-01-01 01:15:18,-29.2
1,2025-01-01 01:15:27,-28.23
1,2025-01-01 01:15:54,-28.04
1,2025-01-01 01:16:13,-28.73
1,2025-01-01 01:16:26,-29.06
1,2025-01-01 01:16:45,-28.53
1,2025-01-01 01:16:53,-27.85
1,2025-01-01 01:17:19,-27.3
1,2025-01-01 01:17:48,-26.98
1,2025-01-01 01:18:00,-26.31
1,2025-01-01 01:18:05,-27.35
1,2025-01-01 01:18:27,-27.22
1,2025-01-01 01:18:42,-26.23
1,2025-01-01 01:18:48,-27.14
1,2025-01-01 01:19:08,-27.66
1,2025-01-01 01:19:14,-26.69
1,2025-01-01 01:19:23,-26.85
1,2025-01-01 01:19:53,-26.77
1,2025-01-01 01:20:02,-26.96
1,2025-01-01 01:20:19,-27.76
1,2025-01-01 01:20:44,-26.89
1,2025-01-01 01:21:01,-26.47
1,2025-01-01 01:21:26,-25.59
1,2025-01-01 01:21:43,-24.97
1,2025-01-01 01:22:03,-24.5
1,2025-01-01 01:22:18,-23.65
1,2025-01-01 01:22:32,-23.12
1,2025-01-01 01:22:57,-23.22
1,2025-01-01 01:23:12,-22.57
1,2025-01-01 01:23:35,-22.42
1,2025-01-01 01:24:02,-21.73
1,2025-01-01 01:24:24,-21.42
1,2025-01-01 01:24:50,-21.7
1,2025-01-01 01:24:55,-21.72
1,2025-01-01 01:25:20,-21.6
1,2025-01-01 01:25:35,-22.05
1,2025-01-01 01:25:59,-21.77
1,2025-01-01 01:26:10,-20.76
1,2025-01-01 01:26:24,-20.22
1,2025-01-01 01:26:51,-20.29
1,2025-01-01 01:27:13,-20.32
1,2025-01-01 01:27:28,-20.47
1,2025-01-01 01:27:37,-20.94
1,2025-01-01 01:27:48,-21.03
1,2025-01-01 01:28:09,-21.45
1,2025-01-01 01:28:35,-22.39
1,2025-01-01 01:28:43,-23.23
1,2025-01-01 01:29:02,-22.51
1,2025-01-01 01:29:21,-21.5
1,2025-01-01 01:29:33,-22.05
1,2025-01-01 01:29:53,-21.71
1,2025-01-01 01:30:07,-21.12
1,2025-01-01 01:30:12,-20.95
1,2025-01-01 01:30:32,-20.09
1,2025-01-01 01:30:39,-19.92
1,2025-01-01 01:30:49,-19.74
1,2025-01-01 01:31:07,-19.32
1,2025-01-01 01:31:33,-19.72
1,2025-01-01 01:31:42,-19.29
1,2025-01-01 01:31:55,-19.64
1,2025-01-01 01:32:07,-19.42
1,2025-01-01 01:32:24,-20.51
1,2025-01-01 01:32:47,-19.5
1,2025-01-01 01:33:08,-20.05
1,2025-01-01 01:33:28,-19.86
1,2025-01-01 01:33:49,-20.57
1,2025-01-01 01:34:13,-20.52
1,2025-01-01 01:34:24,-19.97
1,2025-01-01 01:34:50,-19.1
1,2025-01-01 01:35:00,-19.15
1,2025-01-01 01:35:09,-18.06
1,2025-01-01 01:35:19,-19.12
1,2025-01-01 01:35:43,-18.77
1,2025-01-01 01:35:52,-17.94
1,2025-01-01 01:36:10,-18.98
1,2025-01-01 01:36:36,-18.75
1,2025-01-01 01:36:56,-18.68
1,2025-01-01 01:37:22,-19.75
1,2025-01-01 01:37:42,-20.34
1,2025-01-01 01:38:12,-20.58
1,2025-01-01 01:38:20,-21.28
1,2025-01-01 01:38:41,-20.2
1,2025-01-01 01:39:05,-20.77
1,2025-01-01 01:39:24,-20.82
1,2025-01-01 01:39:49,-21.37
1,2025-01-01 01:40:19,-21.2
1,2025-01-01 01:40:47,-20.86
1,2025-01-01 01:40:55,-21.02
1,2025-01-01 01:41:05,-20.28
1,2025-01-01 01:41:24,-20.19
1,2025-01-01 01:41:37,-20.1
1,2025-01-01 01:42:04,-19.74
1,2025-01-01 01:42:22,-20.01
1,2025-01-01 01:42:50,-19.24
1,2025-01-01 01:42:59,-19.7
1,2025-01-01 01:43:21,-20.16
1,2025-01-01 01:43:42,-20.95
1,2025-01-01 01:43:54,-20.18
1,2025-01-01 01:44:10,-20.28
1,2025-01-01 01:44:16,-19.74
1,2025-01-01 01:44:28,-19.11
1,2025-01-01 01:44:53,-19.65
1,2025-01-01 01:45:18,-20.06
1,2025-01-01 01:45:23,-19.64
1,2025-01-01 01:45:43,-19.64
1,2025-01-01 01:46:04,-19.32
1,2025-01-01 01:46:34,-19.04
1,2025-01-01 01:46:43,-19.86
1,2025-01-01 01:47:02,-19.12
1,2025-01-01 01:47:16,-18.2
1,2025-01-01 01:47:27,-18.54
1,2025-01-01 01:47:57,-17.81
1,2025-01-01 01:48:14,-17.06
1,2025-01-01 01:48:22,-18.08
1,2025-01-01 01:48:50,-17.53
1,2025-01-01 01:48:55,-17.41
1,2025-01-01 01:49:08,-17.46
1,2025-01-01 01:49:37,-17.08
1,2025-01-01 01:49:55,-16.49
1,2025-01-01 01:50:04,-17.05
1,2025-01-01 01:50:23,-16.38
1,2025-01-01 01:50:37,-16.16
1,2025-01-01 01:50:46,-15.22
1,2025-01-01 01:51:16,-15.49
1,2025-01-01 01:51:43,-14.8
1,2025-01-01 01:51:55,-15.16
1,2025-01-01 01:52:08,-15.05
1,2025-01-01 01:52:14,-14.55
1,2025-01-01 01:52:30,-14.9
1,2025-01-01 01:52:43,-14.84
1,2025-01-01 01:52:54,-14.49
1,2025-01-01 01:53:19,-14.14
1,2025-01-01 01:53:26,-13.2
1,2025-01-01 01:53:56,-12.54
1,2025-01-01 01:54:08,-13.38
1,2025-01-01 01:54:31,-13.16
1,2025-01-01 01:54:39,-12.52
1,2025-01-01 01:55:09,-13.41
1,2025-01-01 01:55:22,-13.23
1,2025-01-01 01:55:30,-12.6
1,2025-01-01 01:55:35,-12.86
1,2025-01-01 01:56:04,-11.95
1,2025-01-01 01:56:17,-12.78
1,2025-01-01 01:56:34,-13.34
1,2025-01-01 01:56:39,-13.78
1,2025-01-01 01:57:03,-12.9
1,2025-01-01 01:57:13,-12.28
1,2025-01-01 01:57:32,-11.23
1,2025-01-01 01:57:47,-12.03
1,2025-01-01 01:57:52,-13.09
1,2025-01-01 01:58:21,-12.83
1,2025-01-01 01:58:42,-12.69
1,2025-01-01 01:59:01,-11.96
1,2025-01-01 01:59:12,-11.4
1,2025-01-01 01:59:40,-11.12
1,2025-01-01 02:00:06,-10.57
1,2025-01-01 02:00:23,-10.86
1,2025-01-01 02:00:29,-11.72
1,2025-01-01 02:00:57,-11.68
1,2025-01-01 02:01:25,-12.2
1,2025-01-01 02:01:53,-12.24
1,2025-01-01 02:01:58,-13.11
1,2025-01-01 02:02:11,-14.16
1,2025-01-01 02:02:23,-14.87
1,2025-01-01 02:02:39,-14.75
1,2025-01-01 02:03:08,-14.81
1,2025-01-01 02:03:31,-15.12
1,2025-01-01 02:03:59,-15.98
1,2025-01-01 02:04:24,-15.47
1,2025-01-01 02:04:31,-16.49
1,2025-01-01 02:04:45,-17.58
1,2025-01-01 02:04:57,-17.5
1,2025-01-01 02:05:03,-18.04
1,2025-01-01 02:05:08,-18.59
1,2025-01-01 02:05:18,-19.32
1,2025-01-01 02:05:39,-18.53
1,2025-01-01 02:05:46,-17.63
1,2025-01-01 02:05:55,-17.51
1,2025-01-01 02:06:13,-18.12
1,2025-01-01 02:06:26,-17.68
1,2025-01-01 02:06:54,-18.03
1,2025-01-01 02:07:09,-17.89
1,2025-01-01 02:07:38,-17.67
1,2025-01-01 02:08:03,-17.12
1,2025-01-01 02:08:33,-16.38
1,2025-01-01 02:08:52,-15.79
1,2025-01-01 02:09:02,-14.95
1,2025-01-01 02:09:29,-14.79
1,2025-01-01 02:09:36,-15.44
1,2025-01-01 02:09:55,-15.74
1,2025-01-01 02:10:10,-15.17
1,2025-01-01 02:10:28,-15.89
1,2025-01-01 02:10:48,-16.6
1,2025-01-01 02:11:14,-16.1
1,2025-01-01 02:11:23,-16.2
1,2025-01-01 02:11:44,-15.99
1,2025-01-01 02:12:12,-16.77
1,2025-01-01 02:12:19,-17.72
1,2025-01-01 02:12:28,-18.27
1,2025-01-01 02:12:38,-18.56
1,2025-01-01 02:12:59,-19.35
1,2025-01-01 02:13:11,-18.31
1,2025-01-01 02:13:40,-18.66
1,2025-01-01 02:14:04,-19.05
1,2025-01-01 02:14:32,-19.27
1,2025-01-01 02:15:01,-18.89
1,2025-01-01 02:15:11,-19.49
1,2025-01-01 02:15:30,-18.6
1,2025-01-01 02:15:38,-18.81
1,2025-01-01 02:15:55,-19.2
1,2025-01-01 02:16:21,-19.06
1,2025-01-01 02:16:27,-19.98
1,2025-01-01 02:16:39,-19.89
1,2025-01-01 02:17:07,-19.29
1,2025-01-01 02:17:21,-19.97
1,2025-01-01 02:17:47,-20.26
1,2025-01-01 02:17:59,-20.76
1,2025-01-01 02:18:11,-21.48
1,2025-01-01 02:18:18,-22.2
1,2025-01-01 02:18:24,-22.87
1,2025-01-01 02:18:47,-22.83
1,2025-01-01 02:19:01,-22.71
1,2025-01-01 02:19:11,-23.17
1,2025-01-01 02:19:25,-23.83
1,2025-01-01 02:19:37,-24.6
1,2025-01-01 02:20:06,-25.57
1,2025-01-01 02:20:24,-25.91
1,2025-01-01 02:20:52,-25.51
1,2025-01-01 02:21:10,-24.96
1,2025-01-01 02:21:33,-24.52
1,2025-01-01 02:22:03,-24.57
1,2025-01-01 02:22:31,-23.75
1,2025-01-01 02:22:53,-22.9
1,2025-01-01 02:23:22,-22.74
1,2025-01-01 02:23:38,-22.27
1,2025-01-01 02:23:45,-22.59
1,2025-01-01 02:24:07,-22.7
1,2025-01-01 02:24:14,-22.34
1,2025-01-01 02:24:19,-21.71
1,2025-01-01 02:24:27,-21.51
1,2025-01-01 02:24:42,-21.76
1,2025-01-01 02:24:47,-20.97
1,2025-01-01 02:25:07,-21.14
1,2025-01-01 02:25:26,-21.26
1,2025-01-01 02:25:43,-21.32
1,2025-01-01 02:26:01,-20.56
1,2025-01-01 02:26:16,-20.03
1,2025-01-01 02:26:28,-19.02
1,2025-01-01 02:26:33,-18.01
1,2025-01-01 02:26:55,-18.81
1,2025-01-01 02:27:18,-19.15
1,2025-01-01 02:27:30,-18.08
1,2025-01-01 02:28:00,-17.03
1,2025-01-01 02:28:10,-17.82
1,2025-01-01 02:28:34,-18.21
1,2025-01-01 02:28:43,-18.09
1,2025-01-01 02:29:01,-18.86
1,2025-01-01 02:29:22,-18.54
1,2025-01-01 02:29:35,-18.85
1,2025-01-01 02:29:46,-18.37
1,2025-01-01 02:30:11,-19.02
1,2025-01-01 02:30:39,-18.82
1,2025-01-01 02:31:06,-19.43
1,2025-01-01 02:31:23,-18.79
1,2025-01-01 02:31:31,-19.76
1,2025-01-01 02:31:38,-18.67
1,2025-01-01 02:31:59,-19.24
1,2025-01-01 02:32:27,-18.4
1,2025-01-01 02:32:44,-19.01
1,2025-01-01 02:33:03,-18.18
1,2025-01-01 02:33:27,-18.18
1,2025-01-01 02:33:41,-18.1
1,2025-01-01 02:34:01,-18.5
1,2025-01-01 02:34:28,-18.91
1,2025-01-01 02:34:37,-18.37
1,2025-01-01 02:34:52,-19.45
1,2025-01-01 02:35:00,-19.36
1,2025-01-01 02:35:22,-20.15
1,2025-01-01 02:35:46,-19.41
1,2025-01-01 02:36:15,-19.44
1,2025-01-01 02:36:21,-18.4
1,2025-01-01 02:36:42,-17.64
1,2025-01-01 02:36:48,-17.97
1,2025-01-01 02:37:01,-18.32
1,2025-01-01 02:37:12,-17.86
1,2025-01-01 02:37:22,-17.99
1,2025-01-01 02:37:35,-17.29
1,2025-01-01 02:37:41,-18.07
1,2025-01-01 02:38:03,-17.83
1,2025-01-01 02:38:25,-17.51
1,2025-01-01 02:38:37,-16.43
1,2025-01-01 02:38:43,-15.39
1,2025-01-01 02:39:07,-14.42
1,2025-01-01 02:39:26,-14.95
1,2025-01-01 02:39:48,-14.3
1,2025-01-01 02:40:04,-15.15
1,2025-01-01 02:40:22,-14.92
1,2025-01-01 02:40:45,-15.53
1,2025-01-01 02:40:56,-15.48
1,2025-01-01 02:41:16,-15.36
1,2025-01-01 02:41:42,-14.91
1,2025-01-01 02:41:55,-14.46
1,2025-01-01 02:42:22,-15.35
1,2025-01-01 02:42:35,-15.55
1,2025-01-01 02:42:47,-14.84
1,2025-01-01 02:42:58,-14.42
1,2025-01-01 02:43:15,-13.87
1,2025-01-01 02:43:40,-12.82
1,2025-01-01 02:44:09,-13.46
1,2025-01-01 02:44:29,-13.79
1,2025-01-01 02:44:35,-14.49
1,2025-01-01 02:44:52,-14.54
1,2025-01-01 02:45:06,-13.94
1,2025-01-01 02:45:32,-14.22
1,2025-01-01 02:45:50,-13.92
1,2025-01-01 02:46:18,-14.94
1,2025-01-01 02:46:31,-14.1
1,2025-01-01 02:46:38,-14.44
1,2025-01-01 02:46:52,-13.43
1,2025-01-01 02:47:13,-13.36
1,2025-01-01 02:47:41,-14.34
1,2025-01-01 02:47:46,-14.44
1,2025-01-01 02:48:02,-13.35
1,2025-01-01 02:48:25,-12.64
1,2025-01-01 02:48:44,-12.25
1,2025-01-01 02:48:53,-11.2
1,2025-01-01 02:49:20,-11.39
1,2025-01-01 02:49:43,-11.45
1,2025-01-01 02:50:00,-11.02
1,2025-01-01 02:50:26,-10.85
1,2025-01-01 02:50:47,-11.45
1,2025-01-01 02:50:54,-12.18
1,2025-01-01 02:51:04,-12.96
1,2025-01-01 02:51:34,-12.21
1,2025-01-01 02:51:40,-13.29
1,2025-01-01 02:52:05,-13.03
1,2025-01-01 02:52:20,-12.1
1,2025-01-01 02:52:48,-11.03
1,2025-01-01 02:52:53,-11.99
1,2025-01-01 02:53:02,-12.39
1,2025-01-01 02:53:27,-11.49
1,2025-01-01 02:53:49,-11.44
1,2025-01-01 02:54:02,-11.45
1,2025-01-01 02:54:14,-12.31
1,2025-01-01 02:54:21,-11.25
1,2025-01-01 02:54:29,-11.41
1,2025-01-01 02:54:57,-11.78
1,2025-01-01 02:55:22,-12.33
1,2025-01-01 02:55:51,-12.46
1,2025-01-01 02:56:06,-11.8
1,2025-01-01 02:56:34,-12.37
1,2025-01-01 02:56:45,-13.15
1,2025-01-01 02:57:11,-12.84
1,2025-01-01 02:57:16,-12.94
1,2025-01-01 02:57:33,-13.18
1,2025-01-01 02:57:42,-12.69
1,2025-01-01 02:58:08,-13.23
1,2025-01-01 02:58:15,-12.3
1,2025-01-01 02:58:30,-13.02
1,2025-01-01 02:58:43,-14.04
1,2025-01-01 02:58:48,-14.39
1,2025-01-01 02:59:10,-15.06
1,2025-01-01 02:59:22,-15.5
1,2025-01-01 02:59:34,-15.72
1,2025-01-01 02:59:42,-16.32
1,2025-01-01 03:00:04,-16.47
1,2025-01-01 03:00:28,-17.3
1,2025-01-01 03:00:40,-17.35
1,2025-01-01 03:00:49,-18.3
1,2025-01-01 03:01:00,-19.37
1,2025-01-01 03:01:20,-18.81
1,2025-01-01 03:01:27,-19.22
1,2025-01-01 03:01:51,-19.59
1,2025-01-01 03:02:15,-19.52
1,2025-01-01 03:02:29,-19.33
1,2025-01-01 03:02:46,-20.34
1,2025-01-01 03:03:02,-20.45
1,2025-01-01 03:03:09,-20.86
1,2025-01-01 03:03:22,-21.16
1,2025-01-01 03:03:40,-22.14
1,2025-01-01 03:03:47,-21.8
1,2025-01-01 03:04:01,-21.47
1,2025-01-01 03:04:29,-21.91
1,2025-01-01 03:04:42,-21.66
1,2025-01-01 03:04:53,-22.4
1,2025-01-01 03:05:18,-21.54
1,2025-01-01 03:05:29,-22.34
1,2025-01-01 03:05:40,-23.06
1,2025-01-01 03:05:49,-22.95
1,2025-01-01 03:05:55,-22.86
1,2025-01-01 03:06:24,-22.11
1,2025-01-01 03:06:53,-21.65
1,2025-01-01 03:06:58,-22.12
1,2025-01-01 03:07:09,-22.11
1,2025-01-01 03:07:25,-22.59
1,2025-01-01 03:07:37,-21.6
1,2025-01-01 03:07:42,-20.74
1,2025-01-01 03:07:59,-20.77
1,2025-01-01 03:08:17,-21.85
1,2025-01-01 03:08:25,-21.61
1,2025-01-01 03:08:54,-22.67
1,2025-01-01 03:09:23,-22.73
1,2025-01-01 03:09:32,-22.45
1,2025-01-01 03:09:41,-22.01
1,2025-01-01 03:10:00,-21.33
1,2025-01-01 03:10:24,-20.59
1,2025-01-01 03:10:47,-20.09
1,2025-01-01 03:11:09,-20.0
1,2025-01-01 03:11:31,-20.12
1,2025-01-01 03:11:46,-20.84
1,2025-01-01 03:12:00,-20.11
1,2025-01-01 03:12:20,-20.13
1,2025-01-01 03:12:27,-20.58
1,2025-01-01 03:12:47,-20.62
1,2025-01-01 03:13:09,-20.68
1,2025-01-01 03:13:33,-21.55
1,2025-01-01 03:13:55,-21.66
1,2025-01-01 03:14:03,-20.91
1,2025-01-01 03:14:17,-21.95
1,2025-01-01 03:14:40,-23.04
1,2025-01-01 03:15:08,-23.51
1,2025-01-01 03:15:29,-22.98
1,2025-01-01 03:15:45,-22.94
1,2025-01-01 03:15:59,-23.46
1,2025-01-01 03:16:09,-22.91
1,2025-01-01 03:16:28,-23.34
1,2025-01-01 03:16:43,-23.9
1,2025-01-01 03:17:08,-24.71
1,2025-01-01 03:17:28,-24.07
1,2025-01-01 03:17:45,-25.06
1,2025-01-01 03:18:15,-24.33
1,2025-01-01 03:18:22,-25.31
1,2025-01-01 03:18:27,-25.52
1,2025-01-01 03:18:36,-25.13
1,2025-01-01 03:19:03,-26.07
1,2025-01-01 03:19:15,-26.31
1,2025-01-01 03:19:44,-25.9
1,2025-01-01 03:20:01,-26.91
1,2025-01-01 03:20:13,-27.26
1,2025-01-01 03:20:21,-27.36
1,2025-01-01 03:20:49,-28.33
1,2025-01-01 03:20:54,-28.85
1,2025-01-01 03:21:19,-27.79
1,2025-01-01 03:21:38,-28.39
1,2025-01-01 03:21:56,-29.29
1,2025-01-01 03:22:05,-30.11
1,2025-01-01 03:22:31,-29.88
1,2025-01-01 03:22:42,-28.79
1,2025-01-01 03:23:11,-29.11
1,2025-01-01 03:23:29,-29.93
1,2025-01-01 03:23:43,-30.92
1,2025-01-01 03:24:06,-32.02
1,2025-01-01 03:24:13,-32.06
1,2025-01-01 03:24:38,-32.86
1,2025-01-01 03:25:06,-31.91
1,2025-01-01 03:25:14,-32.13
1,2025-01-01 03:25:22,-33.19
1,2025-01-01 03:25:52,-32.93
1,2025-01-01 03:26:21,-33.06
1,2025-01-01 03:26:29,-32.57
1,2025-01-01 03:26:41,-33.29
1,2025-01-01 03:26:53,-33.8
1,2025-01-01 03:27:00,-33.27
1,2025-01-01 03:27:27,-34.07
1,2025-01-01 03:27:40,-33.87
1,2025-01-01 03:28:01,-32.86
1,2025-01-01 03:28:08,-33.12
1,2025-01-01 03:28:38,-32.31
1,2025-01-01 03:28:51,-33.26
1,2025-01-01 03:28:58,-33.24
1,2025-01-01 03:29:25,-32.3
1,2025-01-01 03:29:41,-32.09
1,2025-01-01 03:29:58,-32.22
1,2025-01-01 03:30:17,-32.96
1,2025-01-01 03:30:41,-33.48
1,2025-01-01 03:31:00,-34.16
1,2025-01-01 03:31:12,-34.11
1,2025-01-01 03:31:22,-34.13
1,2025-01-01 03:31:41,-33.72
1,2025-01-01 03:31:49,-33.57
1,2025-01-01 03:32:10,-33.99
1,2025-01-01 03:32:33,-34.96
1,2025-01-01 03:32:53,-34.44
1,2025-01-01 03:33:09,-33.39
1,2025-01-01 03:33:36,-34.43
1,2025-01-01 03:33:46,-34.16
1,2025-01-01 03:34:07,-33.63
1,2025-01-01 03:34:21,-33.71
1,2025-01-01 03:34:32,-33.28
1,2025-01-01 03:34:55,-34.23
1,2025-01-01 03:35:09,-34.49
1,2025-01-01 03:35:22,-34.92
1,2025-01-01 03:35:39,-34.32
1,2025-01-01 03:35:46,-33.25
1,2025-01-01 03:35:58,-33.08
1,2025-01-01 03:36:10,-33.85
1,2025-01-01 03:36:23,-34.5
1,2025-01-01 03:36:39,-33.99
1,2025-01-01 03:37:07,-33.78
1,2025-01-01 03:37:29,-33.2
1,2025-01-01 03:37:34,-32.2
1,2025-01-01 03:37:59,-31.25
1,2025-01-01 03:38:11,-31.93
1,2025-01-01 03:38:23,-32.54
1,2025-01-01 03:38:37,-31.91
1,2025-01-01 03:38:44,-32.2
1,2025-01-01 03:38:55,-33.3
1,2025-01-01 03:39:17,-34.36
1,2025-01-01 03:39:35,-33.99
1,2025-01-01 03:39:51,-33.84
1,2025-01-01 03:40:11,-34.75
1,2025-01-01 03:40:16,-34.9
1,2025-01-01 03:40:43,-35.77
1,2025-01-01 03:40:59,-36.17
1,2025-01-01 03:41:28,-36.47
1,2025-01-01 03:41:49,-36.62
1,2025-01-01 03:42:03,-36.32
1,2025-01-01 03:42:17,-36.18
1,2025-01-01 03:42:34,-35.28
1,2025-01-01 03:43:01,-35.43
1,2025-01-01 03:43:07,-34.74
1,2025-01-01 03:43:37,-34.76
1,2025-01-01 03:44:03,-34.77
1,2025-01-01 03:44:29,-34.04
1,2025-01-01 03:44:56,-34.83
1,2025-01-01 03:45:08,-34.38
1,2025-01-01 03:45:36,-34.3
1,2025-01-01 03:45:45,-33.36
1,2025-01-01 03:46:14,-33.15
1,2025-01-01 03:46:42,-32.36
1,2025-01-01 03:47:06,-32.6
1,2025-01-01 03:47:18,-32.61
1,2025-01-01 03:47:48,-33.57
1,2025-01-01 03:48:03,-33.25
1,2025-01-01 03:48:32,-32.7
1,2025-01-01 03:48:43,-32.99
1,2025-01-01 03:48:49,-32.8
1,2025-01-01 03:49:14,-32.53
1,2025-01-01 03:49:26,-32.51
1,2025-01-01 03:49:49,-33.02
1,2025-01-01 03:50:14,-33.07
1,2025-01-01 03:50:36,-33.44
1,2025-01-01 03:51:00,-33.82
1,2025-01-01 03:51:13,-34.49
1,2025-01-01 03:51:26,-33.99
1,2025-01-01 03:51:47,-33.72
1,2025-01-01 03:51:53,-34.0
1,2025-01-01 03:52:01,-34.0
1,2025-01-01 03:52:19,-34.17
1,2025-01-01 03:52:32,-34.12
1,2025-01-01 03:52:47,-34.37
1,2025-01-01 03:52:54,-34.63
1,2025-01-01 03:52:59,-34.8
1,2025-01-01 03:53:26,-34.59
1,2025-01-01 03:53:44,-34.4
1,2025-01-01 03:54:00,-33.32
1,2025-01-01 03:54:25,-33.53
1,2025-01-01 03:54:40,-32.94
1,2025-01-01 03:54:46,-33.28
1,2025-01-01 03:55:05,-33.81
1,2025-01-01 03:55:22,-33.97
1,2025-01-01 03:55:52,-34.7
1,2025-01-01 03:56:11,-34.68
1,2025-01-01 03:56:18,-34.85
1,2025-01-01 03:56:36,-34.64
1,2025-01-01 03:56:44,-34.79
1,2025-01-01 03:57:14,-34.21
1,2025-01-01 03:57:29,-34.81
1,2025-01-01 03:57:47,-35.1
1,2025-01-01 03:58:10,-34.96
1,2025-01-01 03:58:27,-34.39
1,2025-01-01 03:58:49,-34.37
1,2025-01-01 03:59:04,-33.9
1,2025-01-01 03:59:21,-34.24
1,2025-01-01 03:59:35,-33.68
1,2025-01-01 03:59:50,-33.97
1,2025-01-01 04:00:08,-34.4
1,2025-01-01 04:00:36,-33.39
1,2025-01-01 04:00:42,-32.72
1,2025-01-01 04:01:07,-32.6
1,2025-01-01 04:01:31,-33.35
1,2025-01-01 04:02:01,-32.87
1,2025-01-01 04:02:09,-32.54
1,2025-01-01 04:02:24,-31.51
1,2025-01-01 04:02:42,-30.88
1,2025-01-01 04:03:09,-30.42
1,2025-01-01 04:03:19,-29.83
1,2025-01-01 04:03:34,-30.26
1,2025-01-01 04:03:48,-31.32
1,2025-01-01 04:04:14,-30.78
1,2025-01-01 04:04:33,-30.14
1,2025-01-01 04:04:58,-30.84
1,2025-01-01 04:05:28,-31.23
1,2025-01-01 04:05:34,-31.09
1,2025-01-01 04:05:48,-31.81
1,2025-01-01 04:06:15,-31.08
1,2025-01-01 04:06:28,-30.98
1,2025-01-01 04:06:33,-31.49
1,2025-01-01 04:06:54,-31.44
1,2025-01-01 04:07:24,-32.15
1,2025-01-01 04:07:29,-32.43
1,2025-01-01 04:07:35,-31.54
1,2025-01-01 04:07:55,-31.95
1,2025-01-01 04:08:02,-31.72
1,2025-01-01 04:08:15,-30.76
1,2025-01-01 04:08:23,-31.38
1,2025-01-01 04:08:42,-31.11
1,2025-01-01 04:09:00,-30.49
1,2025-01-01 04:09:12,-29.64
1,2025-01-01 04:09:39,-29.85
1,2025-01-01 04:09:53,-29.12
1,2025-01-01 04:10:03,-29.35
1,2025-01-01 04:10:30,-30.24
1,2025-01-01 04:10:45,-31.18
1,2025-01-01 04:11:12,-31.36
1,2025-01-01 04:11:41,-32.3
1,2025-01-01 04:12:10,-32.23
1,2025-01-01 04:12:34,-31.38
1,2025-01-01 04:12:49,-31.27
1,2025-01-01 04:13:06,-32.29
1,2025-01-01 04:13:34,-33.35
1,2025-01-01 04:13:58,-34.27
1,2025-01-01 04:14:17,-34.61
1,2025-01-01 04:14:24,-35.08
1,2025-01-01 04:14:39,-34.83
1,2025-01-01 04:15:09,-35.19
1,2025-01-01 04:15:14,-35.54
1,2025-01-01 04:15:41,-34.72
1,2025-01-01 04:16:04,-34.29
1,2025-01-01 04:16:26,-33.19
1,2025-01-01 04:16:49,-32.77
1,2025-01-01 04:17:08,-33.61
1,2025-01-01 04:17:31,-33.94
1,2025-01-01 04:17:48,-33.71
1,2025-01-01 04:17:59,-34.42
1,2025-01-01 04:18:22,-33.58
1,2025-01-01 04:18:43,-33.12
1,2025-01-01 04:18:51,-33.31
1,2025-01-01 04:19:00,-33.28
1,2025-01-01 04:19:22,-33.8
1,2025-01-01 04:19:29,-33.38
1,2025-01-01 04:19:35,-33.09
1,2025-01-01 04:19:53,-34.15
1,2025-01-01 04:20:10,-34.77
1,2025-01-01 04:20:25,-33.78
1,2025-01-01 04:20:37,-34.53
1,2025-01-01 04:21:06,-34.14
1,2025-01-01 04:21:15,-34.79
1,2025-01-01 04:21:44,-34.61
1,2025-01-01 04:21:52,-33.94
1,2025-01-01 04:22:11,-34.63
1,2025-01-01 04:22:23,-34.87
1,2025-01-01 04:22:31,-35.67
1,2025-01-01 04:22:54,-34.95
1,2025-01-01 04:23:10,-35.29
1,2025-01-01 04:23:17,-35.28
1,2025-01-01 04:23:32,-34.59
1,2025-01-01 04:23:37,-33.78
1,2025-01-01 04:23:45,-33.2
1,2025-01-01 04:24:08,-32.58
1,2025-01-01 04:24:13,-32.24
1,2025-01-01 04:24:43,-31.14
1,2025-01-01 04:24:48,-32.12
1,2025-01-01 04:25:05,-31.96
1,2025-01-01 04:25:27,-31.61
1,2025-01-01 04:25:53,-32.55
1,2025-01-01 04:26:12,-32.06
1,2025-01-01 04:26:22,-33.02
1,2025-01-01 04:26:51,-33.18
1,2025-01-01 04:27:10,-32.86
1,2025-01-01 04:27:35,-32.77
1,2025-01-01 04:27:48,-32.64
1,2025-01-01 04:28:07,-32.34
1,2025-01-01 04:28:21,-31.3
1,2025-01-01 04:28:39,-30.79
1,2025-01-01 04:28:49,-31.35
1,2025-01-01 04:29:08,-32.08
1,2025-01-01 04:29:21,-31.71
1,2025-01-01 04:29:38,-30.97
1,2025-01-01 04:30:03,-29.89
1,2025-01-01 04:30:08,-30.19
1,2025-01-01 04:30:21,-30.61
1,2025-01-01 04:30:40,-30.88
1,2025-01-01 04:31:01,-31.63
1,2025-01-01 04:31:17,-30.97
1,2025-01-01 04:31:33,-30.99
1,2025-01-01 04:32:03,-30.82
1,2025-01-01 04:32:28,-31.06
1,2025-01-01 04:32:52,-30.71
1,2025-01-01 04:33:03,-30.62
1,2025-01-01 04:33:28,-30.63
1,2025-01-01 04:33:45,-29.6
1,2025-01-01 04:34:06,-30.28
1,2025-01-01 04:34:12,-30.97
1,2025-01-01 04:34:29,-31.42
1,2025-01-01 04:34:55,-31.83
1,2025-01-01 04:35:09,-32.18
1,2025-01-01 04:35:14,-32.07
1,2025-01-01 04:35:36,-33.14
1,2025-01-01 04:36:05,-32.06
1,2025-01-01 04:36:20,-32.01
1,2025-01-01 04:36:27,-32.28
1,2025-01-01 04:36:32,-31.37
1,2025-01-01 04:36:50,-32.03
1,2025-01-01 04:37:01,-32.88
1,2025-01-01 04:37:21,-32.64
1,2025-01-01 04:37:41,-31.94
1,2025-01-01 04:37:59,-31.09
1,2025-01-01 04:38:18,-31.4
1,2025-01-01 04:38:32,-30.97
1,2025-01-01 04:38:57,-30.92
1,2025-01-01 04:39:17,-31.61
1,2025-01-01 04:39:34,-31.22
1,2025-01-01 04:39:54,-30.48
1,2025-01-01 04:40:04,-31.3
1,2025-01-01 04:40:12,-30.78
1,2025-01-01 04:40:40,-29.94
1,2025-01-01 04:40:59,-29.65
1,2025-01-01 04:41:04,-30.01
1,2025-01-01 04:41:30,-31.09
1,2025-01-01 04:41:44,-31.41
1,2025-01-01 04:41:55,-31.54
1,2025-01-01 04:42:12,-31.26
1,2025-01-01 04:42:33,-31.36
1,2025-01-01 04:42:43,-31.2
1,2025-01-01 04:43:13,-31.79
1,2025-01-01 04:43:25,-32.17
1,2025-01-01 04:43:49,-32.45
1,2025-01-01 04:44:08,-33.19
1,2025-01-01 04:44:19,-32.54
1,2025-01-01 04:44:28,-32.9
1,2025-01-01 04:44:54,-32.21
1,2025-01-01 04:45:07,-31.54
1,2025-01-01 04:45:15,-31.74
1,2025-01-01 04:45:23,-30.87
1,2025-01-01 04:45:46,-30.82
1,2025-01-01 04:45:54,-30.01
1,2025-01-01 04:46:04,-30.11
1,2025-01-01 04:46:19,-31.02
1,2025-01-01 04:46:39,-31.57
1,2025-01-01 04:47:02,-32.4
1,2025-01-01 04:47:16,-31.47
1,2025-01-01 04:47:30,-32.28
1,2025-01-01 04:48:00,-32.67
1,2025-01-01 04:48:21,-32.51
1,2025-01-01 04:48:32,-33.06
1,2025-01-01 04:48:55,-33.54
1,2025-01-01 04:49:00,-32.9
1,2025-01-01 04:49:12,-32.54
1,2025-01-01 04:49:21,-31.51
1,2025-01-01 04:49:35,-31.44
1,2025-01-01 04:49:53,-30.71
1,2025-01-01 04:50:17,-30.64
1,2025-01-01 04:50:43,-30.04
1,2025-01-01 04:51:04,-30.14
1,2025-01-01 04:51:20,-30.66
1,2025-01-01 04:51:40,-31.43
1,2025-01-01 04:51:49,-31.28
1,2025-01-01 04:52:13,-32.14
1,2025-01-01 04:52:42,-32.91
1,2025-01-01 04:52:48,-31.89
1,2025-01-01 04:53:01,-31.03
1,2025-01-01 04:53:21,-31.83
1,2025-01-01 04:53:30,-32.03
1,2025-01-01 04:53:35,-31.25
1,2025-01-01 04:53:40,-30.66
1,2025-01-01 04:54:05,-30.9
1,2025-01-01 04:54:11,-31.95
1,2025-01-01 04:54:35,-31.6
1,2025-01-01 04:54:47,-31.73
1,2025-01-01 04:55:08,-31.08
1,2025-01-01 04:55:24,-31.87
1,2025-01-01 04:55:42,-30.97
1,2025-01-01 04:56:04,-30.69
1,2025-01-01 04:56:09,-30.63
1,2025-01-01 04:56:29,-29.81
1,2025-01-01 04:56:53,-29.38
1,2025-01-01 04:57:18,-29.33
1,2025-01-01 04:57:26,-28.92
1,2025-01-01 04:57:36,-28.07
1,2025-01-01 04:57:58,-27.55
1,2025-01-01 04:58:16,-28.39
1,2025-01-01 04:58:28,-29.41
1,2025-01-01 04:58:44,-29.57
1,2025-01-01 04:59:12,-29.94
1,2025-01-01 04:59:23,-30.48
1,2025-01-01 04:59:40,-29.76
1,2025-01-01 05:00:01,-28.98
1,2025-01-01 05:00:31,-29.89
1,2025-01-01 05:00:46,-30.64
1,2025-01-01 05:00:58,-30.16
1,2025-01-01 05:01:07,-30.61
1,2025-01-01 05:01:12,-30.55
1,2025-01-01 05:01:19,-31.55
1,2025-01-01 05:01:47,-32.57
1,2025-01-01 05:02:15,-33.08
1,2025-01-01 05:02:30,-32.48
1,2025-01-01 05:02:35,-33.15
1,2025-01-01 05:02:45,-33.89
1,2025-01-01 05:02:59,-34.0
1,2025-01-01 05:03:26,-34.05
1,2025-01-01 05:03:46,-34.43
1,2025-01-01 05:03:56,-34.91
1,2025-01-01 05:04:02,-33.85
1,2025-01-01 05:04:21,-32.96
1,2025-01-01 05:04:46,-32.81
1,2025-01-01 05:05:09,-31.86
1,2025-01-01 05:05:19,-32.81
1,2025-01-01 05:05:44,-32.63
1,2025-01-01 05:06:04,-31.92
1,2025-01-01 05:06:17,-31.62
1,2025-01-01 05:06:43,-30.72
1,2025-01-01 05:06:55,-30.96
1,2025-01-01 05:07:00,-32.05
1,2025-01-01 05:07:24,-31.35
1,2025-01-01 05:07:33,-31.36
1,2025-01-01 05:07:44,-31.32
1,2025-01-01 05:08:09,-31.23
1,2025-01-01 05:08:35,-30.83
1,2025-01-01 05:09:04,-30.45
1,2025-01-01 05:09:17,-31.2
1,2025-01-01 05:09:31,-30.99
1,2025-01-01 05:09:55,-31.62
1,2025-01-01 05:10:14,-31.34
1,2025-01-01 05:10:35,-32.29
1,2025-01-01 05:10:55,-32.06
1,2025-01-01 05:11:17,-31.88
1,2025-01-01 05:11:33,-30.85
1,2025-01-01 05:11:44,-30.87
1,2025-01-01 05:11:52,-30.09
1,2025-01-01 05:12:03,-29.72
1,2025-01-01 05:12:16,-29.14
1,2025-01-01 05:12:46,-30.23
1,2025-01-01 05:13:02,-30.48
1,2025-01-01 05:13:17,-29.96
1,2025-01-01 05:13:32,-30.25
1,2025-01-01 05:13:53,-29.62
1,2025-01-01 05:13:58,-30.69
1,2025-01-01 05:14:27,-30.47
1,2025-01-01 05:14:52,-31.23
1,2025-01-01 05:15:11,-31.57
1,2025-01-01 05:15:35,-30.48
1,2025-01-01 05:15:47,-29.67
1,2025-01-01 05:16:15,-30.53
1,2025-01-01 05:16:34,-30.43
1,2025-01-01 05:16:40,-30.05
1,2025-01-01 05:16:57,-30.96
1,2025-01-01 05:17:21,-30.27
1,2025-01-01 05:17:42,-31.11
1,2025-01-01 05:17:48,-31.62
1,2025-01-01 05:17:55,-31.95
1,2025-01-01 05:18:23,-32.03
1,2025-01-01 05:18:34,-31.68
1,2025-01-01 05:18:48,-30.62
1,2025-01-01 05:19:00,-30.26
1,2025-01-01 05:19:28,-30.18
1,2025-01-01 05:19:57,-30.59
1,2025-01-01 05:20:10,-29.71
1,2025-01-01 05:20:20,-30.46
1,2025-01-01 05:20:48,-30.6
1,2025-01-01 05:21:14,-30.75
1,2025-01-01 05:21:39,-29.7
1,2025-01-01 05:22:08,-30.53
1,2025-01-01 05:22:38,-29.57
1,2025-01-01 05:23:00,-29.82
1,2025-01-01 05:23:16,-30.69
1,2025-01-01 05:23:27,-29.75
1,2025-01-01 05:23:53,-29.04
1,2025-01-01 05:24:15,-30.07
1,2025-01-01 05:24:44,-31.0
1,2025-01-01 05:25:04,-31.81
1,2025-01-01 05:25:21,-31.99
1,2025-01-01 05:25:49,-33.04
1,2025-01-01 05:26:10,-32.95
1,2025-01-01 05:26:18,-32.41
1,2025-01-01 05:26:43,-33.24
1,2025-01-01 05:26:56,-33.11
1,2025-01-01 05:27:08,-34.17
1,2025-01-01 05:27:36,-34.01
1,2025-01-01 05:27:58,-33.37
1,2025-01-01 05:28:08,-32.56
1,2025-01-01 05:28:30,-33.32
1,2025-01-01 05:29:00,-33.01
1,2025-01-01 05:29:30,-33.26
1,2025-01-01 05:29:50,-33.62
1,2025-01-01 05:30:12,-33.74
1,2025-01-01 05:30:33,-34.24
1,2025-01-01 05:30:53,-34.1
1,2025-01-01 05:31:20,-33.85
1,2025-01-01 05:31:26,-34.69
1,2025-01-01 05:31:43,-35.78
1,2025-01-01 05:32:08,-34.92
1,2025-01-01 05:32:18,-35.59
1,2025-01-01 05:32:34,-35.04
1,2025-01-01 05:32:41,-35.77
1,2025-01-01 05:33:05,-36.76
1,2025-01-01 05:33:25,-36.5
1,2025-01-01 05:33:36,-36.16
1,2025-01-01 05:33:51,-36.6
1,2025-01-01 05:34:14,-36.03
1,2025-01-01 05:34:33,-36.94
1,2025-01-01 05:34:55,-36.19
1,2025-01-01 05:35:01,-35.44
1,2025-01-01 05:35:08,-35.92
1,2025-01-01 05:35:26,-35.02
1,2025-01-01 05:35:46,-34.51
1,2025-01-01 05:36:06,-35.25
1,2025-01-01 05:36:27,-36.01
1,2025-01-01 05:36:48,-35.26
1,2025-01-01 05:37:18,-34.65
1,2025-01-01 05:37:44,-34.12
1,2025-01-01 05:38:07,-33.1
1,2025-01-01 05:38:30,-33.0
1,2025-01-01 05:38:45,-33.43
1,2025-01-01 05:39:09,-33.58
1,2025-01-01 05:39:34,-32.77
1,2025-01-01 05:39:44,-33.01
1,2025-01-01 05:40:04,-33.42
1,2025-01-01 05:40:12,-33.97
1,2025-01-01 05:40:38,-34.44
1,2025-01-01 05:40:53,-34.94
1,2025-01-01 05:41:01,-35.64
1,2025-01-01 05:41:06,-36.55
1,2025-01-01 05:41:11,-35.89
1,2025-01-01 05:41:40,-36.04
1,2025-01-01 05:41:55,-36.39
1,2025-01-01 05:42:10,-36.14
1,2025-01-01 05:42:15,-36.16
1,2025-01-01 05:42:24,-36.33
1,2025-01-01 05:42:29,-36.44
1,2025-01-01 05:42:41,-36.18
1,2025-01-01 05:42:47,-35.79
1,2025-01-01 05:42:52,-36.24
1,2025-01-01 05:43:19,-36.8
1,2025-01-01 05:43:41,-35.86
1,2025-01-01 05:44:08,-34.93
1,2025-01-01 05:44:18,-34.14
1,2025-01-01 05:44:24,-33.63
1,2025-01-01 05:44:51,-33.85
1,2025-01-01 05:45:16,-33.84
1,2025-01-01 05:45:45,-34.42
1,2025-01-01 05:46:04,-33.58
1,2025-01-01 05:46:18,-33.44
1,2025-01-01 05:46:38,-32.5
1,2025-01-01 05:46:53,-31.69
1,2025-01-01 05:47:06,-32.29
1,2025-01-01 05:47:25,-32.97
1,2025-01-01 05:47:41,-32.31
1,2025-01-01 05:47:50,-31.36
1,2025-01-01 05:48:06,-31.24
1,2025-01-01 05:48:15,-30.73
1,2025-01-01 05:48:43,-30.21
1,2025-01-01 05:48:51,-30.29
1,2025-01-01 05:49:01,-29.67
1,2025-01-01 05:49:07,-29.56
1,2025-01-01 05:49:22,-30.55
1,2025-01-01 05:49:48,-29.6
1,2025-01-01 05:49:58,-28.55
1,2025-01-01 05:50:27,-28.93
1,2025-01-01 05:50:41,-29.14
1,2025-01-01 05:50:46,-28.14
1,2025-01-01 05:51:03,-28.85
1,2025-01-01 05:51:31,-29.24
1,2025-01-01 05:51:44,-28.26
1,2025-01-01 05:51:58,-28.29
1,2025-01-01 05:52:21,-28.79
1,2025-01-01 05:52:37,-28.85
1,2025-01-01 05:52:48,-29.7
1,2025-01-01 05:52:58,-30.17
1,2025-01-01 05:53:15,-29.92
1,2025-01-01 05:53:30,-30.09
1,2025-01-01 05:53:59,-30.58
1,2025-01-01 05:54:22,-31.04
1,2025-01-01 05:54:36,-31.24
1,2025-01-01 05:54:43,-31.12
1,2025-01-01 05:55:09,-30.02
1,2025-01-01 05:55:37,-29.32
1,2025-01-01 05:55:47,-29.16
1,2025-01-01 05:55:58,-29.96
1,2025-01-01 05:56:21,-29.89
1,2025-01-01 05:56:32,-29.12
1,2025-01-01 05:56:48,-29.82
1,2025-01-01 05:56:56,-30.8
1,2025-01-01 05:57:20,-30.74
1,2025-01-01 05:57:30,-29.91
1,2025-01-01 05:57:52,-29.55
1,2025-01-01 05:58:05,-30.49
1,2025-01-01 05:58:30,-30.71
1,2025-01-01 05:58:41,-29.64
1,2025-01-01 05:58:53,-29.71
1,2025-01-01 05:59:19,-30.3
1,2025-01-01 05:59:49,-29.24
1,2025-01-01 06:00:02,-29.0
1,2025-01-01 06:00:13,-28.8
1,2025-01-01 06:00:39,-28.3
1,2025-01-01 06:01:03,-27.94
1,2025-01-01 06:01:17,-27.49
1,2025-01-01 06:01:41,-27.79
1,2025-01-01 06:02:08,-28.03
1,2025-01-01 06:02:26,-27.39
1,2025-01-01 06:02:44,-26.81
1,2025-01-01 06:03:08,-27.41
1,2025-01-01 06:03:37,-27.16
1,2025-01-01 06:03:52,-26.13
1,2025-01-01 06:04:05,-27.2
1,2025-01-01 06:04:25,-26.33
1,2025-01-01 06:04:48,-25.73
1,2025-01-01 06:05:00,-25.24
1,2025-01-01 06:05:24,-25.48
1,2025-01-01 06:05:44,-24.84
1,2025-01-01 06:06:06,-23.79
1,2025-01-01 06:06:31,-23.19
1,2025-01-01 06:06:54,-22.85
1,2025-01-01 06:07:11,-21.84
1,2025-01-01 06:07:23,-21.78
1,2025-01-01 06:07:30,-22.14
1,2025-01-01 06:07:48,-22.94
1,2025-01-01 06:07:55,-23.66
1,2025-01-01 06:08:20,-22.78
1,2025-01-01 06:08:31,-23.51
1,2025-01-01 06:08:47,-23.13
1,2025-01-01 06:09:13,-23.66
1,2025-01-01 06:09:20,-23.18
1,2025-01-01 06:09:31,-22.44
1,2025-01-01 06:09:59,-22.05
1,2025-01-01 06:10:21,-21.53
1,2025-01-01 06:10:32,-20.79
1,2025-01-01 06:11:02,-21.83
1,2025-01-01 06:11:13,-22.81
1,2025-01-01 06:11:33,-23.35
1,2025-01-01 06:12:03,-24.36
1,2025-01-01 06:12:28,-23.29
1,2025-01-01 06:12:46,-22.9
1,2025-01-01 06:13:14,-23.49
1,2025-01-01 06:13:22,-24.46
1,2025-01-01 06:13:39,-24.86
1,2025-01-01 06:14:06,-23.87
1,2025-01-01 06:14:33,-24.67
1,2025-01-01 06:14:57,-25.2
1,2025-01-01 06:15:14,-25.16
1,2025-01-01 06:15:31,-24.06
1,2025-01-01 06:15:36,-24.62
1,2025-01-01 06:15:44,-24.07
1,2025-01-01 06:16:07,-25.05
1,2025-01-01 06:16:35,-24.76
1,2025-01-01 06:16:41,-25.2
1,2025-01-01 06:17:01,-24.91
1,2025-01-01 06:17:17,-25.79
1,2025-01-01 06:17:34,-25.18
1,2025-01-01 06:18:03,-26.01
1,2025-01-01 06:18:24,-26.7
1,2025-01-01 06:18:40,-26.07
1,2025-01-01 06:18:57,-26.66
1,2025-01-01 06:19:14,-25.71
1,2025-01-01 06:19:41,-26.11
1,2025-01-01 06:19:50,-26.76
1,2025-01-01 06:20:18,-27.48
1,2025-01-01 06:20:42,-27.3
1,2025-01-01 06:21:01,-27.73
1,2025-01-01 06:21:14,-26.7
1,2025-01-01 06:21:21,-26.91
1,2025-01-01 06:21:35,-26.8
1,2025-01-01 06:21:47,-25.89
1,2025-01-01 06:22:02,-25.62
1,2025-01-01 06:22:10,-25.0
1,2025-01-01 06:22:16,-25.54
1,2025-01-01 06:22:29,-24.53
1,2025-01-01 06:22:37,-24.64
1,2025-01-01 06:23:01,-24.12
1,2025-01-01 06:23:12,-24.77
1,2025-01-01 06:23:27,-23.82
1,2025-01-01 06:23:52,-23.58
1,2025-01-01 06:24:21,-23.3
1,2025-01-01 06:24:46,-22.66
1,2025-01-01 06:25:04,-23.52
1,2025-01-01 06:25:30,-23.51
1,2025-01-01 06:25:59,-23.26
1,2025-01-01 06:26:12,-23.73
1,2025-01-01 06:26:41,-22.66
1,2025-01-01 06:26:59,-23.26
1,2025-01-01 06:27:24,-23.75
1,2025-01-01 06:27:48,-24.11
1,2025-01-01 06:28:12,-24.37
1,2025-01-01 06:28:42,-25.21
1,2025-01-01 06:28:50,-24.98
1,2025-01-01 06:29:16,-25.74
1,2025-01-01 06:29:34,-26.48
1,2025-01-01 06:30:01,-27.49
1,2025-01-01 06:30:15,-26.39
1,2025-01-01 06:30:38,-25.32
1,2025-01-01 06:30:43,-26.12
1,2025-01-01 06:31:00,-26.84
1,2025-01-01 06:31:05,-26.89
1,2025-01-01 06:31:25,-26.5
1,2025-01-01 06:31:44,-26.65
1,2025-01-01 06:31:57,-27.65
1,2025-01-01 06:32:21,-26.64
1,2025-01-01 06:32:33,-25.8
1,2025-01-01 06:32:55,-26.77
1,2025-01-01 06:33:06,-26.88
1,2025-01-01 06:33:20,-26.25
1,2025-01-01 06:33:34,-25.69
1,2025-01-01 06:33:54,-26.07
1,2025-01-01 06:34:18,-25.99
1,2025-01-01 06:34:29,-27.05
1,2025-01-01 06:34:53,-28.0
1,2025-01-01 06:35:08,-27.5
1,2025-01-01 06:35:30,-27.41
1,2025-01-01 06:35:43,-26.76
1,2025-01-01 06:35:51,-27.11
1,2025-01-01 06:36:04,-26.17
1,2025-01-01 06:36:13,-25.08
1,2025-01-01 06:36:41,-24.16
1,2025-01-01 06:37:02,-25.06
1,2025-01-01 06:37:20,-25.09
1,2025-01-01 06:37:36,-24.73
1,2025-01-01 06:37:45,-23.74
1,2025-01-01 06:37:54,-22.75
1,2025-01-01 06:38:06,-21.79
1,2025-01-01 06:38:11,-20.98
1,2025-01-01 06:38:39,-21.51
1,2025-01-01 06:39:06,-21.36
1,2025-01-01 06:39:21,-21.81
1,2025-01-01 06:39:31,-21.75
1,2025-01-01 06:39:51,-20.8
1,2025-01-01 06:40:06,-21.03
1,2025-01-01 06:40:35,-19.96
1,2025-01-01 06:41:05,-18.87
1,2025-01-01 06:41:29,-18.73
1,2025-01-01 06:41:50,-18.3
1,2025-01-01 06:42:16,-17.46
1,2025-01-01 06:42:21,-18.34
1,2025-01-01 06:42:38,-18.78
1,2025-01-01 06:43:01,-19.4
1,2025-01-01 06:43:31,-19.79
1,2025-01-01 06:43:56,-19.32
1,2025-01-01 06:44:20,-19.19
1,2025-01-01 06:44:36,-19.65
1,2025-01-01 06:44:42,-19.77
1,2025-01-01 06:44:47,-18.8
1,2025-01-01 06:45:11,-18.64
1,2025-01-01 06:45:31,-19.49
1,2025-01-01 06:45:57,-19.64
1,2025-01-01 06:46:24,-19.76
1,2025-01-01 06:46:41,-20.12
1,2025-01-01 06:46:58,-19.44
1,2025-01-01 06:47:04,-18.49
1,2025-01-01 06:47:32,-17.9
1,2025-01-01 06:47:40,-17.0
1,2025-01-01 06:47:54,-16.99
1,2025-01-01 06:48:17,-16.74
1,2025-01-01 06:48:30,-17.42
1,2025-01-01 06:48:48,-18.07
1,2025-01-01 06:49:18,-17.84
1,2025-01-01 06:49:48,-17.72
1,2025-01-01 06:50:18,-18.58
1,2025-01-01 06:50:27,-17.98
1,2025-01-01 06:50:55,-17.77
1,2025-01-01 06:51:25,-18.75
1,2025-01-01 06:51:33,-18.84
1,2025-01-01 06:51:54,-18.48
1,2025-01-01 06:52:18,-18.43
1,2025-01-01 06:52:46,-19.42
1,2025-01-01 06:53:06,-18.61
1,2025-01-01 06:53:22,-17.95
1,2025-01-01 06:53:30,-18.86
1,2025-01-01 06:53:41,-19.05
1,2025-01-01 06:53:59,-18.36
1,2025-01-01 06:54:04,-17.92
1,2025-01-01 06:54:33,-18.73
1,2025-01-01 06:54:38,-18.96
1,2025-01-01 06:54:51,-18.43
1,2025-01-01 06:55:12,-17.91
1,2025-01-01 06:55:40,-17.27
1,2025-01-01 06:55:58,-16.98
1,2025-01-01 06:56:28,-17.95
1,2025-01-01 06:56:55,-17.88
1,2025-01-01 06:57:12,-18.69
1,2025-01-01 06:57:34,-18.48
1,2025-01-01 06:57:47,-17.41
1,2025-01-01 06:58:00,-18.27
1,2025-01-01 06:58:23,-18.75
1,2025-01-01 06:58:53,-19.56
1,2025-01-01 06:59:18,-19.23
1,2025-01-01 06:59:26,-18.83
1,2025-01-01 06:59:32,-19.5
1,2025-01-01 06:59:59,-19.22
1,2025-01-01 07:00:27,-18.4
1,2025-01-01 07:00:52,-19.42
1,2025-01-01 07:01:03,-20.27
1,2025-01-01 07:01:26,-19.59
1,2025-01-01 07:01:54,-19.56
1,2025-01-01 07:02:02,-18.77
1,2025-01-01 07:02:29,-19.66
1,2025-01-01 07:02:36,-20.74
1,2025-01-01 07:03:01,-20.03
1,2025-01-01 07:03:31,-20.96
1,2025-01-01 07:03:48,-21.58
1,2025-01-01 07:03:54,-21.68
1,2025-01-01 07:03:59,-20.66
1,2025-01-01 07:04:14,-19.96
1,2025-01-01 07:04:33,-18.99
1,2025-01-01 07:04:39,-18.69
1,2025-01-01 07:04:51,-17.79
1,2025-01-01 07:05:03,-18.58
1,2025-01-01 07:05:28,-18.09
1,2025-01-01 07:05:44,-17.4
1,2025-01-01 07:06:14,-17.17
1,2025-01-01 07:06:25,-16.93
1,2025-01-01 07:06:40,-16.69
1,2025-01-01 07:07:06,-15.72
1,2025-01-01 07:07:36,-15.54
1,2025-01-01 07:07:54,-15.15
1,2025-01-01 07:08:19,-15.26
1,2025-01-01 07:08:47,-14.29
1,2025-01-01 07:08:57,-15.08
1,2025-01-01 07:09:09,-14.3
1,2025-01-01 07:09:25,-14.82
1,2025-01-01 07:09:37,-14.58
1,2025-01-01 07:09:55,-15.29
1,2025-01-01 07:10:21,-14.54
1,2025-01-01 07:10:36,-13.54
1,2025-01-01 07:10:42,-13.88
1,2025-01-01 07:10:48,-14.15
1,2025-01-01 07:11:12,-14.38
1,2025-01-01 07:11:22,-15.33
1,2025-01-01 07:11:43,-15.79
1,2025-01-01 07:12:09,-15.98
1,2025-01-01 07:12:34,-15.01
1,2025-01-01 07:13:04,-14.41
1,2025-01-01 07:13:13,-13.85
1,2025-01-01 07:13:24,-13.07
1,2025-01-01 07:13:50,-12.77
1,2025-01-01 07:13:57,-11.9
1,2025-01-01 07:14:10,-12.73
1,2025-01-01 07:14:15,-12.65
1,2025-01-01 07:14:42,-12.98
1,2025-01-01 07:15:12,-12.9
1,2025-01-01 07:15:23,-12.92
1,2025-01-01 07:15:47,-13.34
1,2025-01-01 07:15:52,-13.07
1,2025-01-01 07:16:05,-13.53
1,2025-01-01 07:16:31,-12.86
1,2025-01-01 07:16:58,-12.55
1,2025-01-01 07:17:28,-11.66
1,2025-01-01 07:17:38,-12.27
1,2025-01-01 07:18:00,-12.12
1,2025-01-01 07:18:13,-12.8
1,2025-01-01 07:18:18,-12.67
1,2025-01-01 07:18:40,-12.0
1,2025-01-01 07:19:02,-11.94
1,2025-01-01 07:19:15,-10.95
1,2025-01-01 07:19:44,-11.19
1,2025-01-01 07:19:50,-11.83
1,2025-01-01 07:20:02,-12.08
1,2025-01-01 07:20:11,-11.72
1,2025-01-01 07:20:37,-10.92
1,2025-01-01 07:20:47,-10.32
1,2025-01-01 07:21:12,-10.21
1,2025-01-01 07:21:21,-10.85
1,2025-01-01 07:21:49,-10.2
1,2025-01-01 07:22:14,-9.15
1,2025-01-01 07:22:44,-9.13
1,2025-01-01 07:23:07,-9.89
1,2025-01-01 07:23:27,-10.81
1,2025-01-01 07:23:46,-10.16
1,2025-01-01 07:24:05,-10.76
1,2025-01-01 07:24:31,-10.97
1,2025-01-01 07:24:48,-10.17
1,2025-01-01 07:25:17,-10.73
1,2025-01-01 07:25:46,-11.11
1,2025-01-01 07:26:02,-11.02
1,2025-01-01 07:26:14,-11.43
1,2025-01-01 07:26:22,-12.04
1,2025-01-01 07:26:44,-12.22
1,2025-01-01 07:26:54,-12.89
1,2025-01-01 07:27:21,-12.42
1,2025-01-01 07:27:48,-11.48
1,2025-01-01 07:28:15,-11.36
1,2025-01-01 07:28:23,-11.64
1,2025-01-01 07:28:46,-11.43
1,2025-01-01 07:29:06,-10.38
1,2025-01-01 07:29:24,-10.83
1,2025-01-01 07:29:43,-9.92
1,2025-01-01 07:30:11,-9.84
1,2025-01-01 07:30:40,-9.83
1,2025-01-01 07:30:48,-10.12
1,2025-01-01 07:31:02,-10.06
1,2025-01-01 07:31:21,-9.96
1,2025-01-01 07:31:43,-10.47
1,2025-01-01 07:31:49,-10.87
1,2025-01-01 07:32:12,-11.15
1,2025-01-01 07:32:22,-11.88
1,2025-01-01 07:32:50,-11.03
1,2025-01-01 07:33:14,-11.63
1,2025-01-01 07:33:44,-10.88
1,2025-01-01 07:34:14,-10.57
1,2025-01-01 07:34:37,-10.49
1,2025-01-01 07:35:02,-10.8
1,2025-01-01 07:35:20,-10.98
1,2025-01-01 07:35:50,-10.0
1,2025-01-01 07:35:56,-9.2
1,2025-01-01 07:36:06,-9.05
1,2025-01-01 07:36:24,-8.04
1,2025-01-01 07:36:33,-7.81
1,2025-01-01 07:36:45,-6.95
1,2025-01-01 07:37:12,-7.83
1,2025-01-01 07:37:39,-7.28
1,2025-01-01 07:38:01,-8.02
1,2025-01-01 07:38:24,-8.85
1,2025-01-01 07:38:46,-9.13
1,2025-01-01 07:39:16,-9.81
1,2025-01-01 07:39:46,-9.82
1,2025-01-01 07:39:53,-10.18
1,2025-01-01 07:40:22,-9.93
1,2025-01-01 07:40:43,-9.1
1,2025-01-01 07:41:09,-9.5
1,2025-01-01 07:41:30,-8.91
1,2025-01-01 07:41:59,-8.43
1,2025-01-01 07:42:23,-8.2
1,2025-01-01 07:42:48,-7.23
1,2025-01-01 07:42:56,-7.7
1,2025-01-01 07:43:07,-6.93
1,2025-01-01 07:43:31,-6.47
1,2025-01-01 07:43:42,-5.42
1,2025-01-01 07:43:59,-5.35
1,2025-01-01 07:44:20,-6.21
1,2025-01-01 07:44:36,-6.43
1,2025-01-01 07:44:46,-7.03
1,2025-01-01 07:44:56,-6.23
1,2025-01-01 07:45:26,-7.2
1,2025-01-01 07:45:39,-7.79
1,2025-01-01 07:46:08,-7.89
1,2025-01-01 07:46:15,-8.69
1,2025-01-01 07:46:37,-8.24
1,2025-01-01 07:46:57,-7.49
1,2025-01-01 07:47:17,-8.43
1,2025-01-01 07:47:28,-8.67
1,2025-01-01 07:47:48,-7.9
1,2025-01-01 07:48:00,-6.9
1,2025-01-01 07:48:30,-5.99
1,2025-01-01 07:48:55,-5.89
1,2025-01-01 07:49:11,-6.89
1,2025-01-01 07:49:22,-7.78
1,2025-01-01 07:49:52,-6.89
1,2025-01-01 07:50:11,-7.0
1,2025-01-01 07:50:26,-6.33
1,2025-01-01 07:50:32,-7.27
1,2025-01-01 07:50:38,-7.75
1,2025-01-01 07:50:49,-7.31
1,2025-01-01 07:51:00,-6.9
1,2025-01-01 07:51:24,-7.25
1,2025-01-01 07:51:39,-6.95
1,2025-01-01 07:51:59,-7.47
1,2025-01-01 07:52:04,-7.22
1,2025-01-01 07:52:27,-7.46
1,2025-01-01 07:52:32,-6.83
1,2025-01-01 07:52:43,-7.63
1,2025-01-01 07:52:56,-6.79
1,2025-01-01 07:53:16,-7.31
1,2025-01-01 07:53:29,-8.29
1,2025-01-01 07:53:38,-8.86
1,2025-01-01 07:53:44,-9.96
1,2025-01-01 07:54:01,-10.76
1,2025-01-01 07:54:14,-10.81
1,2025-01-01 07:54:24,-11.89
1,2025-01-01 07:54:50,-12.38
1,2025-01-01 07:55:17,-13.12
1,2025-01-01 07:55:44,-12.53
1,2025-01-01 07:55:52,-12.05
1,2025-01-01 07:56:08,-12.13
1,2025-01-01 07:56:35,-11.22
1,2025-01-01 07:57:02,-11.61
1,2025-01-01 07:57:27,-11.1
1,2025-01-01 07:57:37,-10.1
1,2025-01-01 07:57:44,-11.2
1,2025-01-01 07:58:06,-10.61
1,2025-01-01 07:58:14,-10.25
1,2025-01-01 07:58:44,-9.77
1,2025-01-01 07:59:11,-9.33
1,2025-01-01 07:59:28,-9.44
1,2025-01-01 07:59:43,-8.42
1,2025-01-01 08:00:00,-8.35
1,2025-01-01 08:00:22,-7.79
1,2025-01-01 08:00:36,-7.26
1,2025-01-01 08:00:49,-7.77
1,2025-01-01 08:01:19,-7.56
1,2025-01-01 08:01:32,-6.75
1,2025-01-01 08:01:43,-7.12
1,2025-01-01 08:01:55,-7.43
1,2025-01-01 08:02:20,-7.27
1,2025-01-01 08:02:40,-7.29
1,2025-01-01 08:02:56,-8.28
1,2025-01-01 08:03:17,-8.8
1,2025-01-01 08:03:37,-8.62
1,2025-01-01 08:03:59,-8.59
1,2025-01-01 08:04:13,-8.14
1,2025-01-01 08:04:43,-7.53
1,2025-01-01 08:04:58,-7.38
1,2025-01-01 08:05:23,-6.28
1,2025-01-01 08:05:30,-6.97
1,2025-01-01 08:05:50,-7.67
1,2025-01-01 08:06:19,-7.22
1,2025-01-01 08:06:43,-8.18
1,2025-01-01 08:07:06,-8.81
1,2025-01-01 08:07:12,-8.36
1,2025-01-01 08:07:29,-7.77
1,2025-01-01 08:07:51,-8.57
1,2025-01-01 08:08:14,-8.78
1,2025-01-01 08:08:21,-9.35
1,2025-01-01 08:08:47,-9.5
1,2025-01-01 08:08:57,-8.58
1,2025-01-01 08:09:12,-7.56
1,2025-01-01 08:09:40,-7.98
1,2025-01-01 08:10:08,-8.71
1,2025-01-01 08:10:21,-9.5
1,2025-01-01 08:10:30,-8.78
1,2025-01-01 08:10:53,-8.73
1,2025-01-01 08:11:08,-9.51
1,2025-01-01 08:11:25,-9.05
1,2025-01-01 08:11:48,-7.97
1,2025-01-01 08:12:15,-8.31
1,2025-01-01 08:12:33,-9.14
1,2025-01-01 08:12:52,-8.95
1,2025-01-01 08:13:02,-8.97
1,2025-01-01 08:13:23,-8.12
1,2025-01-01 08:13:52,-8.45
1,2025-01-01 08:14:06,-8.01
1,2025-01-01 08:14:35,-6.97
1,2025-01-01 08:14:40,-6.35
1,2025-01-01 08:14:49,-5.43
1,2025-01-01 08:15:10,-5.63
1,2025-01-01 08:15:26,-4.53
1,2025-01-01 08:15:37,-3.61
1,2025-01-01 08:15:44,-3.91
1,2025-01-01 08:16:01,-3.45
1,2025-01-01 08:16:27,-3.95
1,2025-01-01 08:16:38,-3.09
1,2025-01-01 08:16:50,-3.77
1,2025-01-01 08:17:20,-4.58
1,2025-01-01 08:17:33,-4.74
1,2025-01-01 08:17:49,-5.71
1,2025-01-01 08:18:03,-4.88
1,2025-01-01 08:18:11,-4.71
1,2025-01-01 08:18:18,-5.51
1,2025-01-01 08:18:26,-4.99
1,2025-01-01 08:18:43,-3.93
1,2025-01-01 08:18:48,-3.74
1,2025-01-01 08:19:13,-4.64
1,2025-01-01 08:19:38,-5.42
1,2025-01-01 08:20:00,-5.69
1,2025-01-01 08:20:09,-5.31
1,2025-01-01 08:20:38,-5.75
1,2025-01-01 08:20:45,-6.47
1,2025-01-01 08:20:57,-5.64
1,2025-01-01 08:21:10,-5.14
1,2025-01-01 08:21:29,-4.56
1,2025-01-01 08:21:38,-4.39
1,2025-01-01 08:21:47,-4.56
1,2025-01-01 08:22:01,-5.33
1,2025-01-01 08:22:29,-5.82
1,2025-01-01 08:22:34,-6.39
1,2025-01-01 08:22:49,-5.68
1,2025-01-01 08:23:16,-5.54
1,2025-01-01 08:23:45,-4.98
1,2025-01-01 08:24:15,-3.9
1,2025-01-01 08:24:44,-4.3
1,2025-01-01 08:25:10,-4.49
1,2025-01-01 08:25:38,-3.49
1,2025-01-01 08:26:04,-4.14
1,2025-01-01 08:26:21,-4.51
1,2025-01-01 08:26:50,-3.73
1,2025-01-01 08:27:14,-3.89
1,2025-01-01 08:27:22,-4.13
1,2025-01-01 08:27:35,-4.87
1,2025-01-01 08:27:51,-4.66
1,2025-01-01 08:28:01,-5.57
1,2025-01-01 08:28:21,-5.43
1,2025-01-01 08:28:49,-4.83
1,2025-01-01 08:29:16,-5.21
1,2025-01-01 08:29:36,-5.94
1,2025-01-01 08:30:04,-6.09
1,2025-01-01 08:30:26,-5.31
1,2025-01-01 08:30:48,-5.78
1,2025-01-01 08:30:54,-5.5
1,2025-01-01 08:31:19,-5.13
1,2025-01-01 08:31:28,-4.08
1,2025-01-01 08:31:56,-4.74
1,2025-01-01 08:32:21,-4.12
1,2025-01-01 08:32:26,-3.08
1,2025-01-01 08:32:48,-3.06
1,2025-01-01 08:33:11,-2.11
1,2025-01-01 08:33:18,-2.97
1,2025-01-01 08:33:42,-3.12
1,2025-01-01 08:34:08,-2.36
1,2025-01-01 08:34:32,-3.01
1,2025-01-01 08:34:53,-3.97
1,2025-01-01 08:34:58,-4.26
1,2025-01-01 08:35:22,-5.16
1,2025-01-01 08:35:46,-6.17
1,2025-01-01 08:36:16,-6.64
1,2025-01-01 08:36:27,-7.5
1,2025-01-01 08:36:35,-6.79
1,2025-01-01 08:36:56,-7.26
1,2025-01-01 08:37:16,-6.78
1,2025-01-01 08:37:35,-7.09
1,2025-01-01 08:38:03,-6.82
1,2025-01-01 08:38:26,-6.98
1,2025-01-01 08:38:39,-6.65
1,2025-01-01 08:38:49,-5.93
1,2025-01-01 08:38:58,-5.94
1,2025-01-01 08:39:05,-6.16
1,2025-01-01 08:39:25,-5.26
1,2025-01-01 08:39:31,-4.37
1,2025-01-01 08:39:49,-3.35
1,2025-01-01 08:40:14,-3.66
1,2025-01-01 08:40:35,-3.69
1,2025-01-01 08:40:52,-3.58
1,2025-01-01 08:41:02,-3.83
1,2025-01-01 08:41:20,-4.61
1,2025-01-01 08:41:37,-4.62
1,2025-01-01 08:41:57,-5.38
1,2025-01-01 08:42:24,-4.47
1,2025-01-01 08:42:33,-5.06
1,2025-01-01 08:42:45,-4.48
1,2025-01-01 08:43:03,-5.13
1,2025-01-01 08:43:13,-5.99
1,2025-01-01 08:43:35,-5.23
1,2025-01-01 08:43:56,-5.12
1,2025-01-01 08:44:15,-5.15
1,2025-01-01 08:44:42,-4.12
1,2025-01-01 08:45:10,-3.56
1,2025-01-01 08:45:21,-2.9
1,2025-01-01 08:45:38,-3.77
1,2025-01-01 08:45:49,-3.15
1,2025-01-01 08:45:55,-3.08
1,2025-01-01 08:46:09,-2.98
1,2025-01-01 08:46:19,-3.42
1,2025-01-01 08:46:33,-2.43
1,2025-01-01 08:46:57,-3.01
1,2025-01-01 08:47:21,-3.35
1,2025-01-01 08:47:39,-2.97
1,2025-01-01 08:48:07,-2.3
1,2025-01-01 08:48:31,-2.79
1,2025-01-01 08:48:54,-2.91
1,2025-01-01 08:49:08,-2.03
1,2025-01-01 08:49:22,-0.95
1,2025-01-01 08:49:50,-1.27
1,2025-01-01 08:50:19,-1.17
1,2025-01-01 08:50:28,-1.86
1,2025-01-01 08:50:47,-1.39
1,2025-01-01 08:51:12,-2.47
1,2025-01-01 08:51:21,-3.2
1,2025-01-01 08:51:30,-2.8
1,2025-01-01 08:51:40,-3.39
1,2025-01-01 08:52:09,-3.83
1,2025-01-01 08:52:38,-3.77
1,2025-01-01 08:52:49,-3.56
1,2025-01-01 08:53:04,-3.55
1,2025-01-01 08:53:19,-4.26
1,2025-01-01 08:53:45,-4.54
1,2025-01-01 08:54:04,-4.9
1,2025-01-01 08:54:16,-4.34
1,2025-01-01 08:54:21,-4.68
1,2025-01-01 08:54:43,-4.14
1,2025-01-01 08:54:59,-3.61
1,2025-01-01 08:55:22,-4.24
1,2025-01-01 08:55:33,-3.71
1,2025-01-01 08:56:02,-3.68
1,2025-01-01 08:56:10,-4.22
1,2025-01-01 08:56:29,-4.34
1,2025-01-01 08:56:50,-5.4
1,2025-01-01 08:57:02,-4.73
1,2025-01-01 08:57:26,-4.86
1,2025-01-01 08:57:45,-4.04
1,2025-01-01 08:58:12,-3.35
1,2025-01-01 08:58:35,-2.97
1,2025-01-01 08:58:56,-3.11
1,2025-01-01 08:59:22,-2.37
1,2025-01-01 08:59:40,-3.14
1,2025-01-01 09:00:09,-2.09
1,2025-01-01 09:00:35,-1.19
1,2025-01-01 09:00:59,-1.69
1,2025-01-01 09:01:09,-1.19
1,2025-01-01 09:01:16,-2.09
1,2025-01-01 09:01:21,-1.27
1,2025-01-01 09:01:50,-0.62
1,2025-01-01 09:02:17,-1.06
1,2025-01-01 09:02:41,-1.28
1,2025-01-01 09:03:10,-0.27
1,2025-01-01 09:03:22,0.72
1,2025-01-01 09:03:52,1.02
1,2025-01-01 09:04:18,1.0
1,2025-01-01 09:04:47,-0.06
1,2025-01-01 09:05:16,0.78
1,2025-01-01 09:05:44,1.0
1,2025-01-01 09:06:13,1.02
1,2025-01-01 09:06:24,0.56
1,2025-01-01 09:06:35,1.63
1,2025-01-01 09:06:59,1.3
1,2025-01-01 09:07:21,0.38
1,2025-01-01 09:07:45,1.07
1,2025-01-01 09:07:51,1.62
1,2025-01-01 09:08:08,0.87
1,2025-01-01 09:08:36,1.79
1,2025-01-01 09:08:59,2.4
1,2025-01-01 09:09:14,1.49
1,2025-01-01 09:09:41,2.51
1,2025-01-01 09:10:02,3.41
1,2025-01-01 09:10:25,2.87
1,2025-01-01 09:10:30,2.06
1,2025-01-01 09:10:54,2.61
1,2025-01-01 09:11:00,1.81
1,2025-01-01 09:11:16,2.82
1,2025-01-01 09:11:36,3.18
1,2025-01-01 09:12:01,4.18
1,2025-01-01 09:12:29,4.1
1,2025-01-01 09:12:41,4.65
1,2025-01-01 09:12:51,4.78
1,2025-01-01 09:13:07,5.47
1,2025-01-01 09:13:34,5.18
1,2025-01-01 09:13:41,4.91
1,2025-01-01 09:14:11,5.06
1,2025-01-01 09:14:24,5.08
1,2025-01-01 09:14:41,4.98
1,2025-01-01 09:14:47,5.96
1,2025-01-01 09:15:02,5.86
1,2025-01-01 09:15:23,5.86
1,2025-01-01 09:15:41,4.81
1,2025-01-01 09:15:51,4.56
1,2025-01-01 09:16:15,4.87
1,2025-01-01 09:16:32,4.73
1,2025-01-01 09:16:46,3.8
1,2025-01-01 09:16:59,4.21
1,2025-01-01 09:17:05,3.98
1,2025-01-01 09:17:21,3.47
1,2025-01-01 09:17:28,4.23
1,2025-01-01 09:17:47,3.75
1,2025-01-01 09:18:00,4.04
1,2025-01-01 09:18:11,3.69
1,2025-01-01 09:18:28,3.9
1,2025-01-01 09:18:47,4.37
1,2025-01-01 09:19:14,5.15
1,2025-01-01 09:19:30,5.86
1,2025-01-01 09:19:35,6.54
1,2025-01-01 09:19:57,6.3
1,2025-01-01 09:20:05,6.15
1,2025-01-01 09:20:32,5.99
1,2025-01-01 09:20:51,5.23
1,2025-01-01 09:21:06,4.78
1,2025-01-01 09:21:32,3.75
1,2025-01-01 09:21:48,4.74
1,2025-01-01 09:21:55,4.52
1,2025-01-01 09:22:22,4.72
1,2025-01-01 09:22:52,4.25
1,2025-01-01 09:22:59,4.4
1,2025-01-01 09:23:14,4.62
1,2025-01-01 09:23:40,4.5
1,2025-01-01 09:23:54,4.07
1,2025-01-01 09:24:19,4.61
1,2025-01-01 09:24:27,5.03
1,2025-01-01 09:24:53,5.56
1,2025-01-01 09:25:01,5.98
1,2025-01-01 09:25:19,5.69
1,2025-01-01 09:25:32,4.74
1,2025-01-01 09:25:52,4.6
1,2025-01-01 09:26:15,4.28
1,2025-01-01 09:26:22,4.07
1,2025-01-01 09:26:28,3.71
1,2025-01-01 09:26:38,3.22
1,2025-01-01 09:26:50,2.49
1,2025-01-01 09:27:17,1.54
1,2025-01-01 09:27:31,2.17
1,2025-01-01 09:27:51,2.0
1,2025-01-01 09:28:18,2.17
1,2025-01-01 09:28:33,2.65
1,2025-01-01 09:28:57,2.46
1,2025-01-01 09:29:22,1.55
1,2025-01-01 09:29:50,0.97
1,2025-01-01 09:30:08,1.04
1,2025-01-01 09:30:25,1.66
1,2025-01-01 09:30:52,2.6
1,2025-01-01 09:31:21,3.44
1,2025-01-01 09:31:35,2.42
1,2025-01-01 09:31:50,1.44
1,2025-01-01 09:31:55,2.45
1,2025-01-01 09:32:18,3.16
1,2025-01-01 09:32:37,2.37
1,2025-01-01 09:32:52,3.27
1,2025-01-01 09:33:15,2.44
1,2025-01-01 09:33:22,2.96
1,2025-01-01 09:33:47,2.23
1,2025-01-01 09:34:04,2.12
1,2025-01-01 09:34:32,1.76
1,2025-01-01 09:34:57,1.84
1,2025-01-01 09:35:16,2.79
1,2025-01-01 09:35:40,2.93
1,2025-01-01 09:35:52,2.25
1,2025-01-01 09:36:17,2.37
1,2025-01-01 09:36:37,3.03
1,2025-01-01 09:36:42,4.1
1,2025-01-01 09:37:08,3.76
1,2025-01-01 09:37:19,3.39
1,2025-01-01 09:37:45,4.03
1,2025-01-01 09:37:59,3.07
1,2025-01-01 09:38:26,3.32
1,2025-01-01 09:38:37,4.03
1,2025-01-01 09:38:48,3.42
1,2025-01-01 09:38:56,3.77
1,2025-01-01 09:39:19,3.38
1,2025-01-01 09:39:28,3.3
1,2025-01-01 09:39:40,4.36
1,2025-01-01 09:39:46,3.38
1,2025-01-01 09:39:54,3.34
1,2025-01-01 09:40:13,2.25
1,2025-01-01 09:40:21,3.21
1,2025-01-01 09:40:49,2.47
1,2025-01-01 09:41:17,3.3
1,2025-01-01 09:41:23,3.67
1,2025-01-01 09:41:53,2.79
1,2025-01-01 09:42:00,2.94
1,2025-01-01 09:42:08,3.18
1,2025-01-01 09:42:22,2.59
1,2025-01-01 09:42:36,3.56
1,2025-01-01 09:43:02,3.23
1,2025-01-01 09:43:14,3.97
1,2025-01-01 09:43:23,4.39
1,2025-01-01 09:43:29,4.92
1,2025-01-01 09:43:46,5.94
1,2025-01-01 09:44:10,7.0
1,2025-01-01 09:44:15,7.79
1,2025-01-01 09:44:45,7.18
1,2025-01-01 09:45:13,8.05
1,2025-01-01 09:45:20,7.21
1,2025-01-01 09:45:41,8.05
1,2025-01-01 09:46:10,7.79
1,2025-01-01 09:46:19,8.32
1,2025-01-01 09:46:49,8.43
1,2025-01-01 09:46:54,8.84
1,2025-01-01 09:47:02,9.56
1,2025-01-01 09:47:20,10.38
1,2025-01-01 09:47:26,9.41
1,2025-01-01 09:47:50,9.91
1,2025-01-01 09:48:19,8.85
1,2025-01-01 09:48:48,8.47
1,2025-01-01 09:49:18,7.37
1,2025-01-01 09:49:24,8.2
1,2025-01-01 09:49:48,8.42
1,2025-01-01 09:50:15,7.8
1,2025-01-01 09:50:31,7.06
1,2025-01-01 09:50:47,5.99
1,2025-01-01 09:51:12,4.98
1,2025-01-01 09:51:32,6.01
1,2025-01-01 09:51:43,6.19
1,2025-01-01 09:51:59,6.58
1,2025-01-01 09:52:05,7.13
1,2025-01-01 09:52:20,7.06
1,2025-01-01 09:52:29,6.04
1,2025-01-01 09:52:34,5.08
1,2025-01-01 09:52:47,4.9
1,2025-01-01 09:52:55,4.84
1,2025-01-01 09:53:02,4.03
1,2025-01-01 09:53:23,3.12
1,2025-01-01 09:53:47,3.34
1,2025-01-01 09:54:02,3.84
1,2025-01-01 09:54:10,3.29
1,2025-01-01 09:54:34,4.19
1,2025-01-01 09:54:43,3.48
1,2025-01-01 09:55:07,3.52
1,2025-01-01 09:55:15,3.16
1,2025-01-01 09:55:20,3.11
1,2025-01-01 09:55:37,3.79
1,2025-01-01 09:55:47,4.08
1,2025-01-01 09:56:05,4.11
1,2025-01-01 09:56:17,3.44
1,2025-01-01 09:56:39,4.38
1,2025-01-01 09:57:03,4.58
1,2025-01-01 09:57:17,4.71
1,2025-01-01 09:57:25,4.84
1,2025-01-01 09:57:36,5.23
1,2025-01-01 09:57:47,4.5
1,2025-01-01 09:58:08,4.48
1,2025-01-01 09:58:34,3.61
1,2025-01-01 09:58:40,3.67
1,2025-01-01 09:58:56,4.31
1,2025-01-01 09:59:19,3.89
1,2025-01-01 09:59:25,3.87
1,2025-01-01 09:59:52,4.93
1,2025-01-01 09:59:59,5.12
1,2025-01-01 10:00:21,4.21
1,2025-01-01 10:00:36,4.32
1,2025-01-01 10:01:02,3.88
1,2025-01-01 10:01:28,4.16
1,2025-01-01 10:01:57,3.91
1,2025-01-01 10:02:17,3.23
1,2025-01-01 10:02:31,2.68
1,2025-01-01 10:02:47,2.78
1,2025-01-01 10:03:16,3.6
1,2025-01-01 10:03:37,3.76
1,2025-01-01 10:04:07,3.88
1,2025-01-01 10:04:21,3.21
1,2025-01-01 10:04:30,2.27
1,2025-01-01 10:04:44,1.96
1,2025-01-01 10:05:08,0.98
1,2025-01-01 10:05:33,1.19
1,2025-01-01 10:05:43,1.91
1,2025-01-01 10:06:05,1.88
1,2025-01-01 10:06:14,2.74
1,2025-01-01 10:06:41,1.67
1,2025-01-01 10:07:07,2.04
1,2025-01-01 10:07:14,1.43
1,2025-01-01 10:07:34,1.8
1,2025-01-01 10:07:55,2.35
1,2025-01-01 10:08:10,2.44
1,2025-01-01 10:08:35,2.12
1,2025-01-01 10:08:57,2.72
1,2025-01-01 10:09:10,1.95
1,2025-01-01 10:09:15,2.8
1,2025-01-01 10:09:25,3.37
1,2025-01-01 10:09:31,3.24
1,2025-01-01 10:09:47,3.95
1,2025-01-01 10:10:10,3.25
1,2025-01-01 10:10:24,2.62
1,2025-01-01 10:10:35,2.34
1,2025-01-01 10:11:00,2.44
1,2025-01-01 10:11:29,1.62
1,2025-01-01 10:11:39,2.52
1,2025-01-01 10:12:04,2.44
1,2025-01-01 10:12:27,3.12
1,2025-01-01 10:12:41,4.2
1,2025-01-01 10:12:46,5.11
1,2025-01-01 10:13:13,4.21
1,2025-01-01 10:13:20,4.42
1,2025-01-01 10:13:34,3.91
1,2025-01-01 10:13:43,3.0
1,2025-01-01 10:13:57,3.73
1,2025-01-01 10:14:24,4.61
1,2025-01-01 10:14:47,4.9
1,2025-01-01 10:14:54,5.63
1,2025-01-01 10:15:11,5.52
1,2025-01-01 10:15:25,6.28
1,2025-01-01 10:15:32,5.2
1,2025-01-01 10:15:48,4.24
1,2025-01-01 10:15:53,3.32
1,2025-01-01 10:16:11,3.66
1,2025-01-01 10:16:25,3.63
1,2025-01-01 10:16:42,3.7
1,2025-01-01 10:17:09,4.07
1,2025-01-01 10:17:27,5.16
1,2025-01-01 10:17:57,6.1
1,2025-01-01 10:18:04,5.55
1,2025-01-01 10:18:09,6.43
1,2025-01-01 10:18:26,6.59
1,2025-01-01 10:18:38,6.66
1,2025-01-01 10:18:50,6.33
1,2025-01-01 10:19:18,6.84
1,2025-01-01 10:19:35,5.76
1,2025-01-01 10:19:43,4.71
1,2025-01-01 10:20:12,4.14
1,2025-01-01 10:20:21,5.11
1,2025-01-01 10:20:44,6.11
1,2025-01-01 10:21:06,5.72
1,2025-01-01 10:21:30,4.73
1,2025-01-01 10:21:35,4.27
1,2025-01-01 10:21:46,3.72
1,2025-01-01 10:22:04,4.29
1,2025-01-01 10:22:19,3.36
1,2025-01-01 10:22:49,4.32
1,2025-01-01 10:22:55,3.62
1,2025-01-01 10:23:19,3.93
1,2025-01-01 10:23:34,3.69
1,2025-01-01 10:24:02,2.72
1,2025-01-01 10:24:20,3.26
1,2025-01-01 10:24:36,2.61
1,2025-01-01 10:25:04,2.01
1,2025-01-01 10:25:14,1.53
1,2025-01-01 10:25:30,1.3
1,2025-01-01 10:25:50,1.43
1,2025-01-01 10:26:06,2.25
1,2025-01-01 10:26:25,2.99
1,2025-01-01 10:26:46,1.97
1,2025-01-01 10:27:10,2.5
1,2025-01-01 10:27:28,1.66
1,2025-01-01 10:27:57,1.55
1,2025-01-01 10:28:17,0.86
1,2025-01-01 10:28:41,0.83
1,2025-01-01 10:29:02,1.64
1,2025-01-01 10:29:07,2.35
1,2025-01-01 10:29:22,1.92
1,2025-01-01 10:29:41,1.44
1,2025-01-01 10:29:56,1.14
1,2025-01-01 10:30:09,1.73
1,2025-01-01 10:30:34,1.82
1,2025-01-01 10:30:59,1.08
1,2025-01-01 10:31:26,0.15
1,2025-01-01 10:31:32,0.33
1,2025-01-01 10:31:54,0.73
1,2025-01-01 10:32:09,1.6
1,2025-01-01 10:32:39,1.54
1,2025-01-01 10:32:58,1.36
1,2025-01-01 10:33:14,0.38
1,2025-01-01 10:33:19,0.05
1,2025-01-01 10:33:25,1.05
1,2025-01-01 10:33:40,1.51
1,2025-01-01 10:33:56,1.91
1,2025-01-01 10:34:24,1.77
1,2025-01-01 10:34:45,1.99
1,2025-01-01 10:34:52,1.73
1,2025-01-01 10:35:05,0.92
1,2025-01-01 10:35:29,1.88
1,2025-01-01 10:35:50,2.77
1,2025-01-01 10:35:56,3.86
1,2025-01-01 10:36:24,3.27
1,2025-01-01 10:36:49,3.39
1,2025-01-01 10:37:14,2.36
1,2025-01-01 10:37:20,2.0
1,2025-01-01 10:37:43,1.08
1,2025-01-01 10:37:57,1.87
1,2025-01-01 10:38:14,1.86
1,2025-01-01 10:38:36,1.5
1,2025-01-01 10:38:55,1.39
1,2025-01-01 10:39:06,2.35
1,2025-01-01 10:39:22,1.87
1,2025-01-01 10:39:46,2.94
1,2025-01-01 10:40:10,2.01
1,2025-01-01 10:40:33,2.7
1,2025-01-01 10:40:40,3.77
1,2025-01-01 10:41:10,4.53
1,2025-01-01 10:41:15,5.09
1,2025-01-01 10:41:22,4.46
1,2025-01-01 10:41:52,5.31
1,2025-01-01 10:42:12,4.58
1,2025-01-01 10:42:17,4.63
1,2025-01-01 10:42:22,4.96
1,2025-01-01 10:42:42,5.41
1,2025-01-01 10:43:06,6.09
1,2025-01-01 10:43:11,5.43
1,2025-01-01 10:43:36,5.73
1,2025-01-01 10:43:58,6.56
1,2025-01-01 10:44:06,6.01
1,2025-01-01 10:44:35,5.9
1,2025-01-01 10:44:47,6.83
1,2025-01-01 10:44:54,6.04
1,2025-01-01 10:45:15,6.14
1,2025-01-01 10:45:32,5.82
1,2025-01-01 10:45:39,5.8
1,2025-01-01 10:46:00,6.73
1,2025-01-01 10:46:28,6.55
1,2025-01-01 10:46:39,5.65
1,2025-01-01 10:47:01,5.96
1,2025-01-01 10:47:08,6.28
1,2025-01-01 10:47:32,5.64
1,2025-01-01 10:47:39,4.99
1,2025-01-01 10:47:46,5.61
1,2025-01-01 10:47:57,5.71
1,2025-01-01 10:48:21,4.91
1,2025-01-01 10:48:36,4.6
1,2025-01-01 10:48:51,4.64
1,2025-01-01 10:49:04,5.26
1,2025-01-01 10:49:09,6.17
1,2025-01-01 10:49:33,6.12
1,2025-01-01 10:49:56,6.34
1,2025-01-01 10:50:13,5.72
1,2025-01-01 10:50:35,6.29
1,2025-01-01 10:50:58,5.71
1,2025-01-01 10:51:05,4.74
1,2025-01-01 10:51:22,5.68
1,2025-01-01 10:51:32,4.7
1,2025-01-01 10:51:48,5.72
1,2025-01-01 10:51:55,5.78
1,2025-01-01 10:52:22,5.19
1,2025-01-01 10:52:40,6.07
1,2025-01-01 10:52:54,6.24
1,2025-01-01 10:53:19,6.5
1,2025-01-01 10:53:46,6.93
1,2025-01-01 10:53:59,6.07
1,2025-01-01 10:54:28,5.05
1,2025-01-01 10:54:43,4.77
1,2025-01-01 10:55:11,4.97
1,2025-01-01 10:55:25,4.35
1,2025-01-01 10:55:53,3.52
1,2025-01-01 10:56:05,3.1
1,2025-01-01 10:56:32,2.72
1,2025-01-01 10:56:50,3.82
1,2025-01-01 10:57:01,2.93
1,2025-01-01 10:57:14,2.58
1,2025-01-01 10:57:38,3.03
1,2025-01-01 10:57:56,3.15
1,2025-01-01 10:58:06,3.43
1,2025-01-01 10:58:23,2.8
1,2025-01-01 10:58:47,3.04
1,2025-01-01 10:59:10,4.01
1,2025-01-01 10:59:28,3.44
1,2025-01-01 10:59:52,4.15
1,2025-01-01 11:00:03,3.31
1,2025-01-01 11:00:25,2.79
1,2025-01-01 11:00:51,2.63
1,2025-01-01 11:01:13,2.73
1,2025-01-01 11:01:18,3.5
1,2025-01-01 11:01:29,2.44
1,2025-01-01 11:01:50,2.79
1,2025-01-01 11:02:04,2.77
1,2025-01-01 11:02:29,2.59
1,2025-01-01 11:02:47,3.27
1,2025-01-01 11:03:14,4.22
1,2025-01-01 11:03:38,4.91
1,2025-01-01 11:03:47,5.62
1,2025-01-01 11:03:53,5.77
1,2025-01-01 11:03:58,5.47
1,2025-01-01 11:04:19,5.85
1,2025-01-01 11:04:43,5.54
1,2025-01-01 11:04:51,5.47
1,2025-01-01 11:05:03,4.4
1,2025-01-01 11:05:19,5.2
1,2025-01-01 11:05:47,6.28
1,2025-01-01 11:06:14,7.12
1,2025-01-01 11:06:34,7.93
1,2025-01-01 11:06:53,7.4
1,2025-01-01 11:07:01,6.97
1,2025-01-01 11:07:14,6.49
1,2025-01-01 11:07:36,6.29
1,2025-01-01 11:08:04,6.4
1,2025-01-01 11:08:21,6.07
1,2025-01-01 11:08:40,5.69
1,2025-01-01 11:09:09,6.58
1,2025-01-01 11:09:22,6.13
1,2025-01-01 11:09:52,5.63
1,2025-01-01 11:10:22,4.59
1,2025-01-01 11:10:45,4.22
1,2025-01-01 11:10:57,5.23
1,2025-01-01 11:11:14,4.99
1,2025-01-01 11:11:38,5.88
1,2025-01-01 11:11:55,6.74
1,2025-01-01 11:12:15,6.1
1,2025-01-01 11:12:30,6.07
1,2025-01-01 11:12:36,5.23
1,2025-01-01 11:12:44,4.18
1,2025-01-01 11:12:56,3.25
1,2025-01-01 11:13:18,2.71
1,2025-01-01 11:13:31,3.18
1,2025-01-01 11:13:46,2.43
1,2025-01-01 11:14:08,1.51
1,2025-01-01 11:14:33,0.65
1,2025-01-01 11:14:59,0.39
1,2025-01-01 11:15:27,-0.68
1,2025-01-01 11:15:57,0.37
1,2025-01-01 11:16:17,0.02
1,2025-01-01 11:16:44,-1.08
1,2025-01-01 11:17:08,-0.38
1,2025-01-01 11:17:37,-0.57
1,2025-01-01 11:18:00,-1.39
1,2025-01-01 11:18:26,-2.19
1,2025-01-01 11:18:31,-1.24
1,2025-01-01 11:18:48,-1.61
1,2025-01-01 11:19:16,-2.39
1,2025-01-01 11:19:31,-3.27
1,2025-01-01 11:19:45,-3.21
1,2025-01-01 11:20:04,-3.87
1,2025-01-01 11:20:10,-2.78
1,2025-01-01 11:20:40,-2.93
1,2025-01-01 11:20:45,-2.4
1,2025-01-01 11:21:10,-1.41
1,2025-01-01 11:21:24,-1.62
1,2025-01-01 11:21:47,-1.35
1,2025-01-01 11:21:54,-2.1
1,2025-01-01 11:22:22,-2.44
1,2025-01-01 11:22:46,-2.84
1,2025-01-01 11:23:16,-2.61
1,2025-01-01 11:23:30,-2.8
1,2025-01-01 11:23:52,-3.75
1,2025-01-01 11:24:14,-2.68
1,2025-01-01 11:24:44,-1.64
1,2025-01-01 11:24:55,-2.22
1,2025-01-01 11:25:12,-2.1
1,2025-01-01 11:25:19,-1.19
1,2025-01-01 11:25:24,-1.88
1,2025-01-01 11:25:37,-0.88
1,2025-01-01 11:26:03,-1.05
1,2025-01-01 11:26:12,-1.21
1,2025-01-01 11:26:19,-0.82
1,2025-01-01 11:26:26,-1.52
1,2025-01-01 11:26:45,-0.9
1,2025-01-01 11:26:58,-0.5
1,2025-01-01 11:27:23,-0.66
1,2025-01-01 11:27:50,-0.56
1,2025-01-01 11:28:15,-0.08
1,2025-01-01 11:28:27,-0.89
1,2025-01-01 11:28:49,0.12
1,2025-01-01 11:29:00,0.22
1,2025-01-01 11:29:11,-0.17
1,2025-01-01 11:29:34,0.82
1,2025-01-01 11:30:02,0.17
1,2025-01-01 11:30:18,-0.14
1,2025-01-01 11:30:26,0.0
1,2025-01-01 11:30:49,0.08
1,2025-01-01 11:31:03,0.02
1,2025-01-01 11:31:09,0.36
1,2025-01-01 11:31:33,1.34
1,2025-01-01 11:32:03,1.98
1,2025-01-01 11:32:32,0.92
1,2025-01-01 11:32:39,0.26
1,2025-01-01 11:32:55,-0.54
1,2025-01-01 11:33:11,0.12
1,2025-01-01 11:33:37,-0.4
1,2025-01-01 11:33:50,0.33
1,2025-01-01 11:34:16,0.55
1,2025-01-01 11:34:24,0.7
1,2025-01-01 11:34:53,0.59
1,2025-01-01 11:35:13,0.23
1,2025-01-01 11:35:42,-0.07
1,2025-01-01 11:35:56,-0.71
1,2025-01-01 11:36:23,-1.05
1,2025-01-01 11:36:51,-1.27
1,2025-01-01 11:37:08,-1.66
1,2025-01-01 11:37:15,-1.66
1,2025-01-01 11:37:24,-0.99
1,2025-01-01 11:37:50,-1.25
1,2025-01-01 11:38:13,-1.93
1,2025-01-01 11:38:36,-2.47
1,2025-01-01 11:38:42,-2.06
1,2025-01-01 11:38:48,-2.3
1,2025-01-01 11:38:58,-1.75
1,2025-01-01 11:39:23,-0.84
1,2025-01-01 11:39:51,-0.08
1,2025-01-01 11:40:02,0.98
1,2025-01-01 11:40:27,1.18
1,2025-01-01 11:40:34,1.79
1,2025-01-01 11:40:42,0.82
1,2025-01-01 11:41:04,0.4
1,2025-01-01 11:41:21,-0.55
1,2025-01-01 11:41:39,-1.12
1,2025-01-01 11:41:55,-0.19
1,2025-01-01 11:42:17,-1.1
1,2025-01-01 11:42:28,-0.87
1,2025-01-01 11:42:36,-1.52
1,2025-01-01 11:42:53,-0.82
1,2025-01-01 11:43:21,0.08
1,2025-01-01 11:43:47,-0.59
1,2025-01-01 11:44:01,-0.47
1,2025-01-01 11:44:22,0.16
1,2025-01-01 11:44:40,0.93
1,2025-01-01 11:44:55,1.53
1,2025-01-01 11:45:15,1.23
1,2025-01-01 11:45:26,1.55
1,2025-01-01 11:45:52,2.35
1,2025-01-01 11:46:16,3.44
1,2025-01-01 11:46:43,3.62
1,2025-01-01 11:47:04,2.96
1,2025-01-01 11:47:26,2.76
1,2025-01-01 11:47:49,1.78
1,2025-01-01 11:48:15,2.66
1,2025-01-01 11:48:27,2.86
1,2025-01-01 11:48:37,3.04
1,2025-01-01 11:48:54,2.31
1,2025-01-01 11:49:21,1.92
1,2025-01-01 11:49:31,1.25
1,2025-01-01 11:49:58,1.34
1,2025-01-01 11:50:06,1.17
1,2025-01-01 11:50:21,1.35
1,2025-01-01 11:50:45,1.54
1,2025-01-01 11:50:59,0.91
1,2025-01-01 11:51:25,1.09
1,2025-01-01 11:51:46,1.64
1,2025-01-01 11:52:03,1.79
1,2025-01-01 11:52:33,1.51
1,2025-01-01 11:52:45,1.17
1,2025-01-01 11:53:08,1.64
1,2025-01-01 11:53:29,1.88
1,2025-01-01 11:53:40,2.1
1,2025-01-01 11:53:58,3.16
1,2025-01-01 11:54:06,2.86
1,2025-01-01 11:54:17,2.84
1,2025-01-01 11:54:22,2.84
1,2025-01-01 11:54:45,2.18
1,2025-01-01 11:55:14,1.77
1,2025-01-01 11:55:29,1.11
1,2025-01-01 11:55:50,1.86
1,2025-01-01 11:56:10,1.6
1,2025-01-01 11:56:35,2.05
1,2025-01-01 11:56:49,1.97
1,2025-01-01 11:57:11,2.45
1,2025-01-01 11:57:27,1.94
1,2025-01-01 11:57:33,1.18
1,2025-01-01 11:57:38,1.2
1,2025-01-01 11:57:52,1.71
1,2025-01-01 11:58:02,2.42
1,2025-01-01 11:58:14,1.65
1,2025-01-01 11:58:21,2.68
1,2025-01-01 11:58:36,2.11
1,2025-01-01 11:59:06,1.3
1,2025-01-01 11:59:29,1.5
1,2025-01-01 11:59:59,2.42
1,2025-01-01 12:00:25,2.79
1,2025-01-01 12:00:39,1.97
1,2025-01-01 12:01:08,1.57
1,2025-01-01 12:01:33,0.87
1,2025-01-01 12:01:55,0.96
1,2025-01-01 12:02:16,2.0
1,2025-01-01 12:02:44,1.95
1,2025-01-01 12:03:08,2.88
1,2025-01-01 12:03:33,3.38
1,2025-01-01 12:04:00,4.33
1,2025-01-01 12:04:20,3.7
1,2025-01-01 12:04:32,4.66
1,2025-01-01 12:04:59,5.38
1,2025-01-01 12:05:07,6.45
1,2025-01-01 12:05:18,5.97
1,2025-01-01 12:05:32,5.92
1,2025-01-01 12:05:39,6.39
1,2025-01-01 12:06:02,7.18
1,2025-01-01 12:06:21,6.84
1,2025-01-01 12:06:42,6.47
1,2025-01-01 12:06:52,7.05
1,2025-01-01 12:07:14,7.97
1,2025-01-01 12:07:20,7.09
1,2025-01-01 12:07:35,7.46
1,2025-01-01 12:08:03,6.99
1,2025-01-01 12:08:30,6.32
1,2025-01-01 12:08:48,6.51
1,2025-01-01 12:08:54,6.22
1,2025-01-01 12:09:16,6.84
1,2025-01-01 12:09:30,7.81
1,2025-01-01 12:09:40,6.85
1,2025-01-01 12:09:55,7.03
1,2025-01-01 12:10:20,6.75
1,2025-01-01 12:10:49,7.69
1,2025-01-01 12:11:15,8.25
1,2025-01-01 12:11:39,7.85
1,2025-01-01 12:12:06,8.31
1,2025-01-01 12:12:22,8.19
1,2025-01-01 12:12:31,7.12
1,2025-01-01 12:12:47,7.62
1,2025-01-01 12:13:07,7.88
1,2025-01-01 12:13:33,7.7
1,2025-01-01 12:13:42,7.62
1,2025-01-01 12:14:08,7.85
1,2025-01-01 12:14:14,7.88
1,2025-01-01 12:14:32,8.27
1,2025-01-01 12:14:56,8.14
1,2025-01-01 12:15:18,8.6
1,2025-01-01 12:15:31,9.1
1,2025-01-01 12:15:48,9.22
1,2025-01-01 12:16:15,8.62
1,2025-01-01 12:16:32,7.56
1,2025-01-01 12:17:02,6.5
1,2025-01-01 12:17:11,7.05
1,2025-01-01 12:17:21,7.34
1,2025-01-01 12:17:38,8.3
1,2025-01-01 12:17:47,8.32
1,2025-01-01 12:18:00,7.69
1,2025-01-01 12:18:18,6.95
1,2025-01-01 12:18:45,7.75
1,2025-01-01 12:19:09,7.15
1,2025-01-01 12:19:17,7.33
1,2025-01-01 12:19:45,8.35
1,2025-01-01 12:20:11,9.34
1,2025-01-01 12:20:40,10.33
1,2025-01-01 12:21:06,10.86
1,2025-01-01 12:21:21,10.36
1,2025-01-01 12:21:39,9.93
1,2025-01-01 12:22:09,8.92
1,2025-01-01 12:22:34,8.53
1,2025-01-01 12:22:51,8.9
1,2025-01-01 12:23:17,9.62
1,2025-01-01 12:23:41,10.21
1,2025-01-01 12:24:00,9.25
1,2025-01-01 12:24:21,9.84
1,2025-01-01 12:24:45,9.16
1,2025-01-01 12:25:13,10.15
1,2025-01-01 12:25:42,10.7
1,2025-01-01 12:25:57,10.71
1,2025-01-01 12:26:05,10.64
1,2025-01-01 12:26:23,10.92
1,2025-01-01 12:26:50,11.43
1,2025-01-01 12:27:11,11.46
1,2025-01-01 12:27:26,11.51
1,2025-01-01 12:27:54,10.58
1,2025-01-01 12:28:21,10.33
1,2025-01-01 12:28:44,10.73
1,2025-01-01 12:28:57,10.99
1,2025-01-01 12:29:14,11.85
1,2025-01-01 12:29:29,11.73
1,2025-01-01 12:29:36,11.61
1,2025-01-01 12:29:41,10.62
1,2025-01-01 12:29:50,9.67
1,2025-01-01 12:30:18,9.17
1,2025-01-01 12:30:26,8.54
1,2025-01-01 12:30:54,9.04
1,2025-01-01 12:31:13,8.13
1,2025-01-01 12:31:38,7.09
1,2025-01-01 12:31:54,8.12
1,2025-01-01 12:32:09,8.42
1,2025-01-01 12:32:15,8.45
1,2025-01-01 12:32:37,7.48
1,2025-01-01 12:32:54,7.54
1,2025-01-01 12:33:20,7.01
1,2025-01-01 12:33:38,7.04
1,2025-01-01 12:33:54,7.57
1,2025-01-01 12:34:14,8.25
1,2025-01-01 12:34:38,8.41
1,2025-01-01 12:35:06,7.93
1,2025-01-01 12:35:22,8.0
1,2025-01-01 12:35:50,8.36
1,2025-01-01 12:35:58,8.73
1,2025-01-01 12:36:19,8.79
1,2025-01-01 12:36:44,8.76
1,2025-01-01 12:37:05,8.22
1,2025-01-01 12:37:24,7.39
1,2025-01-01 12:37:54,7.38
1,2025-01-01 12:38:00,6.46
1,2025-01-01 12:38:05,6.57
1,2025-01-01 12:38:26,7.12
1,2025-01-01 12:38:36,8.19
1,2025-01-01 12:39:05,8.66
1,2025-01-01 12:39:25,9.43
1,2025-01-01 12:39:39,9.12
1,2025-01-01 12:39:54,8.04
1,2025-01-01 12:40:09,7.75
1,2025-01-01 12:40:37,7.93
1,2025-01-01 12:40:54,8.79
1,2025-01-01 12:41:08,9.3
1,2025-01-01 12:41:13,10.18
1,2025-01-01 12:41:24,11.14
1,2025-01-01 12:41:46,10.83
1,2025-01-01 12:42:07,10.15
1,2025-01-01 12:42:33,11.05
1,2025-01-01 12:43:03,10.53
1,2025-01-01 12:43:29,10.03
1,2025-01-01 12:43:49,10.83
1,2025-01-01 12:44:17,10.85
1,2025-01-01 12:44:36,9.76
1,2025-01-01 12:44:45,10.2
1,2025-01-01 12:45:07,9.4
1,2025-01-01 12:45:18,9.76
1,2025-01-01 12:45:36,9.25
1,2025-01-01 12:45:44,9.35
1,2025-01-01 12:45:56,9.89
1,2025-01-01 12:46:24,8.91
1,2025-01-01 12:46:50,7.98
1,2025-01-01 12:47:06,7.05
1,2025-01-01 12:47:18,6.18
1,2025-01-01 12:47:25,7.11
1,2025-01-01 12:47:34,6.19
1,2025-01-01 12:47:50,7.13
1,2025-01-01 12:47:56,7.26
1,2025-01-01 12:48:09,7.44
1,2025-01-01 12:48:34,6.92
1,2025-01-01 12:48:41,7.89
1,2025-01-01 12:48:55,8.1
1,2025-01-01 12:49:03,8.91
1,2025-01-01 12:49:12,9.87
1,2025-01-01 12:49:28,9.82
1,2025-01-01 12:49:49,10.07
1,2025-01-01 12:50:03,10.54
1,2025-01-01 12:50:08,10.36
1,2025-01-01 12:50:28,9.98
1,2025-01-01 12:50:51,8.91
1,2025-01-01 12:51:05,9.45
1,2025-01-01 12:51:12,10.39
1,2025-01-01 12:51:39,10.9
1,2025-01-01 12:51:54,10.86
1,2025-01-01 12:52:04,11.72
1,2025-01-01 12:52:26,12.39
1,2025-01-01 12:52:48,11.76
1,2025-01-01 12:53:01,12.18
1,2025-01-01 12:53:22,12.33
1,2025-01-01 12:53:51,13.35
1,2025-01-01 12:54:09,14.18
1,2025-01-01 12:54:14,13.62
1,2025-01-01 12:54:24,14.47
1,2025-01-01 12:54:37,15.35
1,2025-01-01 12:54:56,15.24
1,2025-01-01 12:55:16,15.65
1,2025-01-01 12:55:32,15.72
1,2025-01-01 12:55:52,14.66
1,2025-01-01 12:56:13,13.85
1,2025-01-01 12:56:22,14.66
1,2025-01-01 12:56:47,15.7
1,2025-01-01 12:57:16,15.61
1,2025-01-01 12:57:38,16.36
1,2025-01-01 12:57:48,16.31
1,2025-01-01 12:58:02,16.83
1,2025-01-01 12:58:20,15.94
1,2025-01-01 12:58:25,16.59
1,2025-01-01 12:58:34,17.46
1,2025-01-01 12:58:45,18.38
1,2025-01-01 12:58:50,18.61
1,2025-01-01 12:59:16,18.03
1,2025-01-01 12:59:24,18.56
1,2025-01-01 12:59:34,18.12
1,2025-01-01 12:59:43,17.19
1,2025-01-01 12:59:56,17.69
1,2025-01-01 13:00:13,18.49
1,2025-01-01 13:00:22,18.04
1,2025-01-01 13:00:30,18.71
1,2025-01-01 13:00:54,17.66
1,2025-01-01 13:01:04,17.3
1,2025-01-01 13:01:15,17.63
1,2025-01-01 13:01:39,17.12
1,2025-01-01 13:01:52,18.07
1,2025-01-01 13:02:14,17.62
1,2025-01-01 13:02:32,16.61
1,2025-01-01 13:02:56,16.62
1,2025-01-01 13:03:23,16.06
1,2025-01-01 13:03:48,16.38
1,2025-01-01 13:03:54,16.44
1,2025-01-01 13:04:21,17.5
1,2025-01-01 13:04:50,18.37
1,2025-01-01 13:04:56,19.01
1,2025-01-01 13:05:05,18.61
1,2025-01-01 13:05:19,18.56
1,2025-01-01 13:05:33,18.55
1,2025-01-01 13:05:41,18.68
1,2025-01-01 13:05:57,18.88
1,2025-01-01 13:06:24,19.67
1,2025-01-01 13:06:46,18.79
1,2025-01-01 13:07:00,18.15
1,2025-01-01 13:07:19,18.11
1,2025-01-01 13:07:44,19.01
1,2025-01-01 13:08:08,19.1
1,2025-01-01 13:08:27,18.22
1,2025-01-01 13:08:52,18.49
1,2025-01-01 13:09:09,18.28
1,2025-01-01 13:09:14,17.52
1,2025-01-01 13:09:32,17.02
1,2025-01-01 13:09:41,17.16
1,2025-01-01 13:09:47,16.51
1,2025-01-01 13:10:11,16.62
1,2025-01-01 13:10:40,17.51
1,2025-01-01 13:10:53,16.85
1,2025-01-01 13:11:02,17.24
1,2025-01-01 13:11:11,17.12
1,2025-01-01 13:11:29,16.03
1,2025-01-01 13:11:38,16.93
1,2025-01-01 13:11:53,17.45
1,2025-01-01 13:12:20,17.47
1,2025-01-01 13:12:41,18.56
1,2025-01-01 13:12:55,18.54
1,2025-01-01 13:13:00,18.63
1,2025-01-01 13:13:21,17.72
1,2025-01-01 13:13:44,17.78
1,2025-01-01 13:13:55,17.6
1,2025-01-01 13:14:04,17.45
1,2025-01-01 13:14:17,18.07
1,2025-01-01 13:14:25,18.98
1,2025-01-01 13:14:55,18.7
1,2025-01-01 13:15:08,19.23
1,2025-01-01 13:15:27,18.55
1,2025-01-01 13:15:57,19.54
1,2025-01-01 13:16:07,20.28
1,2025-01-01 13:16:23,21.07
1,2025-01-01 13:16:32,20.65
1,2025-01-01 13:16:59,20.47
1,2025-01-01 13:17:07,20.39
1,2025-01-01 13:17:22,20.54
1,2025-01-01 13:17:41,21.44
1,2025-01-01 13:18:08,20.59
1,2025-01-01 13:18:18,20.35
1,2025-01-01 13:18:37,20.75
1,2025-01-01 13:19:02,20.27
1,2025-01-01 13:19:32,20.11
1,2025-01-01 13:19:49,19.32
1,2025-01-01 13:20:01,19.91
1,2025-01-01 13:20:09,20.68
1,2025-01-01 13:20:15,20.49
1,2025-01-01 13:20:43,20.71
1,2025-01-01 13:20:51,19.85
1,2025-01-01 13:20:56,19.35
1,2025-01-01 13:21:21,18.58
1,2025-01-01 13:21:51,18.3
1,2025-01-01 13:21:56,18.81
1,2025-01-01 13:22:05,18.53
1,2025-01-01 13:22:12,18.14
1,2025-01-01 13:22:35,17.58
1,2025-01-01 13:22:40,18.52
1,2025-01-01 13:22:46,17.54
1,2025-01-01 13:22:51,17.19
1,2025-01-01 13:22:59,16.48
1,2025-01-01 13:23:26,15.6
1,2025-01-01 13:23:52,15.94
1,2025-01-01 13:24:22,15.97
1,2025-01-01 13:24:36,16.46
1,2025-01-01 13:24:51,16.55
1,2025-01-01 13:25:16,16.58
1,2025-01-01 13:25:21,17.18
1,2025-01-01 13:25:29,18.07
1,2025-01-01 13:25:54,18.56
1,2025-01-01 13:26:22,17.72
1,2025-01-01 13:26:31,18.52
1,2025-01-01 13:26:50,19.39
1,2025-01-01 13:26:55,18.46
1,2025-01-01 13:27:13,19.23
1,2025-01-01 13:27:36,20.08
1,2025-01-01 13:27:48,20.57
1,2025-01-01 13:28:16,20.53
1,2025-01-01 13:28:39,20.33
1,2025-01-01 13:28:53,21.16
1,2025-01-01 13:29:16,21.07
1,2025-01-01 13:29:39,21.46
1,2025-01-01 13:29:45,22.21
1,2025-01-01 13:30:05,22.19
1,2025-01-01 13:30:20,22.32
1,2025-01-01 13:30:42,21.27
1,2025-01-01 13:31:12,20.34
1,2025-01-01 13:31:18,19.47
1,2025-01-01 13:31:38,19.64
1,2025-01-01 13:31:58,19.15
1,2025-01-01 13:32:18,18.17
1,2025-01-01 13:32:24,17.95
1,2025-01-01 13:32:41,17.86
1,2025-01-01 13:32:49,18.42
1,2025-01-01 13:33:19,17.87
1,2025-01-01 13:33:40,18.12
1,2025-01-01 13:34:07,17.53
1,2025-01-01 13:34:19,18.5
1,2025-01-01 13:34:33,19.15
1,2025-01-01 13:35:02,18.88
1,2025-01-01 13:35:17,19.24
1,2025-01-01 13:35:31,20.07
1,2025-01-01 13:35:43,19.57
1,2025-01-01 13:35:51,18.55
1,2025-01-01 13:36:03,17.57
1,2025-01-01 13:36:19,18.28
1,2025-01-01 13:36:27,17.49
1,2025-01-01 13:36:37,16.46
1,2025-01-01 13:37:06,16.01
1,2025-01-01 13:37:31,15.74
1,2025-01-01 13:37:37,16.02
1,2025-01-01 13:37:55,15.46
1,2025-01-01 13:38:00,15.15
1,2025-01-01 13:38:23,15.54
1,2025-01-01 13:38:35,15.02
1,2025-01-01 13:38:57,15.55
1,2025-01-01 13:39:07,15.53
1,2025-01-01 13:39:19,15.71
1,2025-01-01 13:39:31,15.93
1,2025-01-01 13:39:39,16.61
1,2025-01-01 13:39:47,16.4
1,2025-01-01 13:39:52,16.2
1,2025-01-01 13:40:15,16.28
1,2025-01-01 13:40:44,16.41
1,2025-01-01 13:41:05,15.67
1,2025-01-01 13:41:26,15.59
1,2025-01-01 13:41:46,15.44
1,2025-01-01 13:42:08,14.63
1,2025-01-01 13:42:38,15.09
1,2025-01-01 13:42:48,15.43
1,2025-01-01 13:42:53,15.52
1,2025-01-01 13:43:09,15.17
1,2025-01-01 13:43:25,16.08
1,2025-01-01 13:43:37,15.96
1,2025-01-01 13:43:49,16.24
1,2025-01-01 13:44:16,16.06
1,2025-01-01 13:44:26,16.36
1,2025-01-01 13:44:32,16.81
1,2025-01-01 13:44:58,17.63
1,2025-01-01 13:45:13,16.72
1,2025-01-01 13:45:31,17.5
1,2025-01-01 13:45:36,18.23
1,2025-01-01 13:46:02,18.4
1,2025-01-01 13:46:08,17.93
1,2025-01-01 13:46:38,17.31
1,2025-01-01 13:46:43,18.2
1,2025-01-01 13:46:49,17.1
1,2025-01-01 13:47:10,16.68
1,2025-01-01 13:47:28,17.58
1,2025-01-01 13:47:51,18.61
1,2025-01-01 13:47:57,18.04
1,2025-01-01 13:48:09,18.54
1,2025-01-01 13:48:39,19.23
1,2025-01-01 13:49:01,19.79
1,2025-01-01 13:49:16,19.68
1,2025-01-01 13:49:30,20.06
1,2025-01-01 13:49:39,21.14
1,2025-01-01 13:49:55,21.96
1,2025-01-01 13:50:13,21.55
1,2025-01-01 13:50:22,21.14
1,2025-01-01 13:50:49,22.22
1,2025-01-01 13:51:12,23.26
1,2025-01-01 13:51:42,22.55
1,2025-01-01 13:51:47,23.05
1,2025-01-01 13:52:16,22.95
1,2025-01-01 13:52:23,22.83
1,2025-01-01 13:52:43,23.31
1,2025-01-01 13:53:08,23.84
1,2025-01-01 13:53:16,23.95
1,2025-01-01 13:53:42,23.99
1,2025-01-01 13:54:00,24.18
1,2025-01-01 13:54:16,23.79
1,2025-01-01 13:54:24,24.86
1,2025-01-01 13:54:44,25.86
1,2025-01-01 13:55:08,26.72
1,2025-01-01 13:55:30,25.96
1,2025-01-01 13:55:59,25.31
1,2025-01-01 13:56:10,25.59
1,2025-01-01 13:56:21,24.71
1,2025-01-01 13:56:35,25.09
1,2025-01-01 13:56:44,25.47
1,2025-01-01 13:57:06,25.64
1,2025-01-01 13:57:28,26.72
1,2025-01-01 13:57:42,25.71
1,2025-01-01 13:58:12,25.86
1,2025-01-01 13:58:25,25.12
1,2025-01-01 13:58:42,24.21
1,2025-01-01 13:58:59,23.87
1,2025-01-01 13:59:14,23.04
1,2025-01-01 13:59:20,21.94
1,2025-01-01 13:59:44,21.3
1,2025-01-01 14:00:12,21.56
1,2025-01-01 14:00:25,22.63
1,2025-01-01 14:00:52,23.2
1,2025-01-01 14:01:18,22.4
1,2025-01-01 14:01:42,22.46
1,2025-01-01 14:01:58,21.42
1,2025-01-01 14:02:20,21.31
1,2025-01-01 14:02:44,22.16
1,2025-01-01 14:03:03,22.39
1,2025-01-01 14:03:19,22.64
1,2025-01-01 14:03:32,22.71
1,2025-01-01 14:03:56,22.06
1,2025-01-01 14:04:21,20.98
1,2025-01-01 14:04:40,21.91
1,2025-01-01 14:05:03,21.84
1,2025-01-01 14:05:30,21.33
1,2025-01-01 14:05:45,20.36
1,2025-01-01 14:05:50,19.65
1,2025-01-01 14:06:13,19.8
1,2025-01-01 14:06:40,19.19
1,2025-01-01 14:07:08,19.18
1,2025-01-01 14:07:33,18.4
1,2025-01-01 14:07:52,19.01
1,2025-01-01 14:08:16,17.95
1,2025-01-01 14:08:26,17.77
1,2025-01-01 14:08:36,17.72
1,2025-01-01 14:09:06,16.97
1,2025-01-01 14:09:27,16.73
1,2025-01-01 14:09:38,17.08
1,2025-01-01 14:09:59,17.36
1,2025-01-01 14:10:18,18.27
1,2025-01-01 14:10:46,18.18
1,2025-01-01 14:11:09,17.5
1,2025-01-01 14:11:17,17.48
1,2025-01-01 14:11:40,18.14
1,2025-01-01 14:11:48,18.5
1,2025-01-01 14:12:14,18.19
1,2025-01-01 14:12:29,17.79
1,2025-01-01 14:12:58,17.04
1,2025-01-01 14:13:21,16.52
1,2025-01-01 14:13:29,16.08
1,2025-01-01 14:13:37,16.26
1,2025-01-01 14:14:05,16.11
1,2025-01-01 14:14:14,16.24
1,2025-01-01 14:14:39,16.97
1,2025-01-01 14:14:54,18.03
1,2025-01-01 14:15:15,17.25
1,2025-01-01 14:15:24,16.2
1,2025-01-01 14:15:42,16.27
1,2025-01-01 14:16:10,17.15
1,2025-01-01 14:16:24,16.37
1,2025-01-01 14:16:54,15.42
1,2025-01-01 14:17:04,15.91
1,2025-01-01 14:17:15,16.07
1,2025-01-01 14:17:29,17.06
1,2025-01-01 14:17:34,16.31
1,2025-01-01 14:17:54,16.54
1,2025-01-01 14:18:16,16.52
1,2025-01-01 14:18:23,16.49
1,2025-01-01 14:18:35,16.03
1,2025-01-01 14:18:59,17.03
1,2025-01-01 14:19:08,17.58
1,2025-01-01 14:19:25,17.21
1,2025-01-01 14:19:38,16.86
1,2025-01-01 14:20:04,17.16
1,2025-01-01 14:20:20,17.08
1,2025-01-01 14:20:26,16.53
1,2025-01-01 14:20:51,15.76
1,2025-01-01 14:21:10,15.39
1,2025-01-01 14:21:27,15.1
1,2025-01-01 14:21:42,14.14
1,2025-01-01 14:21:54,14.83
1,2025-01-01 14:22:02,15.41
1,2025-01-01 14:22:21,16.18
1,2025-01-01 14:22:45,15.46
1,2025-01-01 14:22:51,14.97
1,2025-01-01 14:23:15,14.12
1,2025-01-01 14:23:32,13.83
1,2025-01-01 14:23:53,13.7
1,2025-01-01 14:24:10,12.85
1,2025-01-01 14:24:32,12.4
1,2025-01-01 14:24:50,11.53
1,2025-01-01 14:25:01,12.52
1,2025-01-01 14:25:06,13.36
1,2025-01-01 14:25:17,13.01
1,2025-01-01 14:25:23,12.8
1,2025-01-01 14:25:38,12.45
1,2025-01-01 14:25:59,12.57
1,2025-01-01 14:26:28,12.27
1,2025-01-01 14:26:41,12.1
1,2025-01-01 14:26:50,12.9
1,2025-01-01 14:27:07,12.34
1,2025-01-01 14:27:36,11.87
1,2025-01-01 14:27:53,10.97
1,2025-01-01 14:28:23,11.67
1,2025-01-01 14:28:44,10.61
1,2025-01-01 14:29:10,11.52
1,2025-01-01 14:29:22,10.9
1,2025-01-01 14:29:29,10.74
1,2025-01-01 14:29:40,10.43
1,2025-01-01 14:29:51,10.0
1,2025-01-01 14:30:12,9.16
1,2025-01-01 14:30:18,8.88
1,2025-01-01 14:30:26,8.93
1,2025-01-01 14:30:51,8.54
1,2025-01-01 14:31:08,9.62
1,2025-01-01 14:31:16,9.59
1,2025-01-01 14:31:45,10.29
1,2025-01-01 14:32:11,10.41
1,2025-01-01 14:32:23,10.58
1,2025-01-01 14:32:48,11.63
1,2025-01-01 14:32:58,12.7
1,2025-01-01 14:33:21,13.16
1,2025-01-01 14:33:51,14.03
1,2025-01-01 14:34:16,13.47
1,2025-01-01 14:34:42,14.39
1,2025-01-01 14:35:10,14.93
1,2025-01-01 14:35:27,14.41
1,2025-01-01 14:35:56,14.88
1,2025-01-01 14:36:10,14.36
1,2025-01-01 14:36:36,14.88
1,2025-01-01 14:37:06,13.92
1,2025-01-01 14:37:20,14.16
1,2025-01-01 14:37:34,15.07
1,2025-01-01 14:37:41,14.76
1,2025-01-01 14:37:52,15.43
1,2025-01-01 14:38:08,14.58
1,2025-01-01 14:38:15,13.76
1,2025-01-01 14:38:22,12.99
1,2025-01-01 14:38:37,13.05
1,2025-01-01 14:39:07,12.94
1,2025-01-01 14:39:18,12.3
1,2025-01-01 14:39:42,11.33
1,2025-01-01 14:39:48,11.82
1,2025-01-01 14:40:03,11.56
1,2025-01-01 14:40:29,12.31
1,2025-01-01 14:40:48,11.74
1,2025-01-01 14:41:09,11.66
1,2025-01-01 14:41:35,11.15
1,2025-01-01 14:41:46,10.13
1,2025-01-01 14:42:00,10.58
1,2025-01-01 14:42:13,10.95
1,2025-01-01 14:42:21,10.48
1,2025-01-01 14:42:29,11.15
1,2025-01-01 14:42:36,10.2
1,2025-01-01 14:42:49,11.11
1,2025-01-01 14:43:17,10.09
1,2025-01-01 14:43:29,10.53
1,2025-01-01 14:43:34,9.52
1,2025-01-01 14:43:48,10.41
1,2025-01-01 14:44:17,11.14
1,2025-01-01 14:44:38,11.02
1,2025-01-01 14:44:57,11.35
1,2025-01-01 14:45:12,11.27
1,2025-01-01 14:45:42,11.14
1,2025-01-01 14:45:49,11.69
1,2025-01-01 14:46:05,11.37
1,2025-01-01 14:46:23,12.1
1,2025-01-01 14:46:36,11.18
1,2025-01-01 14:46:41,10.94
1,2025-01-01 14:47:08,10.18
1,2025-01-01 14:47:25,10.14
1,2025-01-01 14:47:33,9.19
1,2025-01-01 14:47:47,9.12
1,2025-01-01 14:48:02,9.5
1,2025-01-01 14:48:31,8.64
1,2025-01-01 14:48:40,7.94
1,2025-01-01 14:48:50,9.04
1,2025-01-01 14:49:00,8.39
1,2025-01-01 14:49:12,8.6
1,2025-01-01 14:49:17,7.53
1,2025-01-01 14:49:33,7.55
1,2025-01-01 14:49:59,6.97
1,2025-01-01 14:50:08,7.79
1,2025-01-01 14:50:19,8.14
1,2025-01-01 14:50:39,7.59
1,2025-01-01 14:50:56,7.03
1,2025-01-01 14:51:01,6.49
1,2025-01-01 14:51:31,5.99
1,2025-01-01 14:51:45,6.65
1,2025-01-01 14:52:01,6.84
1,2025-01-01 14:52:23,6.58
1,2025-01-01 14:52:32,6.95
1,2025-01-01 14:52:52,7.28
1,2025-01-01 14:52:59,7.41
1,2025-01-01 14:53:23,7.61
1,2025-01-01 14:53:29,7.26
1,2025-01-01 14:53:38,6.74
1,2025-01-01 14:53:55,7.76
1,2025-01-01 14:54:12,7.82
1,2025-01-01 14:54:19,8.05
1,2025-01-01 14:54:30,9.04
1,2025-01-01 14:54:47,8.08
1,2025-01-01 14:55:08,8.17
1,2025-01-01 14:55:28,8.26
1,2025-01-01 14:55:38,7.3
1,2025-01-01 14:55:46,8.31
1,2025-01-01 14:56:10,9.37
1,2025-01-01 14:56:40,8.82
1,2025-01-01 14:56:54,8.05
1,2025-01-01 14:57:10,7.47
1,2025-01-01 14:57:30,6.54
1,2025-01-01 14:57:56,6.7
1,2025-01-01 14:58:26,7.09
1,2025-01-01 14:58:55,6.74
1,2025-01-01 14:59:13,6.0
1,2025-01-01 14:59:23,6.39
1,2025-01-01 14:59:46,6.72
1,2025-01-01 14:59:56,6.55
1,2025-01-01 15:00:13,6.7
1,2025-01-01 15:00:26,7.44
1,2025-01-01 15:00:53,6.73
1,2025-01-01 15:00:59,6.35
1,2025-01-01 15:01:21,6.18
1,2025-01-01 15:01:46,6.79
1,2025-01-01 15:02:05,7.77
1,2025-01-01 15:02:17,6.83
1,2025-01-01 15:02:26,7.91
1,2025-01-01 15:02:54,7.38
1,2025-01-01 15:03:19,7.66
1,2025-01-01 15:03:47,8.46
1,2025-01-01 15:04:00,9.38
1,2025-01-01 15:04:16,8.71
1,2025-01-01 15:04:39,8.21
1,2025-01-01 15:04:57,8.23
1,2025-01-01 15:05:26,7.7
1,2025-01-01 15:05:45,8.77
1,2025-01-01 15:05:51,8.47
1,2025-01-01 15:06:06,7.83
1,2025-01-01 15:06:35,6.86
1,2025-01-01 15:06:52,6.92
1,2025-01-01 15:07:15,6.02
1,2025-01-01 15:07:28,6.29
1,2025-01-01 15:07:49,7.29
1,2025-01-01 15:08:05,6.52
1,2025-01-01 15:08:18,5.44
1,2025-01-01 15:08:33,5.57
1,2025-01-01 15:08:42,5.67
1,2025-01-01 15:09:03,6.36
1,2025-01-01 15:09:18,5.38
1,2025-01-01 15:09:27,5.98
1,2025-01-01 15:09:53,6.2
1,2025-01-01 15:10:02,5.23
1,2025-01-01 15:10:08,4.22
1,2025-01-01 15:10:24,4.13
1,2025-01-01 15:10:52,3.19
1,2025-01-01 15:11:10,2.64
1,2025-01-01 15:11:26,2.84
1,2025-01-01 15:11:39,2.39
1,2025-01-01 15:11:58,1.58
1,2025-01-01 15:12:07,1.39
1,2025-01-01 15:12:27,1.49
1,2025-01-01 15:12:38,0.4
1,2025-01-01 15:13:08,0.93
1,2025-01-01 15:13:14,0.46
1,2025-01-01 15:13:19,1.16
1,2025-01-01 15:13:25,2.02
1,2025-01-01 15:13:33,2.35
1,2025-01-01 15:13:56,1.75
1,2025-01-01 15:14:13,1.51
1,2025-01-01 15:14:36,2.46
1,2025-01-01 15:14:43,1.68
1,2025-01-01 15:15:02,1.84
1,2025-01-01 15:15:27,1.01
1,2025-01-01 15:15:39,0.1
1,2025-01-01 15:15:53,-0.65
1,2025-01-01 15:16:21,-1.66
1,2025-01-01 15:16:39,-1.39
1,2025-01-01 15:17:07,-1.89
1,2025-01-01 15:17:28,-1.79
1,2025-01-01 15:17:39,-2.36
1,2025-01-01 15:17:49,-1.69
1,2025-01-01 15:18:01,-1.34
1,2025-01-01 15:18:28,-1.2
1,2025-01-01 15:18:35,-0.44
1,2025-01-01 15:18:48,0.17
1,2025-01-01 15:19:11,-0.47
1,2025-01-01 15:19:21,-0.82
1,2025-01-01 15:19:46,0.27
1,2025-01-01 15:20:15,1.07
1,2025-01-01 15:20:38,1.06
1,2025-01-01 15:20:45,0.8
1,2025-01-01 15:21:01,1.34
1,2025-01-01 15:21:18,1.86
1,2025-01-01 15:21:31,2.75
1,2025-01-01 15:21:46,2.19
1,2025-01-01 15:22:09,2.76
1,2025-01-01 15:22:28,3.24
1,2025-01-01 15:22:43,3.71
1,2025-01-01 15:22:48,4.22
1,2025-01-01 15:22:59,3.54
1,2025-01-01 15:23:23,4.43
1,2025-01-01 15:23:40,3.75
1,2025-01-01 15:24:02,4.26
1,2025-01-01 15:24:25,4.76
1,2025-01-01 15:24:33,4.86
1,2025-01-01 15:24:56,4.29
1,2025-01-01 15:25:04,4.93
1,2025-01-01 15:25:17,5.71
1,2025-01-01 15:25:28,5.72
1,2025-01-01 15:25:57,6.04
1,2025-01-01 15:26:18,6.07
1,2025-01-01 15:26:40,6.53
1,2025-01-01 15:26:56,5.79
1,2025-01-01 15:27:12,6.27
1,2025-01-01 15:27:42,5.47
1,2025-01-01 15:28:07,5.51
1,2025-01-01 15:28:37,6.04
1,2025-01-01 15:29:04,6.13
1,2025-01-01 15:29:27,5.04
1,2025-01-01 15:29:53,5.01
1,2025-01-01 15:30:15,5.6
1,2025-01-01 15:30:26,6.35
1,2025-01-01 15:30:37,5.5
1,2025-01-01 15:30:43,4.93
1,2025-01-01 15:31:13,4.99
1,2025-01-01 15:31:33,5.54
1,2025-01-01 15:31:47,4.84
1,2025-01-01 15:31:57,4.65
1,2025-01-01 15:32:05,4.12
1,2025-01-01 15:32:26,4.61
1,2025-01-01 15:32:49,4.98
1,2025-01-01 15:32:56,4.72
1,2025-01-01 15:33:14,5.45
1,2025-01-01 15:33:19,6.19
1,2025-01-01 15:33:24,5.34
1,2025-01-01 15:33:47,5.75
1,2025-01-01 15:34:05,5.53
1,2025-01-01 15:34:25,5.5
1,2025-01-01 15:34:54,4.52
1,2025-01-01 15:35:24,4.21
1,2025-01-01 15:35:52,4.51
1,2025-01-01 15:36:19,3.52
1,2025-01-01 15:36:43,3.54
1,2025-01-01 15:37:01,4.47
1,2025-01-01 15:37:24,5.14
1,2025-01-01 15:37:33,4.36
1,2025-01-01 15:38:00,5.02
1,2025-01-01 15:38:09,4.65
1,2025-01-01 15:38:27,4.96
1,2025-01-01 15:38:37,4.14
1,2025-01-01 15:38:51,3.24
1,2025-01-01 15:39:05,3.68
1,2025-01-01 15:39:12,3.57
1,2025-01-01 15:39:29,2.88
1,2025-01-01 15:39:56,3.54
1,2025-01-01 15:40:14,3.79
1,2025-01-01 15:40:34,4.05
1,2025-01-01 15:40:51,3.85
1,2025-01-01 15:41:11,3.69
1,2025-01-01 15:41:35,4.34
1,2025-01-01 15:42:00,4.12
1,2025-01-01 15:42:17,3.99
1,2025-01-01 15:42:44,4.52
1,2025-01-01 15:43:00,4.14
1,2025-01-01 15:43:07,4.55
1,2025-01-01 15:43:35,4.46
1,2025-01-01 15:43:57,4.22
1,2025-01-01 15:44:10,5.13
1,2025-01-01 15:44:40,5.84
1,2025-01-01 15:45:09,6.19
1,2025-01-01 15:45:20,6.01
1,2025-01-01 15:45:37,6.28
1,2025-01-01 15:45:55,6.79
1,2025-01-01 15:46:19,6.93
1,2025-01-01 15:46:40,7.38
1,2025-01-01 15:46:45,8.38
1,2025-01-01 15:46:59,8.12
1,2025-01-01 15:47:19,8.42
1,2025-01-01 15:47:28,9.46
1,2025-01-01 15:47:45,10.5
1,2025-01-01 15:48:05,9.96
1,2025-01-01 15:48:13,9.51
1,2025-01-01 15:48:38,8.56
1,2025-01-01 15:49:08,7.71
1,2025-01-01 15:49:25,7.11
1,2025-01-01 15:49:49,7.78
1,2025-01-01 15:50:19,8.12
1,2025-01-01 15:50:46,8.29
1,2025-01-01 15:51:01,8.99
1,2025-01-01 15:51:25,9.83
1,2025-01-01 15:51:52,10.2
1,2025-01-01 15:52:01,9.8
1,2025-01-01 15:52:11,10.54
1,2025-01-01 15:52:17,9.8
1,2025-01-01 15:52:35,10.02
1,2025-01-01 15:52:49,10.61
1,2025-01-01 15:53:15,11.06
1,2025-01-01 15:53:39,10.63
1,2025-01-01 15:53:50,10.94
1,2025-01-01 15:53:56,11.13
1,2025-01-01 15:54:10,10.83
1,2025-01-01 15:54:32,9.84
1,2025-01-01 15:54:55,9.82
1,2025-01-01 15:55:24,9.66
1,2025-01-01 15:55:50,9.91
1,2025-01-01 15:56:05,9.41
1,2025-01-01 15:56:15,9.73
1,2025-01-01 15:56:20,9.02
1,2025-01-01 15:56:50,8.43
1,2025-01-01 15:57:17,7.43
1,2025-01-01 15:57:24,6.58
1,2025-01-01 15:57:33,7.56
1,2025-01-01 15:57:59,8.27
1,2025-01-01 15:58:07,8.15
1,2025-01-01 15:58:19,7.48
1,2025-01-01 15:58:44,8.42
1,2025-01-01 15:59:06,9.18
1,2025-01-01 15:59:14,8.64
1,2025-01-01 15:59:32,9.35
1,2025-01-01 15:59:47,8.57
1,2025-01-01 16:00:00,9.51
1,2025-01-01 16:00:14,8.43
1,2025-01-01 16:00:36,8.88
1,2025-01-01 16:01:01,8.54
1,2025-01-01 16:01:19,9.03
1,2025-01-01 16:01:25,8.74
1,2025-01-01 16:01:37,9.64
1,2025-01-01 16:02:05,10.2
1,2025-01-01 16:02:13,10.67
1,2025-01-01 16:02:36,10.51
1,2025-01-01 16:03:06,10.36
1,2025-01-01 16:03:33,9.75
1,2025-01-01 16:03:58,9.29
1,2025-01-01 16:04:05,10.12
1,2025-01-01 16:04:33,10.36
1,2025-01-01 16:04:57,10.96
1,2025-01-01 16:05:11,11.2
1,2025-01-01 16:05:18,11.93
1,2025-01-01 16:05:44,12.18
1,2025-01-01 16:05:57,11.38
1,2025-01-01 16:06:21,10.49
1,2025-01-01 16:06:34,10.84
1,2025-01-01 16:06:58,10.11
1,2025-01-01 16:07:28,10.7
1,2025-01-01 16:07:47,9.65
1,2025-01-01 16:08:01,10.16
1,2025-01-01 16:08:13,10.65
1,2025-01-01 16:08:23,10.65
1,2025-01-01 16:08:53,11.6
1,2025-01-01 16:09:11,10.9
1,2025-01-01 16:09:17,11.24
1,2025-01-01 16:09:44,11.88
1,2025-01-01 16:10:12,12.82
1,2025-01-01 16:10:23,12.82
1,2025-01-01 16:10:46,12.87
1,2025-01-01 16:11:09,11.87
1,2025-01-01 16:11:24,12.06
1,2025-01-01 16:11:53,12.29
1,2025-01-01 16:12:14,12.53
1,2025-01-01 16:12:43,11.64
1,2025-01-01 16:13:09,11.7
1,2025-01-01 16:13:26,11.42
1,2025-01-01 16:13:52,10.61
1,2025-01-01 16:14:02,10.56
1,2025-01-01 16:14:09,11.42
1,2025-01-01 16:14:33,10.98
1,2025-01-01 16:14:38,11.78
1,2025-01-01 16:15:06,12.27
1,2025-01-01 16:15:30,12.73
1,2025-01-01 16:15:49,13.63
1,2025-01-01 16:16:01,14.07
1,2025-01-01 16:16:16,14.82
1,2025-01-01 16:16:44,14.94
1,2025-01-01 16:17:11,13.87
1,2025-01-01 16:17:29,14.87
1,2025-01-01 16:17:44,13.94
1,2025-01-01 16:18:05,12.85
1,2025-01-01 16:18:27,12.95
1,2025-01-01 16:18:53,12.49
1,2025-01-01 16:19:14,13.08
1,2025-01-01 16:19:33,13.13
1,2025-01-01 16:19:48,13.54
1,2025-01-01 16:19:55,13.53
1,2025-01-01 16:20:07,14.23
1,2025-01-01 16:20:15,14.21
1,2025-01-01 16:20:35,14.05
1,2025-01-01 16:20:59,12.98
1,2025-01-01 16:21:20,13.25
1,2025-01-01 16:21:39,12.35
1,2025-01-01 16:22:08,11.99
1,2025-01-01 16:22:27,11.48
1,2025-01-01 16:22:32,11.82
1,2025-01-01 16:22:51,11.76
1,2025-01-01 16:23:18,11.49
1,2025-01-01 16:23:37,11.66
1,2025-01-01 16:24:04,11.31
1,2025-01-01 16:24:18,11.72
1,2025-01-01 16:24:28,11.32
1,2025-01-01 16:24:49,11.77
1,2025-01-01 16:25:07,11.49
1,2025-01-01 16:25:32,11.71
1,2025-01-01 16:25:49,11.43
1,2025-01-01 16:25:59,10.34
1,2025-01-01 16:26:23,10.76
1,2025-01-01 16:26:51,11.38
1,2025-01-01 16:27:03,11.18
1,2025-01-01 16:27:15,10.57
1,2025-01-01 16:27:26,10.81
1,2025-01-01 16:27:47,11.33
1,2025-01-01 16:27:54,12.26
1,2025-01-01 16:28:23,12.45
1,2025-01-01 16:28:38,12.23
1,2025-01-01 16:29:06,12.92
1,2025-01-01 16:29:26,13.68
1,2025-01-01 16:29:34,13.07
1,2025-01-01 16:30:03,13.35
1,2025-01-01 16:30:24,12.35
1,2025-01-01 16:30:46,12.33
1,2025-01-01 16:31:14,11.29
1,2025-01-01 16:31:42,10.46
1,2025-01-01 16:31:56,9.52
1,2025-01-01 16:32:04,8.76
1,2025-01-01 16:32:21,9.01
1,2025-01-01 16:32:49,9.87
1,2025-01-01 16:32:56,9.68
1,2025-01-01 16:33:15,8.88
1,2025-01-01 16:33:29,8.86
1,2025-01-01 16:33:43,7.77
1,2025-01-01 16:34:04,7.68
1,2025-01-01 16:34:23,8.01
1,2025-01-01 16:34:30,8.0
1,2025-01-01 16:34:54,8.2
1,2025-01-01 16:35:19,7.13
1,2025-01-01 16:35:41,7.55
1,2025-01-01 16:35:54,7.86
1,2025-01-01 16:36:17,7.45
1,2025-01-01 16:36:33,7.95
1,2025-01-01 16:36:51,7.04
1,2025-01-01 16:36:58,6.15
1,2025-01-01 16:37:15,6.66
1,2025-01-01 16:37:37,5.68
1,2025-01-01 16:38:07,6.21
1,2025-01-01 16:38:31,7.27
1,2025-01-01 16:39:00,7.67
1,2025-01-01 16:39:21,8.58
1,2025-01-01 16:39:43,7.54
1,2025-01-01 16:40:09,8.57
1,2025-01-01 16:40:27,8.85
1,2025-01-01 16:40:41,8.39
1,2025-01-01 16:41:10,7.44
1,2025-01-01 16:41:27,7.31
1,2025-01-01 16:41:49,6.29
1,2025-01-01 16:42:14,7.38
1,2025-01-01 16:42:37,6.99
1,2025-01-01 16:42:50,6.88
1,2025-01-01 16:43:14,7.02
1,2025-01-01 16:43:32,7.35
1,2025-01-01 16:43:45,8.39
1,2025-01-01 16:44:09,7.96
1,2025-01-01 16:44:29,8.37
1,2025-01-01 16:44:50,8.08
1,2025-01-01 16:45:14,8.16
1,2025-01-01 16:45:26,8.72
1,2025-01-01 16:45:35,8.06
1,2025-01-01 16:45:47,7.81
1,2025-01-01 16:46:06,6.75
1,2025-01-01 16:46:23,7.75
1,2025-01-01 16:46:44,7.18
1,2025-01-01 16:47:04,6.51
1,2025-01-01 16:47:28,6.1
1,2025-01-01 16:47:58,5.35
1,2025-01-01 16:48:15,5.51
1,2025-01-01 16:48:22,5.1
1,2025-01-01 16:48:40,5.34
1,2025-01-01 16:48:58,5.02
1,2025-01-01 16:49:19,5.9
1,2025-01-01 16:49:45,5.71
1,2025-01-01 16:50:13,6.74
1,2025-01-01 16:50:21,7.65
1,2025-01-01 16:50:37,7.05
1,2025-01-01 16:50:51,7.18
1,2025-01-01 16:50:56,6.94
1,2025-01-01 16:51:11,6.35
1,2025-01-01 16:51:37,6.62
1,2025-01-01 16:51:50,6.44
1,2025-01-01 16:52:16,7.15
1,2025-01-01 16:52:45,6.5
1,2025-01-01 16:52:58,7.21
1,2025-01-01 16:53:07,6.44
1,2025-01-01 16:53:14,6.35
1,2025-01-01 16:53:40,6.18
1,2025-01-01 16:54:04,5.96
1,2025-01-01 16:54:28,6.45
1,2025-01-01 16:54:46,7.05
1,2025-01-01 16:54:54,7.27
1,2025-01-01 16:55:00,7.81
1,2025-01-01 16:55:23,8.79
1,2025-01-01 16:55:44,7.89
1,2025-01-01 16:55:53,8.66
1,2025-01-01 16:56:17,8.09
1,2025-01-01 16:56:29,7.05
1,2025-01-01 16:56:58,7.86
1,2025-01-01 16:57:17,7.52
1,2025-01-01 16:57:36,8.56
1,2025-01-01 16:57:41,7.49
1,2025-01-01 16:57:51,6.65
1,2025-01-01 16:58:06,5.67
1,2025-01-01 16:58:11,6.63
1,2025-01-01 16:58:24,6.41
1,2025-01-01 16:58:37,6.55
1,2025-01-01 16:58:54,6.37
1,2025-01-01 16:59:17,5.32
1,2025-01-01 16:59:26,6.27
1,2025-01-01 16:59:53,7.12
1,2025-01-01 16:59:59,6.56
1,2025-01-01 17:00:24,7.36
1,2025-01-01 17:00:44,6.5
1,2025-01-01 17:01:03,5.96
1,2025-01-01 17:01:26,4.91
1,2025-01-01 17:01:32,5.78
1,2025-01-01 17:01:47,5.37
1,2025-01-01 17:01:59,5.68
1,2025-01-01 17:02:09,6.7
1,2025-01-01 17:02:33,6.98
1,2025-01-01 17:02:42,7.96
1,2025-01-01 17:03:03,8.13
1,2025-01-01 17:03:31,8.78
1,2025-01-01 17:03:53,9.84
1,2025-01-01 17:04:15,9.66
1,2025-01-01 17:04:26,9.21
1,2025-01-01 17:04:55,9.59
1,2025-01-01 17:05:15,10.27
1,2025-01-01 17:05:29,9.61
1,2025-01-01 17:05:47,9.39
1,2025-01-01 17:06:08,8.62
1,2025-01-01 17:06:31,8.54
1,2025-01-01 17:06:58,9.54
1,2025-01-01 17:07:05,9.66
1,2025-01-01 17:07:10,8.58
1,2025-01-01 17:07:20,9.06
1,2025-01-01 17:07:36,8.41
1,2025-01-01 17:07:54,8.54
1,2025-01-01 17:08:22,9.59
1,2025-01-01 17:08:38,8.97
1,2025-01-01 17:08:43,9.61
1,2025-01-01 17:08:50,9.09
1,2025-01-01 17:08:56,8.63
1,2025-01-01 17:09:03,9.29
1,2025-01-01 17:09:25,8.61
1,2025-01-01 17:09:41,8.01
1,2025-01-01 17:10:00,7.08
1,2025-01-01 17:10:25,6.95
1,2025-01-01 17:10:50,7.09
1,2025-01-01 17:11:20,6.25
1,2025-01-01 17:11:37,6.98
1,2025-01-01 17:11:50,7.83
1,2025-01-01 17:12:18,7.99
1,2025-01-01 17:12:43,8.6
1,2025-01-01 17:12:51,9.69
1,2025-01-01 17:13:08,9.11
1,2025-01-01 17:13:35,8.17
1,2025-01-01 17:13:54,7.36
1,2025-01-01 17:14:10,6.99
1,2025-01-01 17:14:20,6.17
1,2025-01-01 17:14:42,6.54
1,2025-01-01 17:14:50,6.67
1,2025-01-01 17:15:11,6.06
1,2025-01-01 17:15:39,6.41
1,2025-01-01 17:15:57,6.87
1,2025-01-01 17:16:10,7.49
1,2025-01-01 17:16:21,7.06
1,2025-01-01 17:16:45,6.39
1,2025-01-01 17:16:57,6.27
1,2025-01-01 17:17:11,7.26
1,2025-01-01 17:17:29,7.99
1,2025-01-01 17:17:50,8.93
1,2025-01-01 17:18:12,8.79
1,2025-01-01 17:18:19,8.64
1,2025-01-01 17:18:27,9.53
1,2025-01-01 17:18:50,8.95
1,2025-01-01 17:19:02,8.22
1,2025-01-01 17:19:27,8.37
1,2025-01-01 17:19:50,8.17
1,2025-01-01 17:20:18,7.48
1,2025-01-01 17:20:39,7.67
1,2025-01-01 17:20:58,7.83
1,2025-01-01 17:21:24,8.16
1,2025-01-01 17:21:52,7.65
1,2025-01-01 17:22:02,7.83
1,2025-01-01 17:22:17,8.57
1,2025-01-01 17:22:34,7.57
1,2025-01-01 17:22:52,8.34
1,2025-01-01 17:23:00,7.68
1,2025-01-01 17:23:19,7.69
1,2025-01-01 17:23:31,7.26
1,2025-01-01 17:23:49,7.78
1,2025-01-01 17:24:10,7.35
1,2025-01-01 17:24:36,6.91
1,2025-01-01 17:24:44,6.85
1,2025-01-01 17:25:10,7.27
1,2025-01-01 17:25:16,7.8
1,2025-01-01 17:25:31,6.77
1,2025-01-01 17:25:56,6.1
1,2025-01-01 17:26:09,5.34
1,2025-01-01 17:26:34,4.39
1,2025-01-01 17:26:52,3.38
1,2025-01-01 17:27:11,2.43
1,2025-01-01 17:27:40,2.42
1,2025-01-01 17:28:07,1.47
1,2025-01-01 17:28:23,0.55
1,2025-01-01 17:28:33,-0.12
1,2025-01-01 17:29:01,-0.52
1,2025-01-01 17:29:23,-0.62
1,2025-01-01 17:29:38,-0.7
1,2025-01-01 17:29:46,-1.25
1,2025-01-01 17:29:53,-2.02
1,2025-01-01 17:30:22,-1.42
1,2025-01-01 17:30:31,-0.75
1,2025-01-01 17:30:40,-1.49
1,2025-01-01 17:31:09,-0.95
1,2025-01-01 17:31:29,-1.57
1,2025-01-01 17:31:45,-1.63
1,2025-01-01 17:31:50,-2.33
1,2025-01-01 17:32:04,-2.21
1,2025-01-01 17:32:18,-1.29
1,2025-01-01 17:32:41,-1.75
1,2025-01-01 17:32:56,-1.6
1,2025-01-01 17:33:09,-0.85
1,2025-01-01 17:33:33,-1.14
1,2025-01-01 17:33:49,-0.48
1,2025-01-01 17:34:00,-1.46
1,2025-01-01 17:34:25,-1.77
1,2025-01-01 17:34:48,-1.05
1,2025-01-01 17:34:56,-1.27
1,2025-01-01 17:35:16,-1.28
1,2025-01-01 17:35:36,-1.48
1,2025-01-01 17:35:57,-2.56
1,2025-01-01 17:36:15,-2.23
1,2025-01-01 17:36:28,-1.81
1,2025-01-01 17:36:41,-2.42
1,2025-01-01 17:37:03,-2.6
1,2025-01-01 17:37:30,-1.94
1,2025-01-01 17:37:36,-0.97
1,2025-01-01 17:37:58,-1.75
1,2025-01-01 17:38:25,-2.0
1,2025-01-01 17:38:38,-1.26
1,2025-01-01 17:39:05,-2.16
1,2025-01-01 17:39:14,-2.47
1,2025-01-01 17:39:35,-3.26
1,2025-01-01 17:40:01,-3.74
1,2025-01-01 17:40:14,-2.98
1,2025-01-01 17:40:34,-2.66
1,2025-01-01 17:40:56,-2.29
1,2025-01-01 17:41:05,-2.37
1,2025-01-01 17:41:35,-2.85
1,2025-01-01 17:41:40,-3.89
1,2025-01-01 17:41:57,-4.38
1,2025-01-01 17:42:10,-4.43
1,2025-01-01 17:42:19,-4.58
1,2025-01-01 17:42:46,-5.37
1,2025-01-01 17:43:16,-6.46
1,2025-01-01 17:43:21,-5.97
1,2025-01-01 17:43:51,-5.04
1,2025-01-01 17:43:59,-5.83
1,2025-01-01 17:44:18,-6.13
1,2025-01-01 17:44:43,-6.64
1,2025-01-01 17:44:53,-7.62
1,2025-01-01 17:44:58,-6.65
1,2025-01-01 17:45:11,-5.63
1,2025-01-01 17:45:32,-6.55
1,2025-01-01 17:45:44,-6.82
1,2025-01-01 17:45:51,-7.02
1,2025-01-01 17:46:20,-6.21
1,2025-01-01 17:46:48,-5.63
1,2025-01-01 17:47:12,-5.48
1,2025-01-01 17:47:30,-6.46
1,2025-01-01 17:47:48,-5.9
1,2025-01-01 17:48:16,-5.86
1,2025-01-01 17:48:40,-4.84
1,2025-01-01 17:48:52,-4.55
1,2025-01-01 17:49:03,-4.74
1,2025-01-01 17:49:29,-5.03
1,2025-01-01 17:49:59,-5.75
1,2025-01-01 17:50:11,-6.59
1,2025-01-01 17:50:21,-5.71
1,2025-01-01 17:50:47,-4.73
1,2025-01-01 17:51:03,-3.83
1,2025-01-01 17:51:24,-4.08
1,2025-01-01 17:51:53,-4.2
1,2025-01-01 17:52:20,-3.38
1,2025-01-01 17:52:40,-4.15
1,2025-01-01 17:52:50,-4.59
1,2025-01-01 17:53:15,-4.44
1,2025-01-01 17:53:27,-5.41
1,2025-01-01 17:53:33,-5.16
1,2025-01-01 17:53:48,-5.1
1,2025-01-01 17:54:01,-4.4
1,2025-01-01 17:54:29,-4.22
1,2025-01-01 17:54:39,-3.72
1,2025-01-01 17:54:45,-3.89
1,2025-01-01 17:55:10,-4.01
1,2025-01-01 17:55:26,-3.48
1,2025-01-01 17:55:48,-2.8
1,2025-01-01 17:56:11,-2.58
1,2025-01-01 17:56:21,-1.97
1,2025-01-01 17:56:35,-1.18
1,2025-01-01 17:56:55,-0.26
1,2025-01-01 17:57:24,-0.18
1,2025-01-01 17:57:49,-0.84
1,2025-01-01 17:58:16,-1.71
1,2025-01-01 17:58:44,-2.12
1,2025-01-01 17:58:59,-2.25
1,2025-01-01 17:59:13,-2.06
1,2025-01-01 17:59:30,-1.38
1,2025-01-01 17:59:48,-2.04
1,2025-01-01 18:00:09,-2.21
1,2025-01-01 18:00:39,-1.94
1,2025-01-01 18:01:07,-0.84
1,2025-01-01 18:01:25,-0.1
1,2025-01-01 18:01:35,-0.93
1,2025-01-01 18:01:57,-1.16
1,2025-01-01 18:02:04,-1.45
1,2025-01-01 18:02:12,-0.61
1,2025-01-01 18:02:29,-0.01
1,2025-01-01 18:02:55,-0.17
1,2025-01-01 18:03:12,-0.95
1,2025-01-01 18:03:40,0.1
1,2025-01-01 18:04:09,-0.18
1,2025-01-01 18:04:36,-1.05
1,2025-01-01 18:05:00,-0.96
1,2025-01-01 18:05:11,-1.31
1,2025-01-01 18:05:23,-1.11
1,2025-01-01 18:05:53,-0.13
1,2025-01-01 18:06:21,0.51
1,2025-01-01 18:06:46,0.54
1,2025-01-01 18:07:00,0.98
1,2025-01-01 18:07:26,0.25
1,2025-01-01 18:07:42,-0.57
1,2025-01-01 18:08:12,-0.17
1,2025-01-01 18:08:37,0.38
1,2025-01-01 18:08:57,0.74
1,2025-01-01 18:09:04,-0.02
1,2025-01-01 18:09:23,-0.51
1,2025-01-01 18:09:36,0.05
1,2025-01-01 18:09:45,1.13
1,2025-01-01 18:10:10,2.2
1,2025-01-01 18:10:20,2.09
1,2025-01-01 18:10:26,1.24
1,2025-01-01 18:10:45,2.07
1,2025-01-01 18:10:50,2.27
1,2025-01-01 18:11:09,2.46
1,2025-01-01 18:11:38,1.97
1,2025-01-01 18:12:03,2.8
1,2025-01-01 18:12:22,3.76
1,2025-01-01 18:12:52,4.06
1,2025-01-01 18:13:00,4.15
1,2025-01-01 18:13:12,3.69
1,2025-01-01 18:13:25,3.53
1,2025-01-01 18:13:47,3.79
1,2025-01-01 18:14:02,4.51
1,2025-01-01 18:14:29,5.12
1,2025-01-01 18:14:44,5.33
1,2025-01-01 18:14:55,4.23
1,2025-01-01 18:15:12,4.69
1,2025-01-01 18:15:38,5.53
1,2025-01-01 18:15:44,5.39
1,2025-01-01 18:16:08,6.08
1,2025-01-01 18:16:29,6.79
1,2025-01-01 18:16:37,6.81
1,2025-01-01 18:16:59,6.95
1,2025-01-01 18:17:24,5.98
1,2025-01-01 18:17:35,5.65
1,2025-01-01 18:17:48,5.33
1,2025-01-01 18:18:04,5.1
1,2025-01-01 18:18:14,4.81
1,2025-01-01 18:18:41,5.06
1,2025-01-01 18:18:51,5.82
1,2025-01-01 18:19:05,6.38
1,2025-01-01 18:19:23,6.5
1,2025-01-01 18:19:37,7.12
1,2025-01-01 18:19:49,7.8
1,2025-01-01 18:19:58,8.09
1,2025-01-01 18:20:24,8.85
1,2025-01-01 18:20:41,8.89
1,2025-01-01 18:20:52,9.67
1,2025-01-01 18:20:57,9.82
1,2025-01-01 18:21:17,10.15
1,2025-01-01 18:21:41,9.84
1,2025-01-01 18:21:59,9.83
1,2025-01-01 18:22:24,10.04
1,2025-01-01 18:22:50,10.75
1,2025-01-01 18:22:57,10.93
1,2025-01-01 18:23:08,10.16
1,2025-01-01 18:23:24,11.2
1,2025-01-01 18:23:51,10.62
1,2025-01-01 18:24:08,10.88
1,2025-01-01 18:24:24,11.35
1,2025-01-01 18:24:36,10.32
1,2025-01-01 18:24:43,10.13
1,2025-01-01 18:25:04,10.81
1,2025-01-01 18:25:19,10.96
1,2025-01-01 18:25:48,11.61
1,2025-01-01 18:26:08,11.44
1,2025-01-01 18:26:23,12.51
1,2025-01-01 18:26:34,13.42
1,2025-01-01 18:26:45,12.85
1,2025-01-01 18:27:06,12.74
1,2025-01-01 18:27:36,12.27
1,2025-01-01 18:27:54,12.2
1,2025-01-01 18:28:14,12.18
1,2025-01-01 18:28:34,12.9
1,2025-01-01 18:28:42,12.85
1,2025-01-01 18:29:12,11.83
1,2025-01-01 18:29:28,12.22
1,2025-01-01 18:29:38,12.36
1,2025-01-01 18:29:52,12.92
1,2025-01-01 18:30:15,13.37
1,2025-01-01 18:30:25,12.57
1,2025-01-01 18:30:43,13.32
1,2025-01-01 18:31:02,12.28
1,2025-01-01 18:31:13,12.63
1,2025-01-01 18:31:30,12.85
1,2025-01-01 18:31:57,12.91
1,2025-01-01 18:32:14,13.82
1,2025-01-01 18:32:24,14.68
1,2025-01-01 18:32:49,14.06
1,2025-01-01 18:32:58,13.53
1,2025-01-01 18:33:23,13.14
1,2025-01-01 18:33:40,14.15
1,2025-01-01 18:33:53,14.66
1,2025-01-01 18:34:11,15.22
1,2025-01-01 18:34:16,15.43
1,2025-01-01 18:34:24,14.67
1,2025-01-01 18:34:47,13.58
1,2025-01-01 18:35:03,12.82
1,2025-01-01 18:35:31,12.66
1,2025-01-01 18:35:40,13.53
1,2025-01-01 18:36:07,14.06
1,2025-01-01 18:36:22,14.31
1,2025-01-01 18:36:46,13.26
1,2025-01-01 18:36:57,14.24
1,2025-01-01 18:37:11,14.66
1,2025-01-01 18:37:22,14.11
1,2025-01-01 18:37:39,14.94
1,2025-01-01 18:37:52,15.46
1,2025-01-01 18:38:00,16.53
1,2025-01-01 18:38:22,16.18
1,2025-01-01 18:38:48,15.43
1,2025-01-01 18:39:03,14.6
1,2025-01-01 18:39:28,14.72
1,2025-01-01 18:39:52,14.93
1,2025-01-01 18:40:17,15.3
1,2025-01-01 18:40:37,15.07
1,2025-01-01 18:40:57,15.34
1,2025-01-01 18:41:06,14.69
1,2025-01-01 18:41:13,14.39
1,2025-01-01 18:41:40,13.67
1,2025-01-01 18:41:56,13.66
1,2025-01-01 18:42:08,13.71
1,2025-01-01 18:42:28,13.89
1,2025-01-01 18:42:51,14.27
1,2025-01-01 18:43:06,14.29
1,2025-01-01 18:43:26,14.51
1,2025-01-01 18:43:44,14.18
1,2025-01-01 18:44:01,14.84
1,2025-01-01 18:44:16,14.82
1,2025-01-01 18:44:27,14.05
1,2025-01-01 18:44:46,13.32
1,2025-01-01 18:45:03,14.16
1,2025-01-01 18:45:21,14.98
1,2025-01-01 18:45:46,14.9
1,2025-01-01 18:46:12,15.75
1,2025-01-01 18:46:21,16.61
1,2025-01-01 18:46:43,17.27
1,2025-01-01 18:46:53,16.63
1,2025-01-01 18:47:03,15.77
1,2025-01-01 18:47:17,15.6
1,2025-01-01 18:47:41,14.94
1,2025-01-01 18:48:05,15.42
1,2025-01-01 18:48:16,15.34
1,2025-01-01 18:48:44,14.31
1,2025-01-01 18:49:03,13.8
1,2025-01-01 18:49:08,14.49
1,2025-01-01 18:49:29,14.74
1,2025-01-01 18:49:42,14.82
1,2025-01-01 18:49:48,13.75
1,2025-01-01 18:50:16,14.22
1,2025-01-01 18:50:36,13.5
1,2025-01-01 18:51:04,13.16
1,2025-01-01 18:51:09,13.88
1,2025-01-01 18:51:30,14.84
1,2025-01-01 18:51:43,15.25
1,2025-01-01 18:51:55,15.71
1,2025-01-01 18:52:11,14.83
1,2025-01-01 18:52:21,13.97
1,2025-01-01 18:52:30,13.68
1,2025-01-01 18:52:54,12.99
1,2025-01-01 18:53:22,12.33
1,2025-01-01 18:53:37,12.43
1,2025-01-01 18:54:02,11.94
1,2025-01-01 18:54:23,12.61
1,2025-01-01 18:54:34,12.0
1,2025-01-01 18:54:49,12.32
1,2025-01-01 18:55:09,12.88
1,2025-01-01 18:55:16,12.09
1,2025-01-01 18:55:22,12.69
1,2025-01-01 18:55:37,13.08
1,2025-01-01 18:55:47,13.61
1,2025-01-01 18:56:08,14.02
1,2025-01-01 18:56:17,12.97
1,2025-01-01 18:56:39,12.09
1,2025-01-01 18:57:04,13.18
1,2025-01-01 18:57:17,12.16
1,2025-01-01 18:57:27,12.63
1,2025-01-01 18:57:44,13.1
1,2025-01-01 18:58:08,12.3
1,2025-01-01 18:58:31,12.38
1,2025-01-01 18:58:41,12.87
1,2025-01-01 18:58:58,12.83
1,2025-01-01 18:59:04,13.24
1,2025-01-01 18:59:12,13.97
1,2025-01-01 18:59:35,13.96
1,2025-01-01 19:00:05,13.63
1,2025-01-01 19:00:11,13.15
1,2025-01-01 19:00:32,13.65
1,2025-01-01 19:00:50,14.46
1,2025-01-01 19:01:05,13.68
1,2025-01-01 19:01:35,14.5
1,2025-01-01 19:01:47,14.26
1,2025-01-01 19:02:12,14.59
1,2025-01-01 19:02:26,14.11
1,2025-01-01 19:02:41,14.13
1,2025-01-01 19:03:06,13.61
1,2025-01-01 19:03:32,14.42
1,2025-01-01 19:03:50,14.15
1,2025-01-01 19:04:06,14.8
1,2025-01-01 19:04:12,14.16
1,2025-01-01 19:04:34,13.58
1,2025-01-01 19:04:54,14.34
1,2025-01-01 19:05:06,14.97
1,2025-01-01 19:05:33,15.16
1,2025-01-01 19:05:41,15.84
1,2025-01-01 19:05:56,16.34
1,2025-01-01 19:06:04,15.67
1,2025-01-01 19:06:29,16.4
1,2025-01-01 19:06:50,15.48
1,2025-01-01 19:07:09,16.33
1,2025-01-01 19:07:37,16.38
1,2025-01-01 19:07:57,16.74
1,2025-01-01 19:08:09,15.83
1,2025-01-01 19:08:37,14.86
1,2025-01-01 19:09:06,15.7
1,2025-01-01 19:09:35,14.75
1,2025-01-01 19:10:03,14.91
1,2025-01-01 19:10:21,15.17
1,2025-01-01 19:10:28,16.03
1,2025-01-01 19:10:33,16.57
1,2025-01-01 19:10:52,17.12
1,2025-01-01 19:11:00,17.22
1,2025-01-01 19:11:06,17.29
1,2025-01-01 19:11:28,17.13
1,2025-01-01 19:11:51,17.75
1,2025-01-01 19:12:10,17.73
1,2025-01-01 19:12:15,18.35
1,2025-01-01 19:12:29,17.45
1,2025-01-01 19:12:55,17.49
1,2025-01-01 19:13:03,16.63
1,2025-01-01 19:13:19,17.48
1,2025-01-01 19:13:25,17.6
1,2025-01-01 19:13:34,18.68
1,2025-01-01 19:13:59,18.35
1,2025-01-01 19:14:15,19.13
1,2025-01-01 19:14:31,19.1
1,2025-01-01 19:14:54,19.49
1,2025-01-01 19:15:03,20.08
1,2025-01-01 19:15:12,19.56
1,2025-01-01 19:15:21,20.3
1,2025-01-01 19:15:29,21.06
1,2025-01-01 19:15:40,20.29
1,2025-01-01 19:15:58,20.65
1,2025-01-01 19:16:21,19.86
1,2025-01-01 19:16:36,19.75
1,2025-01-01 19:16:50,19.59
1,2025-01-01 19:16:58,19.75
1,2025-01-01 19:17:12,20.43
1,2025-01-01 19:17:40,19.87
1,2025-01-01 19:18:04,20.17
1,2025-01-01 19:18:16,20.31
1,2025-01-01 19:18:33,19.48
1,2025-01-01 19:18:41,19.96
1,2025-01-01 19:18:53,19.88
1,2025-01-01 19:19:16,19.59
1,2025-01-01 19:19:30,19.47
1,2025-01-01 19:19:59,19.01
1,2025-01-01 19:20:08,19.37
1,2025-01-01 19:20:17,18.69
1,2025-01-01 19:20:24,18.97
1,2025-01-01 19:20:33,19.02
1,2025-01-01 19:20:49,18.84
1,2025-01-01 19:21:13,18.84
1,2025-01-01 19:21:41,17.86
1,2025-01-01 19:21:46,17.87
1,2025-01-01 19:22:14,18.33
1,2025-01-01 19:22:32,19.29
1,2025-01-01 19:22:49,19.44
1,2025-01-01 19:23:06,19.53
1,2025-01-01 19:23:12,20.17
1,2025-01-01 19:23:37,20.32
1,2025-01-01 19:23:56,19.32
1,2025-01-01 19:24:01,19.24
1,2025-01-01 19:24:18,18.7
1,2025-01-01 19:24:36,18.74
1,2025-01-01 19:24:47,19.04
1,2025-01-01 19:25:09,18.07
1,2025-01-01 19:25:24,17.39
1,2025-01-01 19:25:30,16.73
1,2025-01-01 19:25:48,16.97
1,2025-01-01 19:26:05,16.48
1,2025-01-01 19:26:17,16.04
1,2025-01-01 19:26:47,16.13
1,2025-01-01 19:27:05,16.84
1,2025-01-01 19:27:22,16.47
1,2025-01-01 19:27:46,17.28
1,2025-01-01 19:27:52,16.54
1,2025-01-01 19:28:01,17.48
1,2025-01-01 19:28:27,18.5
1,2025-01-01 19:28:41,19.48
1,2025-01-01 19:28:46,20.06
1,2025-01-01 19:29:06,20.03
1,2025-01-01 19:29:16,20.38
1,2025-01-01 19:29:41,19.41
1,2025-01-01 19:30:00,20.5
1,2025-01-01 19:30:26,21.3
1,2025-01-01 19:30:35,21.32
1,2025-01-01 19:31:05,20.81
1,2025-01-01 19:31:14,20.08
1,2025-01-01 19:31:43,20.15
1,2025-01-01 19:32:06,19.22
1,2025-01-01 19:32:28,20.24
1,2025-01-01 19:32:53,20.76
1,2025-01-01 19:32:59,20.03
1,2025-01-01 19:33:16,20.77
1,2025-01-01 19:33:40,20.86
1,2025-01-01 19:34:02,20.19
1,2025-01-01 19:34:26,20.52
1,2025-01-01 19:34:35,20.41
1,2025-01-01 19:34:56,20.01
1,2025-01-01 19:35:12,20.66
1,2025-01-01 19:35:28,19.75
1,2025-01-01 19:35:40,19.28
1,2025-01-01 19:35:51,19.58
1,2025-01-01 19:35:57,18.95
1,2025-01-01 19:36:09,18.79
1,2025-01-01 19:36:23,19.06
1,2025-01-01 19:36:45,18.39
1,2025-01-01 19:37:02,17.85
1,2025-01-01 19:37:20,18.3
1,2025-01-01 19:37:31,19.22
1,2025-01-01 19:37:44,18.91
1,2025-01-01 19:38:14,19.69
1,2025-01-01 19:38:44,19.31
1,2025-01-01 19:39:03,18.87
1,2025-01-01 19:39:32,19.08
1,2025-01-01 19:39:46,19.67
1,2025-01-01 19:40:15,19.12
1,2025-01-01 19:40:42,18.07
1,2025-01-01 19:40:57,18.59
1,2025-01-01 19:41:15,18.31
1,2025-01-01 19:41:44,17.52
1,2025-01-01 19:41:54,18.33
1,2025-01-01 19:42:23,18.12
1,2025-01-01 19:42:44,17.23
1,2025-01-01 19:42:50,17.96
1,2025-01-01 19:43:19,17.26
1,2025-01-01 19:43:34,17.25
1,2025-01-01 19:44:00,17.07
1,2025-01-01 19:44:16,16.78
1,2025-01-01 19:44:35,16.89
1,2025-01-01 19:44:54,16.09
1,2025-01-01 19:45:04,16.16
1,2025-01-01 19:45:10,17.18
1,2025-01-01 19:45:28,17.83
1,2025-01-01 19:45:38,18.28
1,2025-01-01 19:45:44,17.51
1,2025-01-01 19:45:56,18.14
1,2025-01-01 19:46:08,19.19
1,2025-01-01 19:46:19,18.2
1,2025-01-01 19:46:41,17.43
1,2025-01-01 19:46:50,17.38
1,2025-01-01 19:47:15,16.63
1,2025-01-01 19:47:28,17.46
1,2025-01-01 19:47:49,16.8
1,2025-01-01 19:48:10,15.79
1,2025-01-01 19:48:32,14.71
1,2025-01-01 19:48:39,13.93
1,2025-01-01 19:48:56,13.55
1,2025-01-01 19:49:18,13.03
1,2025-01-01 19:49:38,13.39
1,2025-01-01 19:50:02,14.15
1,2025-01-01 19:50:23,15.22
1,2025-01-01 19:50:38,15.17
1,2025-01-01 19:50:49,15.68
1,2025-01-01 19:51:00,16.19
1,2025-01-01 19:51:22,15.81
1,2025-01-01 19:51:45,16.72
1,2025-01-01 19:51:54,16.14
1,2025-01-01 19:52:07,15.71
1,2025-01-01 19:52:32,14.99
1,2025-01-01 19:52:53,15.68
1,2025-01-01 19:53:08,16.04
1,2025-01-01 19:53:29,16.36
1,2025-01-01 19:53:46,15.45
1,2025-01-01 19:53:53,14.49
1,2025-01-01 19:54:22,15.4
1,2025-01-01 19:54:44,14.36
1,2025-01-01 19:55:10,15.36
1,2025-01-01 19:55:21,14.98
1,2025-01-01 19:55:36,15.56
1,2025-01-01 19:55:52,16.32
1,2025-01-01 19:56:18,16.32
1,2025-01-01 19:56:35,17.38
1,2025-01-01 19:57:00,17.48
1,2025-01-01 19:57:15,16.57
1,2025-01-01 19:57:37,17.08
1,2025-01-01 19:57:48,18.09
1,2025-01-01 19:57:53,18.02
1,2025-01-01 19:58:00,17.46
1,2025-01-01 19:58:30,17.87
1,2025-01-01 19:58:47,17.3
1,2025-01-01 19:58:52,17.89
1,2025-01-01 19:59:06,18.13
1,2025-01-01 19:59:21,18.48
1,2025-01-01 19:59:42,18.06
1,2025-01-01 20:00:08,18.68
1,2025-01-01 20:00:36,17.69
1,2025-01-01 20:01:02,17.78
1,2025-01-01 20:01:26,17.18
1,2025-01-01 20:01:44,16.75
1,2025-01-01 20:02:06,15.71
1,2025-01-01 20:02:30,16.17
1,2025-01-01 20:02:36,16.72
1,2025-01-01 20:02:52,16.03
1,2025-01-01 20:03:14,16.68
1,2025-01-01 20:03:19,16.71
1,2025-01-01 20:03:36,17.41
1,2025-01-01 20:03:49,17.59
1,2025-01-01 20:04:02,18.19
1,2025-01-01 20:04:22,18.09
1,2025-01-01 20:04:44,19.03
1,2025-01-01 20:05:10,18.88
1,2025-01-01 20:05:28,18.95
1,2025-01-01 20:05:36,18.77
1,2025-01-01 20:06:04,18.99
1,2025-01-01 20:06:14,18.86
1,2025-01-01 20:06:22,19.62
1,2025-01-01 20:06:44,20.35
1,2025-01-01 20:06:56,21.05
1,2025-01-01 20:07:01,20.61
1,2025-01-01 20:07:14,21.24
1,2025-01-01 20:07:35,21.84
1,2025-01-01 20:07:40,21.04
1,2025-01-01 20:07:51,20.52
1,2025-01-01 20:07:58,21.13
1,2025-01-01 20:08:11,20.5
1,2025-01-01 20:08:28,20.56
1,2025-01-01 20:08:56,20.59
1,2025-01-01 20:09:08,20.5
1,2025-01-01 20:09:23,20.88
1,2025-01-01 20:09:32,21.21
1,2025-01-01 20:09:41,22.11
1,2025-01-01 20:10:06,21.82
1,2025-01-01 20:10:20,22.38
1,2025-01-01 20:10:25,21.62
1,2025-01-01 20:10:47,21.38
1,2025-01-01 20:11:04,21.27
1,2025-01-01 20:11:09,20.97
1,2025-01-01 20:11:38,20.34
1,2025-01-01 20:12:01,20.79
1,2025-01-01 20:12:12,20.75
1,2025-01-01 20:12:26,21.42
1,2025-01-01 20:12:45,22.16
1,2025-01-01 20:12:56,23.19
1,2025-01-01 20:13:11,24.22
1,2025-01-01 20:13:28,24.23
1,2025-01-01 20:13:43,25.21
1,2025-01-01 20:14:03,24.99
1,2025-01-01 20:14:13,24.03
1,2025-01-01 20:14:27,23.81
1,2025-01-01 20:14:46,23.46
1,2025-01-01 20:14:57,24.21
1,2025-01-01 20:15:21,24.02
1,2025-01-01 20:15:30,24.44
1,2025-01-01 20:15:44,25.34
1,2025-01-01 20:16:04,25.21
1,2025-01-01 20:16:11,25.27
1,2025-01-01 20:16:34,24.22
1,2025-01-01 20:16:52,24.27
1,2025-01-01 20:17:01,24.11
1,2025-01-01 20:17:14,23.49
1,2025-01-01 20:17:31,24.11
1,2025-01-01 20:17:46,24.7
1,2025-01-01 20:17:52,25.41
1,2025-01-01 20:18:00,25.4
1,2025-01-01 20:18:25,24.53
1,2025-01-01 20:18:44,24.29
1,2025-01-01 20:18:55,25.29
1,2025-01-01 20:19:09,25.08
1,2025-01-01 20:19:31,25.1
1,2025-01-01 20:19:40,25.56
1,2025-01-01 20:19:55,26.29
1,2025-01-01 20:20:12,25.7
1,2025-01-01 20:20:26,26.09
1,2025-01-01 20:20:42,26.91
1,2025-01-01 20:20:47,26.99
1,2025-01-01 20:21:15,26.1
1,2025-01-01 20:21:24,25.11
1,2025-01-01 20:21:53,25.48
1,2025-01-01 20:22:02,25.15
1,2025-01-01 20:22:20,25.15
1,2025-01-01 20:22:42,24.65
1,2025-01-01 20:22:47,24.28
1,2025-01-01 20:23:08,23.29
1,2025-01-01 20:23:32,23.4
1,2025-01-01 20:23:44,23.44
1,2025-01-01 20:24:14,23.59
1,2025-01-01 20:24:32,24.24
1,2025-01-01 20:24:42,24.11
1,2025-01-01 20:25:05,24.78
1,2025-01-01 20:25:32,25.08
1,2025-01-01 20:25:50,24.31
1,2025-01-01 20:26:01,23.53
1,2025-01-01 20:26:29,24.37
1,2025-01-01 20:26:40,23.69
1,2025-01-01 20:26:49,23.58
1,2025-01-01 20:27:16,23.98
1,2025-01-01 20:27:25,24.66
1,2025-01-01 20:27:30,24.01
1,2025-01-01 20:27:41,23.86
1,2025-01-01 20:27:57,23.24
1,2025-01-01 20:28:26,23.9
1,2025-01-01 20:28:56,24.46
1,2025-01-01 20:29:20,24.32
1,2025-01-01 20:29:36,23.26
1,2025-01-01 20:29:54,23.72
1,2025-01-01 20:30:05,22.7
1,2025-01-01 20:30:11,23.07
1,2025-01-01 20:30:37,23.68
1,2025-01-01 20:31:07,23.44
1,2025-01-01 20:31:19,22.59
1,2025-01-01 20:31:46,21.67
1,2025-01-01 20:31:52,21.82
1,2025-01-01 20:32:03,22.76
1,2025-01-01 20:32:24,21.94
1,2025-01-01 20:32:45,21.94
1,2025-01-01 20:33:00,21.7
1,2025-01-01 20:33:27,21.73
1,2025-01-01 20:33:33,20.89
1,2025-01-01 20:33:47,20.38
1,2025-01-01 20:33:58,19.43
1,2025-01-01 20:34:20,19.42
1,2025-01-01 20:34:36,19.41
1,2025-01-01 20:34:43,19.72
1,2025-01-01 20:34:55,20.2
1,2025-01-01 20:35:18,19.61
1,2025-01-01 20:35:41,19.2
1,2025-01-01 20:36:05,19.53
1,2025-01-01 20:36:26,20.52
1,2025-01-01 20:36:39,21.23
1,2025-01-01 20:36:51,21.25
1,2025-01-01 20:37:12,20.36
1,2025-01-01 20:37:42,20.75
1,2025-01-01 20:37:51,21.61
1,2025-01-01 20:38:11,22.48
1,2025-01-01 20:38:30,22.16
1,2025-01-01 20:38:53,22.62
1,2025-01-01 20:39:19,22.67
1,2025-01-01 20:39:29,22.38
1,2025-01-01 20:39:48,21.48
1,2025-01-01 20:39:54,22.13
1,2025-01-01 20:39:59,22.46
1,2025-01-01 20:40:14,22.28
1,2025-01-01 20:40:24,22.0
1,2025-01-01 20:40:50,22.74
1,2025-01-01 20:41:07,22.19
1,2025-01-01 20:41:16,23.22
1,2025-01-01 20:41:28,23.64
1,2025-01-01 20:41:40,24.47
1,2025-01-01 20:41:50,23.9
1,2025-01-01 20:42:16,22.95
1,2025-01-01 20:42:40,23.95
1,2025-01-01 20:43:07,24.3
1,2025-01-01 20:43:32,24.49
1,2025-01-01 20:43:40,24.38
1,2025-01-01 20:43:55,24.18
1,2025-01-01 20:44:00,23.91
1,2025-01-01 20:44:12,22.88
1,2025-01-01 20:44:22,22.81
1,2025-01-01 20:44:48,22.95
1,2025-01-01 20:45:02,21.88
1,2025-01-01 20:45:19,20.84
1,2025-01-01 20:45:36,21.5
1,2025-01-01 20:46:01,22.45
1,2025-01-01 20:46:13,22.12
1,2025-01-01 20:46:25,22.55
1,2025-01-01 20:46:31,22.05
1,2025-01-01 20:46:58,21.4
1,2025-01-01 20:47:08,20.66
1,2025-01-01 20:47:35,21.27
1,2025-01-01 20:47:57,21.38
1,2025-01-01 20:48:03,20.35
1,2025-01-01 20:48:12,19.52
1,2025-01-01 20:48:19,19.49
1,2025-01-01 20:48:46,20.4
1,2025-01-01 20:49:04,19.99
1,2025-01-01 20:49:25,20.94
1,2025-01-01 20:49:31,20.78
1,2025-01-01 20:49:48,20.54
1,2025-01-01 20:50:18,21.51
1,2025-01-01 20:50:29,21.72
1,2025-01-01 20:50:48,21.42
1,2025-01-01 20:50:59,21.93
1,2025-01-01 20:51:22,22.73
1,2025-01-01 20:51:30,22.82
1,2025-01-01 20:51:51,22.83
1,2025-01-01 20:52:17,23.05
1,2025-01-01 20:52:45,22.06
1,2025-01-01 20:53:02,21.71
1,2025-01-01 20:53:13,21.34
1,2025-01-01 20:53:30,20.96
1,2025-01-01 20:53:54,20.59
1,2025-01-01 20:54:02,20.9
1,2025-01-01 20:54:29,20.67
1,2025-01-01 20:54:38,19.99
1,2025-01-01 20:54:45,20.39
1,2025-01-01 20:55:08,21.12
1,2025-01-01 20:55:36,21.93
1,2025-01-01 20:55:46,21.72
1,2025-01-01 20:56:05,22.79
1,2025-01-01 20:56:12,21.98
1,2025-01-01 20:56:35,21.3
1,2025-01-01 20:56:44,22.03
1,2025-01-01 20:56:54,21.88
1,2025-01-01 20:57:13,21.25
1,2025-01-01 20:57:34,21.4
1,2025-01-01 20:57:55,21.06
1,2025-01-01 20:58:16,20.82
1,2025-01-01 20:58:30,19.92
1,2025-01-01 20:58:45,19.5
1,2025-01-01 20:58:53,19.3
1,2025-01-01 20:59:15,18.54
1,2025-01-01 20:59:24,17.7
1,2025-01-01 20:59:40,18.08
1,2025-01-01 21:00:03,16.99
1,2025-01-01 21:00:18,16.57
1,2025-01-01 21:00:36,16.06
1,2025-01-01 21:00:53,16.55
1,2025-01-01 21:01:03,15.87
1,2025-01-01 21:01:16,16.77
1,2025-01-01 21:01:31,17.15
1,2025-01-01 21:01:44,16.67
1,2025-01-01 21:02:05,16.14
1,2025-01-01 21:02:14,16.75
1,2025-01-01 21:02:24,15.69
1,2025-01-01 21:02:35,15.19
1,2025-01-01 21:02:53,14.31
1,2025-01-01 21:03:07,14.29
1,2025-01-01 21:03:14,14.12
1,2025-01-01 21:03:34,14.4
1,2025-01-01 21:03:50,14.77
1,2025-01-01 21:04:01,14.73
1,2025-01-01 21:04:23,15.72
1,2025-01-01 21:04:38,16.71
1,2025-01-01 21:04:49,16.04
1,2025-01-01 21:05:13,16.01
1,2025-01-01 21:05:42,16.19
1,2025-01-01 21:05:55,16.78
1,2025-01-01 21:06:24,15.97
1,2025-01-01 21:06:45,15.77
1,2025-01-01 21:07:06,14.87
1,2025-01-01 21:07:27,14.42
1,2025-01-01 21:07:44,13.52
1,2025-01-01 21:07:52,13.12
1,2025-01-01 21:08:18,12.27
1,2025-01-01 21:08:32,11.93
1,2025-01-01 21:08:39,12.27
1,2025-01-01 21:09:00,12.43
1,2025-01-01 21:09:29,11.48
1,2025-01-01 21:09:57,11.5
1,2025-01-01 21:10:17,10.44
1,2025-01-01 21:10:23,9.85
1,2025-01-01 21:10:43,9.99
1,2025-01-01 21:10:48,9.62
1,2025-01-01 21:11:12,10.66
1,2025-01-01 21:11:38,9.95
1,2025-01-01 21:12:05,10.73
1,2025-01-01 21:12:24,10.69
1,2025-01-01 21:12:33,10.94
1,2025-01-01 21:12:39,10.1
1,2025-01-01 21:12:56,11.17
1,2025-01-01 21:13:18,11.16
1,2025-01-01 21:13:46,10.18
1,2025-01-01 21:13:51,9.61
1,2025-01-01 21:14:21,9.24
1,2025-01-01 21:14:45,8.59
1,2025-01-01 21:15:14,8.69
1,2025-01-01 21:15:26,8.74
1,2025-01-01 21:15:34,8.7
1,2025-01-01 21:15:50,9.63
1,2025-01-01 21:16:18,9.29
1,2025-01-01 21:16:29,8.95
1,2025-01-01 21:16:37,9.67
1,2025-01-01 21:16:49,9.0
1,2025-01-01 21:17:12,8.58
1,2025-01-01 21:17:26,8.52
1,2025-01-01 21:17:46,8.48
1,2025-01-01 21:18:08,8.26
1,2025-01-01 21:18:27,8.12
1,2025-01-01 21:18:40,8.76
1,2025-01-01 21:18:48,9.23
1,2025-01-01 21:19:13,10.22
1,2025-01-01 21:19:31,10.98
1,2025-01-01 21:19:39,11.81
1,2025-01-01 21:19:55,12.19
1,2025-01-01 21:20:05,11.87
1,2025-01-01 21:20:11,11.44
1,2025-01-01 21:20:27,11.2
1,2025-01-01 21:20:40,11.63
1,2025-01-01 21:20:59,10.58
1,2025-01-01 21:21:23,10.05
1,2025-01-01 21:21:36,9.71
1,2025-01-01 21:21:57,9.47
1,2025-01-01 21:22:07,8.91
1,2025-01-01 21:22:31,9.95
1,2025-01-01 21:22:46,10.39
1,2025-01-01 21:23:10,11.3
1,2025-01-01 21:23:35,11.37
1,2025-01-01 21:23:43,11.35
1,2025-01-01 21:24:12,12.33
1,2025-01-01 21:24:24,12.24
1,2025-01-01 21:24:53,11.63
1,2025-01-01 21:25:19,10.67
1,2025-01-01 21:25:42,10.15
1,2025-01-01 21:25:53,10.9
1,2025-01-01 21:26:17,10.57
1,2025-01-01 21:26:27,10.67
1,2025-01-01 21:26:47,11.25
1,2025-01-01 21:27:00,10.45
1,2025-01-01 21:27:14,11.44
1,2025-01-01 21:27:24,12.25
1,2025-01-01 21:27:43,12.16
1,2025-01-01 21:28:07,12.27
1,2025-01-01 21:28:21,12.74
1,2025-01-01 21:28:30,13.45
1,2025-01-01 21:28:51,14.2
1,2025-01-01 21:29:07,15.01
1,2025-01-01 21:29:12,14.05
1,2025-01-01 21:29:19,13.04
1,2025-01-01 21:29:31,12.71
1,2025-01-01 21:29:53,13.35
1,2025-01-01 21:30:04,12.34
1,2025-01-01 21:30:19,12.14
1,2025-01-01 21:30:44,11.92
1,2025-01-01 21:31:06,11.56
1,2025-01-01 21:31:33,10.57
1,2025-01-01 21:32:01,10.16
1,2025-01-01 21:32:12,9.93
1,2025-01-01 21:32:37,9.81
1,2025-01-01 21:32:51,10.61
1,2025-01-01 21:33:07,9.86
1,2025-01-01 21:33:33,10.08
1,2025-01-01 21:34:01,9.72
1,2025-01-01 21:34:10,9.05
1,2025-01-01 21:34:39,9.53
1,2025-01-01 21:35:00,9.86
1,2025-01-01 21:35:12,9.12
1,2025-01-01 21:35:26,9.25
1,2025-01-01 21:35:36,9.83
1,2025-01-01 21:35:47,10.52
1,2025-01-01 21:35:55,10.77
1,2025-01-01 21:36:07,10.48
1,2025-01-01 21:36:36,11.48
1,2025-01-01 21:36:50,11.26
1,2025-01-01 21:37:10,10.28
1,2025-01-01 21:37:34,11.12
1,2025-01-01 21:37:50,11.75
1,2025-01-01 21:38:15,10.81
1,2025-01-01 21:38:34,9.92
1,2025-01-01 21:38:41,9.68
1,2025-01-01 21:39:03,9.15
1,2025-01-01 21:39:27,9.76
1,2025-01-01 21:39:35,9.63
1,2025-01-01 21:40:04,9.15
1,2025-01-01 21:40:33,9.3
1,2025-01-01 21:40:40,9.12
1,2025-01-01 21:41:06,9.08
1,2025-01-01 21:41:13,9.65
1,2025-01-01 21:41:34,9.76
1,2025-01-01 21:41:44,9.35
1,2025-01-01 21:42:13,10.25
1,2025-01-01 21:42:25,9.37
1,2025-01-01 21:42:39,10.2
1,2025-01-01 21:42:58,9.3
1,2025-01-01 21:43:17,10.15
1,2025-01-01 21:43:28,9.34
1,2025-01-01 21:43:46,9.47
1,2025-01-01 21:44:02,10.15
1,2025-01-01 21:44:07,10.3
1,2025-01-01 21:44:27,10.43
1,2025-01-01 21:44:39,11.49
1,2025-01-01 21:44:47,11.33
1,2025-01-01 21:45:03,10.46
1,2025-01-01 21:45:09,10.57
1,2025-01-01 21:45:32,10.75
1,2025-01-01 21:45:38,10.43
1,2025-01-01 21:46:06,9.72
1,2025-01-01 21:46:13,8.84
1,2025-01-01 21:46:29,9.77
1,2025-01-01 21:46:42,9.11
1,2025-01-01 21:47:03,9.75
1,2025-01-01 21:47:17,10.8
1,2025-01-01 21:47:43,11.58
1,2025-01-01 21:48:03,12.31
1,2025-01-01 21:48:29,11.23
1,2025-01-01 21:48:49,11.33
1,2025-01-01 21:49:08,10.66
1,2025-01-01 21:49:22,11.07
1,2025-01-01 21:49:52,11.19
1,2025-01-01 21:50:10,10.18
1,2025-01-01 21:50:39,9.56
1,2025-01-01 21:50:57,9.47
1,2025-01-01 21:51:21,9.78
1,2025-01-01 21:51:39,9.64
1,2025-01-01 21:51:58,10.13
1,2025-01-01 21:52:18,9.7
1,2025-01-01 21:52:39,9.02
1,2025-01-01 21:52:51,8.37
1,2025-01-01 21:53:21,8.06
1,2025-01-01 21:53:44,8.79
1,2025-01-01 21:53:49,8.6
1,2025-01-01 21:53:55,8.24
1,2025-01-01 21:54:13,8.02
1,2025-01-01 21:54:21,7.16
1,2025-01-01 21:54:51,6.84
1,2025-01-01 21:55:17,6.9
1,2025-01-01 21:55:22,6.03
1,2025-01-01 21:55:43,6.57
1,2025-01-01 21:56:03,6.73
1,2025-01-01 21:56:17,6.15
1,2025-01-01 21:56:46,6.32
1,2025-01-01 21:56:54,6.37
1,2025-01-01 21:57:23,5.84
1,2025-01-01 21:57:53,5.87
1,2025-01-01 21:58:23,6.54
1,2025-01-01 21:58:43,6.15
1,2025-01-01 21:59:01,6.97
1,2025-01-01 21:59:09,7.52
1,2025-01-01 21:59:24,7.18
1,2025-01-01 21:59:37,7.66
1,2025-01-01 21:59:59,7.85
1,2025-01-01 22:00:27,8.35
1,2025-01-01 22:00:51,9.15
1,2025-01-01 22:01:15,8.63
1,2025-01-01 22:01:38,8.4
1,2025-01-01 22:01:45,7.51
1,2025-01-01 22:01:54,7.63
1,2025-01-01 22:02:04,7.98
1,2025-01-01 22:02:27,8.25
1,2025-01-01 22:02:43,8.28
1,2025-01-01 22:03:03,8.38
1,2025-01-01 22:03:21,9.32
1,2025-01-01 22:03:46,9.68
1,2025-01-01 22:04:07,10.63
1,2025-01-01 22:04:37,10.18
1,2025-01-01 22:04:50,9.51
1,2025-01-01 22:05:02,9.9
1,2025-01-01 22:05:11,10.54
1,2025-01-01 22:05:22,10.55
1,2025-01-01 22:05:30,10.71
1,2025-01-01 22:05:58,9.97
1,2025-01-01 22:06:06,9.82
1,2025-01-01 22:06:28,9.75
1,2025-01-01 22:06:50,10.63
1,2025-01-01 22:07:12,10.38
1,2025-01-01 22:07:31,11.41
1,2025-01-01 22:07:45,11.13
1,2025-01-01 22:08:13,10.12
1,2025-01-01 22:08:36,9.89
1,2025-01-01 22:09:02,10.94
1,2025-01-01 22:09:14,11.62
1,2025-01-01 22:09:33,11.46
1,2025-01-01 22:10:00,11.09
1,2025-01-01 22:10:11,11.7
1,2025-01-01 22:10:41,11.16
1,2025-01-01 22:10:56,11.16
1,2025-01-01 22:11:07,11.75
1,2025-01-01 22:11:30,11.06
1,2025-01-01 22:11:46,11.01
1,2025-01-01 22:12:04,11.62
1,2025-01-01 22:12:17,12.09
1,2025-01-01 22:12:40,12.08
1,2025-01-01 22:12:45,12.11
1,2025-01-01 22:12:52,11.63
1,2025-01-01 22:13:04,11.55
1,2025-01-01 22:13:16,11.43
1,2025-01-01 22:13:33,11.25
1,2025-01-01 22:13:39,10.57
1,2025-01-01 22:14:00,10.04
1,2025-01-01 22:14:09,9.48
1,2025-01-01 22:14:35,10.38
1,2025-01-01 22:14:51,9.49
1,2025-01-01 22:15:19,10.03
1,2025-01-01 22:15:27,9.16
1,2025-01-01 22:15:34,8.22
1,2025-01-01 22:15:50,7.82
1,2025-01-01 22:16:00,7.91
1,2025-01-01 22:16:16,7.43
1,2025-01-01 22:16:35,7.83
1,2025-01-01 22:16:50,7.99
1,2025-01-01 22:17:20,8.13
1,2025-01-01 22:17:33,8.32
1,2025-01-01 22:17:46,7.6
1,2025-01-01 22:18:13,7.76
1,2025-01-01 22:18:28,8.56
1,2025-01-01 22:18:55,9.51
1,2025-01-01 22:19:07,8.6
1,2025-01-01 22:19:16,7.76
1,2025-01-01 22:19:46,6.81
1,2025-01-01 22:20:11,7.84
1,2025-01-01 22:20:20,7.24
1,2025-01-01 22:20:49,6.79
1,2025-01-01 22:20:59,6.89
1,2025-01-01 22:21:09,7.08
1,2025-01-01 22:21:32,7.66
1,2025-01-01 22:21:51,7.21
1,2025-01-01 22:21:57,7.88
1,2025-01-01 22:22:07,7.48
1,2025-01-01 22:22:17,7.86
1,2025-01-01 22:22:34,7.91
1,2025-01-01 22:22:41,8.15
1,2025-01-01 22:22:51,7.6
1,2025-01-01 22:23:04,6.95
1,2025-01-01 22:23:20,6.01
1,2025-01-01 22:23:27,6.54
1,2025-01-01 22:23:48,6.09
1,2025-01-01 22:23:53,6.17
1,2025-01-01 22:24:12,5.53
1,2025-01-01 22:24:38,5.55
1,2025-01-01 22:24:49,6.27
1,2025-01-01 22:25:14,5.48
1,2025-01-01 22:25:29,4.95
1,2025-01-01 22:25:55,5.02
1,2025-01-01 22:26:20,5.59
1,2025-01-01 22:26:39,5.0
1,2025-01-01 22:27:05,5.57
1,2025-01-01 22:27:33,5.05
1,2025-01-01 22:27:39,5.58
1,2025-01-01 22:27:52,5.34
1,2025-01-01 22:28:09,4.36
1,2025-01-01 22:28:19,3.92
1,2025-01-01 22:28:29,4.36
1,2025-01-01 22:28:54,5.34
1,2025-01-01 22:29:15,5.56
1,2025-01-01 22:29:27,6.33
1,2025-01-01 22:29:55,7.07
1,2025-01-01 22:30:23,6.18
1,2025-01-01 22:30:52,6.38
1,2025-01-01 22:31:03,7.16
1,2025-01-01 22:31:08,7.98
1,2025-01-01 22:31:21,8.69
1,2025-01-01 22:31:49,7.9
1,2025-01-01 22:32:01,7.74
1,2025-01-01 22:32:08,8.04
1,2025-01-01 22:32:29,7.69
1,2025-01-01 22:32:49,7.88
1,2025-01-01 22:33:04,7.03
1,2025-01-01 22:33:12,6.03
1,2025-01-01 22:33:37,6.45
1,2025-01-01 22:34:01,7.2
1,2025-01-01 22:34:10,7.87
1,2025-01-01 22:34:33,8.17
1,2025-01-01 22:34:47,8.6
1,2025-01-01 22:35:12,9.0
1,2025-01-01 22:35:25,9.98
1,2025-01-01 22:35:43,10.29
1,2025-01-01 22:35:58,9.59
1,2025-01-01 22:36:25,9.53
1,2025-01-01 22:36:52,10.41
1,2025-01-01 22:37:20,9.92
1,2025-01-01 22:37:50,9.71
1,2025-01-01 22:38:08,10.47
1,2025-01-01 22:38:21,10.02
1,2025-01-01 22:38:46,9.67
1,2025-01-01 22:39:16,9.32
1,2025-01-01 22:39:24,9.77
1,2025-01-01 22:39:52,8.72
1,2025-01-01 22:40:16,9.05
1,2025-01-01 22:40:28,9.49
1,2025-01-01 22:40:33,10.4
1,2025-01-01 22:40:47,9.65
1,2025-01-01 22:41:15,9.71
1,2025-01-01 22:41:24,9.0
1,2025-01-01 22:41:47,7.9
1,2025-01-01 22:42:02,7.63
1,2025-01-01 22:42:30,7.42
1,2025-01-01 22:42:46,8.51
1,2025-01-01 22:43:02,9.3
1,2025-01-01 22:43:19,8.72
1,2025-01-01 22:43:44,8.42
1,2025-01-01 22:44:01,8.65
1,2025-01-01 22:44:06,9.32
1,2025-01-01 22:44:30,10.2
1,2025-01-01 22:44:47,9.31
1,2025-01-01 22:45:00,8.67
1,2025-01-01 22:45:15,9.13
1,2025-01-01 22:45:35,9.61
1,2025-01-01 22:45:57,10.67
1,2025-01-01 22:46:06,9.77
1,2025-01-01 22:46:11,9.5
1,2025-01-01 22:46:36,10.16
1,2025-01-01 22:47:05,11.2
1,2025-01-01 22:47:19,11.22
1,2025-01-01 22:47:31,11.69
1,2025-01-01 22:48:01,11.76
1,2025-01-01 22:48:12,12.83
1,2025-01-01 22:48:42,12.93
1,2025-01-01 22:49:04,12.79
1,2025-01-01 22:49:21,12.8
1,2025-01-01 22:49:43,12.86
1,2025-01-01 22:50:11,12.61
1,2025-01-01 22:50:16,12.98
1,2025-01-01 22:50:43,12.93
1,2025-01-01 22:50:55,13.69
1,2025-01-01 22:51:05,14.72
1,2025-01-01 22:51:18,14.84
1,2025-01-01 22:51:48,15.7
1,2025-01-01 22:51:54,16.26
1,2025-01-01 22:52:11,15.24
1,2025-01-01 22:52:36,15.33
1,2025-01-01 22:52:44,15.13
1,2025-01-01 22:53:07,14.46
1,2025-01-01 22:53:13,14.71
1,2025-01-01 22:53:35,15.52
1,2025-01-01 22:53:56,14.79
1,2025-01-01 22:54:01,14.52
1,2025-01-01 22:54:13,14.93
1,2025-01-01 22:54:41,15.64
1,2025-01-01 22:55:03,15.73
1,2025-01-01 22:55:12,15.31
1,2025-01-01 22:55:28,16.09
1,2025-01-01 22:55:55,15.73
1,2025-01-01 22:56:23,15.46
1,2025-01-01 22:56:51,15.27
1,2025-01-01 22:56:57,14.22
1,2025-01-01 22:57:06,14.27
1,2025-01-01 22:57:12,13.51
1,2025-01-01 22:57:38,12.53
1,2025-01-01 22:57:45,11.64
1,2025-01-01 22:58:12,10.65
1,2025-01-01 22:58:25,11.16
1,2025-01-01 22:58:40,11.0
1,2025-01-01 22:59:09,11.25
1,2025-01-01 22:59:24,11.51
1,2025-01-01 22:59:39,12.04
1,2025-01-01 22:59:46,12.08
1,2025-01-01 23:00:16,11.48
1,2025-01-01 23:00:22,11.58
1,2025-01-01 23:00:39,12.42
1,2025-01-01 23:00:58,12.32
1,2025-01-01 23:01:12,13.41
1,2025-01-01 23:01:25,13.46
1,2025-01-01 23:01:32,13.35
1,2025-01-01 23:01:54,13.21
1,2025-01-01 23:02:03,14.2
1,2025-01-01 23:02:33,13.32
1,2025-01-01 23:02:47,13.15
1,2025-01-01 23:03:01,14.0
1,2025-01-01 23:03:21,13.79
1,2025-01-01 23:03:28,14.22
1,2025-01-01 23:03:49,14.19
1,2025-01-01 23:04:06,14.84
1,2025-01-01 23:04:21,14.54
1,2025-01-01 23:04:38,14.29
1,2025-01-01 23:04:50,14.2
1,2025-01-01 23:04:57,13.63
1,2025-01-01 23:05:12,12.56
1,2025-01-01 23:05:39,12.67
1,2025-01-01 23:05:54,12.94
1,2025-01-01 23:06:15,13.23
1,2025-01-01 23:06:43,13.48
1,2025-01-01 23:07:12,14.56
1,2025-01-01 23:07:24,14.49
1,2025-01-01 23:07:39,13.82
1,2025-01-01 23:07:53,14.52
1,2025-01-01 23:08:14,14.78
1,2025-01-01 23:08:30,14.54
1,2025-01-01 23:08:51,14.12
1,2025-01-01 23:09:19,13.42
1,2025-01-01 23:09:31,14.28
1,2025-01-01 23:09:49,14.42
1,2025-01-01 23:10:02,14.41
1,2025-01-01 23:10:17,15.42
1,2025-01-01 23:10:31,15.04
1,2025-01-01 23:10:59,13.96
1,2025-01-01 23:11:29,13.84
1,2025-01-01 23:11:45,14.64
1,2025-01-01 23:12:12,15.19
1,2025-01-01 23:12:39,14.92
1,2025-01-01 23:12:54,15.49
1,2025-01-01 23:13:18,14.72
1,2025-01-01 23:13:31,13.73
1,2025-01-01 23:13:47,13.4
1,2025-01-01 23:14:09,12.7
1,2025-01-01 23:14:33,13.25
1,2025-01-01 23:14:55,12.91
1,2025-01-01 23:15:10,12.27
1,2025-01-01 23:15:36,12.36
1,2025-01-01 23:16:01,12.38
1,2025-01-01 23:16:25,12.46
1,2025-01-01 23:16:48,13.48
1,2025-01-01 23:17:00,13.63
1,2025-01-01 23:17:27,12.56
1,2025-01-01 23:17:53,13.03
1,2025-01-01 23:18:03,14.12
1,2025-01-01 23:18:33,15.11
1,2025-01-01 23:18:56,14.45
1,2025-01-01 23:19:20,15.11
1,2025-01-01 23:19:26,14.54
1,2025-01-01 23:19:37,14.92
1,2025-01-01 23:19:54,15.04
1,2025-01-01 23:20:02,15.17
1,2025-01-01 23:20:15,14.14
1,2025-01-01 23:20:33,13.1
1,2025-01-01 23:20:57,14.14
1,2025-01-01 23:21:06,13.2
1,2025-01-01 23:21:11,12.39
1,2025-01-01 23:21:21,11.33
1,2025-01-01 23:21:36,10.95
1,2025-01-01 23:22:06,11.4
1,2025-01-01 23:22:23,11.84
1,2025-01-01 23:22:36,11.01
1,2025-01-01 23:22:46,11.23
1,2025-01-01 23:23:03,11.81
1,2025-01-01 23:23:16,11.53
1,2025-01-01 23:23:35,11.8
1,2025-01-01 23:23:52,12.07
1,2025-01-01 23:24:13,12.48
1,2025-01-01 23:24:26,11.67
1,2025-01-01 23:24:45,10.85
1,2025-01-01 23:24:50,10.42
1,2025-01-01 23:24:57,9.61
1,2025-01-01 23:25:07,9.86
1,2025-01-01 23:25:27,10.04
1,2025-01-01 23:25:46,9.36
1,2025-01-01 23:25:54,8.48
1,2025-01-01 23:26:09,7.47
1,2025-01-01 23:26:37,8.29
1,2025-01-01 23:26:52,7.58
1,2025-01-01 23:27:04,6.66
1,2025-01-01 23:27:27,7.2
1,2025-01-01 23:27:32,6.36
1,2025-01-01 23:27:38,5.41
1,2025-01-01 23:27:56,4.52
1,2025-01-01 23:28:05,3.59
1,2025-01-01 23:28:30,4.26
1,2025-01-01 23:28:55,4.76
1,2025-01-01 23:29:17,5.74
1,2025-01-01 23:29:22,5.23
1,2025-01-01 23:29:50,6.08
1,2025-01-01 23:30:04,6.56
1,2025-01-01 23:30:15,7.31
1,2025-01-01 23:30:22,7.74
1,2025-01-01 23:30:43,7.26
1,2025-01-01 23:31:13,7.8
1,2025-01-01 23:31:24,8.45
1,2025-01-01 23:31:43,7.46
1,2025-01-01 23:32:03,8.11
1,2025-01-01 23:32:24,9.11
1,2025-01-01 23:32:39,8.4
1,2025-01-01 23:32:59,8.26
1,2025-01-01 23:33:28,8.84
1,2025-01-01 23:33:58,9.14
1,2025-01-01 23:34:25,8.41
1,2025-01-01 23:34:42,8.97
1,2025-01-01 23:35:02,8.46
1,2025-01-01 23:35:11,9.41
1,2025-01-01 23:35:40,8.88
1,2025-01-01 23:36:10,9.79
1,2025-01-01 23:36:32,8.89
1,2025-01-01 23:36:53,7.86
1,2025-01-01 23:37:16,8.63
1,2025-01-01 23:37:27,7.65
1,2025-01-01 23:37:36,7.94
1,2025-01-01 23:38:03,7.34
1,2025-01-01 23:38:33,7.99
1,2025-01-01 23:38:38,8.55
1,2025-01-01 23:38:44,7.9
1,2025-01-01 23:38:58,8.09
1,2025-01-01 23:39:11,7.11
1,2025-01-01 23:39:24,6.02
1,2025-01-01 23:39:29,6.33
1,2025-01-01 23:39:38,7.11
1,2025-01-01 23:39:43,6.3
1,2025-01-01 23:40:04,5.79
1,2025-01-01 23:40:18,6.6
1,2025-01-01 23:40:44,6.39
1,2025-01-01 23:40:55,5.64
1,2025-01-01 23:41:10,6.05
1,2025-01-01 23:41:20,6.4
1,2025-01-01 23:41:44,6.11
1,2025-01-01 23:42:05,6.64
1,2025-01-01 23:42:20,6.11
1,2025-01-01 23:42:50,5.26
1,2025-01-01 23:43:15,5.0
1,2025-01-01 23:43:38,4.5
1,2025-01-01 23:43:47,4.55
1,2025-01-01 23:43:57,5.44
1,2025-01-01 23:44:21,5.9
1,2025-01-01 23:44:45,5.0
1,2025-01-01 23:45:03,5.43
1,2025-01-01 23:45:33,4.96
1,2025-01-01 23:45:49,4.01
1,2025-01-01 23:46:12,4.17
1,2025-01-01 23:46:21,4.01
1,2025-01-01 23:46:40,3.46
1,2025-01-01 23:47:09,4.05
1,2025-01-01 23:47:26,3.86
1,2025-01-01 23:47:55,3.21
1,2025-01-01 23:48:24,2.27
1,2025-01-01 23:48:35,3.22
1,2025-01-01 23:48:57,2.16
1,2025-01-01 23:49:25,2.61
1,2025-01-01 23:49:41,3.24
1,2025-01-01 23:50:05,4.28
1,2025-01-01 23:50:23,4.34
1,2025-01-01 23:50:52,3.59
1,2025-01-01 23:51:16,3.14
1,2025-01-01 23:51:26,2.06
1,2025-01-01 23:51:36,2.17
1,2025-01-01 23:52:00,2.1
1,2025-01-01 23:52:19,3.11
1,2025-01-01 23:52:44,2.39
1,2025-01-01 23:53:05,3.42
1,2025-01-01 23:53:35,3.78
1,2025-01-01 23:53:52,3.22
1,2025-01-01 23:54:19,3.93
1,2025-01-01 23:54:39,3.29
1,2025-01-01 23:55:02,3.88
1,2025-01-01 23:55:26,4.64
1,2025-01-01 23:55:55,4.69
1,2025-01-01 23:56:08,4.52
1,2025-01-01 23:56:15,3.77
1,2025-01-01 23:56:21,3.25
1,2025-01-01 23:56:37,2.61
1,2025-01-01 23:57:01,3.71
1,2025-01-01 23:57:28,4.34
1,2025-01-01 23:57:44,4.31
1,2025-01-01 23:57:54,3.81
1,2025-01-01 23:58:10,2.84
1,2025-01-01 23:58:20,3.83
1,2025-01-01 23:58:45,4.53
1,2025-01-01 23:59:09,3.56
1,2025-01-01 23:59:16,4.45
1,2025-01-01 23:59:23,5.53
1,2025-01-01 23:59:37,6.34
1,2025-01-01 23:59:55,7.03
1,2025-01-02 00:00:22,7.52
1,2025-01-02 00:00:36,7.18
1,2025-01-02 00:00:49,8.04
1,2025-01-02 00:01:06,8.59
1,2025-01-02 00:01:32,9.57
1,2025-01-02 00:01:49,8.95
1,2025-01-02 00:01:57,9.13
1,2025-01-02 00:02:26,9.14
1,2025-01-02 00:02:36,9.33
1,2025-01-02 00:02:59,9.39
1,2025-01-02 00:03:24,9.41
1,2025-01-02 00:03:50,8.66
1,2025-01-02 00:04:12,8.94
1,2025-01-02 00:04:27,8.69
1,2025-01-02 00:04:40,9.1
1,2025-01-02 00:04:57,9.01
1,2025-01-02 00:05:04,9.81
1,2025-01-02 00:05:29,9.64
1,2025-01-02 00:05:42,9.15
1,2025-01-02 00:05:57,10.18
1,2025-01-02 00:06:18,10.23
1,2025-01-02 00:06:43,9.34
1,2025-01-02 00:07:13,8.31
1,2025-01-02 00:07:34,8.92
1,2025-01-02 00:07:53,9.68
1,2025-01-02 00:08:18,10.44
1,2025-01-02 00:08:33,11.25
1,2025-01-02 00:09:02,10.5
1,2025-01-02 00:09:15,10.92
1,2025-01-02 00:09:39,10.51
1,2025-01-02 00:09:58,11.29
1,2025-01-02 00:10:23,11.74
1,2025-01-02 00:10:45,11.1
1,2025-01-02 00:10:56,11.95
1,2025-01-02 00:11:03,11.09
1,2025-01-02 00:11:16,10.4
1,2025-01-02 00:11:29,11.28
1,2025-01-02 00:11:43,12.28
1,2025-01-02 00:12:07,11.86
1,2025-01-02 00:12:13,12.21
1,2025-01-02 00:12:28,11.48
1,2025-01-02 00:12:36,11.72
1,2025-01-02 00:12:53,11.31
1,2025-01-02 00:13:21,12.21
1,2025-01-02 00:13:38,12.31
1,2025-01-02 00:13:57,13.33
1,2025-01-02 00:14:11,13.71
1,2025-01-02 00:14:35,12.96
1,2025-01-02 00:14:59,12.59
1,2025-01-02 00:15:21,12.03
1,2025-01-02 00:15:33,12.45
1,2025-01-02 00:16:02,11.93
1,2025-01-02 00:16:27,12.13
1,2025-01-02 00:16:33,13.04
1,2025-01-02 00:16:39,13.58
1,2025-01-02 00:16:44,13.08
1,2025-01-02 00:17:01,13.88
1,2025-01-02 00:17:21,13.74
1,2025-01-02 00:17:37,12.8
1,2025-01-02 00:17:50,13.03
1,2025-01-02 00:18:03,13.57
1,2025-01-02 00:18:26,14.24
1,2025-01-02 00:18:42,13.37
1,2025-01-02 00:18:55,13.39
1,2025-01-02 00:19:02,12.67
1,2025-01-02 00:19:21,12.2
1,2025-01-02 00:19:33,13.12
1,2025-01-02 00:19:48,13.33
1,2025-01-02 00:20:06,12.84
2,2025-01-01 00:00:00,64.0
2,2025-01-01 00:00:19,64.92
2,2025-01-01 00:00:30,64.71
2,2025-01-01 00:00:56,65.1
2,2025-01-01 00:01:03,64.86
2,2025-01-01 00:01:18,65.29
2,2025-01-01 00:01:47,65.57
2,2025-01-01 00:02:07,64.63
2,2025-01-01 00:02:33,64.45
2,2025-01-01 00:03:03,63.72
2,2025-01-01 00:03:10,62.82
2,2025-01-01 00:03:21,63.31
2,2025-01-01 00:03:38,62.75
2,2025-01-01 00:04:02,62.79
2,2025-01-01 00:04:31,62.68
2,2025-01-01 00:04:56,61.99
2,2025-01-01 00:05:26,61.24
2,2025-01-01 00:05:48,60.6
2,2025-01-01 00:05:55,61.01
2,2025-01-01 00:06:05,60.02
2,2025-01-01 00:06:35,59.56
2,2025-01-01 00:06:58,60.53
2,2025-01-01 00:07:11,60.9
2,2025-01-01 00:07:35,59.97
2,2025-01-01 00:07:49,60.4
2,2025-01-01 00:07:56,61.0
2,2025-01-01 00:08:05,60.84
2,2025-01-01 00:08:17,60.7
2,2025-01-01 00:08:25,61.03
2,2025-01-01 00:08:52,61.99
2,2025-01-01 00:08:57,61.49
2,2025-01-01 00:09:13,61.52
2,2025-01-01 00:09:43,61.72
2,2025-01-01 00:10:05,61.77
2,2025-01-01 00:10:15,62.62
2,2025-01-01 00:10:38,63.03
2,2025-01-01 00:10:43,62.09
2,2025-01-01 00:11:07,62.62
2,2025-01-01 00:11:33,63.05
2,2025-01-01 00:11:38,63.44
2,2025-01-01 00:11:59,63.04
2,2025-01-01 00:12:18,63.14
2,2025-01-01 00:12:47,62.48
2,2025-01-01 00:12:58,62.8
2,2025-01-01 00:13:25,62.19
2,2025-01-01 00:13:38,62.14
2,2025-01-01 00:13:54,62.12
2,2025-01-01 00:14:17,61.77
2,2025-01-01 00:14:45,62.35
2,2025-01-01 00:15:09,62.95
2,2025-01-01 00:15:15,62.85
2,2025-01-01 00:15:25,62.17
2,2025-01-01 00:15:41,61.33
2,2025-01-01 00:15:53,61.35
2,2025-01-01 00:16:11,61.19
2,2025-01-01 00:16:25,60.36
2,2025-01-01 00:16:47,60.81
2,2025-01-01 00:17:04,61.33
2,2025-01-01 00:17:21,60.69
2,2025-01-01 00:17:34,61.55
2,2025-01-01 00:18:03,61.41
2,2025-01-01 00:18:18,60.97
2,2025-01-01 00:18:23,61.56
2,2025-01-01 00:18:45,60.67
2,2025-01-01 00:19:13,61.54
2,2025-01-01 00:19:24,60.62
2,2025-01-01 00:19:38,59.65
2,2025-01-01 00:19:46,59.6
2,2025-01-01 00:19:55,59.7
2,2025-01-01 00:20:06,60.26
2,2025-01-01 00:20:17,61.17
2,2025-01-01 00:20:47,61.08
2,2025-01-01 00:20:52,60.38
2,2025-01-01 00:21:11,60.7
2,2025-01-01 00:21:33,61.62
2,2025-01-01 00:21:41,61.91
2,2025-01-01 00:22:02,60.93
2,2025-01-01 00:22:08,61.44
2,2025-01-01 00:22:32,61.81
2,2025-01-01 00:23:01,62.77
2,2025-01-01 00:23:27,63.68
2,2025-01-01 00:23:42,64.21
2,2025-01-01 00:23:51,65.04
2,2025-01-01 00:24:07,64.72
2,2025-01-01 00:24:17,65.36
2,2025-01-01 00:24:39,64.88
2,2025-01-01 00:24:53,64.45
2,2025-01-01 00:25:23,65.42
2,2025-01-01 00:25:42,65.62
2,2025-01-01 00:25:53,66.16
2,2025-01-01 00:26:11,66.28
2,2025-01-01 00:26:26,66.62
2,2025-01-01 00:26:42,66.32
2,2025-01-01 00:26:50,67.0
2,2025-01-01 00:26:59,67.53
2,2025-01-01 00:27:19,67.66
2,2025-01-01 00:27:25,67.21
2,2025-01-01 00:27:52,68.18
2,2025-01-01 00:28:08,67.46
2,2025-01-01 00:28:17,67.91
2,2025-01-01 00:28:34,67.59
2,2025-01-01 00:28:43,66.92
2,2025-01-01 00:29:03,66.01
2,2025-01-01 00:29:19,65.7
2,2025-01-01 00:29:28,66.48
2,2025-01-01 00:29:35,67.14
2,2025-01-01 00:29:57,66.33
2,2025-01-01 00:30:12,66.79
2,2025-01-01 00:30:37,66.55
2,2025-01-01 00:30:56,67.29
2,2025-01-01 00:31:04,68.24
2,2025-01-01 00:31:22,67.59
2,2025-01-01 00:31:43,67.19
2,2025-01-01 00:32:04,66.63
2,2025-01-01 00:32:13,67.17
2,2025-01-01 00:32:42,66.72
2,2025-01-01 00:32:50,66.26
2,2025-01-01 00:33:05,65.82
2,2025-01-01 00:33:16,66.6
2,2025-01-01 00:33:29,67.41
2,2025-01-01 00:33:41,68.41
2,2025-01-01 00:34:11,69.11
2,2025-01-01 00:34:40,68.98
2,2025-01-01 00:34:52,69.63
2,2025-01-01 00:35:09,70.16
2,2025-01-01 00:35:32,69.85
2,2025-01-01 00:35:57,70.65
2,2025-01-01 00:36:03,71.24
2,2025-01-01 00:36:16,71.55
2,2025-01-01 00:36:26,71.0
2,2025-01-01 00:36:48,71.35
2,2025-01-01 00:37:05,70.98
2,2025-01-01 00:37:34,70.94
2,2025-01-01 00:37:55,71.42
2,2025-01-01 00:38:05,71.77
2,2025-01-01 00:38:19,71.26
2,2025-01-01 00:38:44,71.21
2,2025-01-01 00:39:12,71.09
2,2025-01-01 00:39:37,71.23
2,2025-01-01 00:39:49,71.85
2,2025-01-01 00:40:04,71.99
2,2025-01-01 00:40:22,72.42
2,2025-01-01 00:40:37,72.85
2,2025-01-01 00:41:04,72.12
2,2025-01-01 00:41:20,72.14
2,2025-01-01 00:41:31,72.26
2,2025-01-01 00:41:42,72.21
2,2025-01-01 00:42:12,72.44
2,2025-01-01 00:42:32,71.75
2,2025-01-01 00:42:58,72.52
2,2025-01-01 00:43:20,71.55
2,2025-01-01 00:43:31,72.0
2,2025-01-01 00:43:40,72.78
2,2025-01-01 00:44:03,73.31
2,2025-01-01 00:44:19,72.49
2,2025-01-01 00:44:37,73.24
2,2025-01-01 00:44:49,72.99
2,2025-01-01 00:44:57,72.09
2,2025-01-01 00:45:03,72.12
2,2025-01-01 00:45:31,72.09
2,2025-01-01 00:45:41,71.81
2,2025-01-01 00:45:54,71.65
2,2025-01-01 00:46:21,72.21
2,2025-01-01 00:46:29,73.18
2,2025-01-01 00:46:48,73.38
2,2025-01-01 00:46:56,74.01
2,2025-01-01 00:47:21,73.37
2,2025-01-01 00:47:45,74.24
2,2025-01-01 00:47:50,74.1
2,2025-01-01 00:48:16,73.37
2,2025-01-01 00:48:45,74.17
2,2025-01-01 00:49:11,75.1
2,2025-01-01 00:49:22,75.67
2,2025-01-01 00:49:27,76.59
2,2025-01-01 00:49:34,77.16
2,2025-01-01 00:50:02,76.84
2,2025-01-01 00:50:15,77.26
2,2025-01-01 00:50:24,76.41
2,2025-01-01 00:50:52,76.61
2,2025-01-01 00:51:12,77.19
2,2025-01-01 00:51:33,77.91
2,2025-01-01 00:51:56,76.93
2,2025-01-01 00:52:22,76.35
2,2025-01-01 00:52:51,76.12
2,2025-01-01 00:53:00,76.84
2,2025-01-01 00:53:11,76.51
2,2025-01-01 00:53:35,76.09
2,2025-01-01 00:53:53,77.0
2,2025-01-01 00:54:01,76.84
2,2025-01-01 00:54:22,77.06
2,2025-01-01 00:54:33,77.96
2,2025-01-01 00:54:46,78.5
2,2025-01-01 00:55:06,79.12
2,2025-01-01 00:55:33,79.41
2,2025-01-01 00:55:54,79.15
2,2025-01-01 00:56:15,80.1
2,2025-01-01 00:56:33,79.32
2,2025-01-01 00:56:38,78.96
2,2025-01-01 00:57:07,79.12
2,2025-01-01 00:57:36,79.78
2,2025-01-01 00:58:02,79.8
2,2025-01-01 00:58:10,79.75
2,2025-01-01 00:58:17,80.06
2,2025-01-01 00:58:25,81.04
2,2025-01-01 00:58:37,81.67
2,2025-01-01 00:58:55,80.82
2,2025-01-01 00:59:04,81.1
2,2025-01-01 00:59:24,81.49
2,2025-01-01 00:59:54,80.96
2,2025-01-01 01:00:13,80.47
2,2025-01-01 01:00:34,80.29
2,2025-01-01 01:00:54,80.55
2,2025-01-01 01:01:01,80.34
2,2025-01-01 01:01:20,79.89
2,2025-01-01 01:01:28,79.95
2,2025-01-01 01:01:42,79.15
2,2025-01-01 01:02:05,78.41
2,2025-01-01 01:02:30,77.49
2,2025-01-01 01:02:58,77.85
2,2025-01-01 01:03:06,77.72
2,2025-01-01 01:03:23,77.12
2,2025-01-01 01:03:47,77.71
2,2025-01-01 01:04:10,77.18
2,2025-01-01 01:04:23,78.04
2,2025-01-01 01:04:44,78.76
2,2025-01-01 01:04:52,79.15
2,2025-01-01 01:05:21,78.51
2,2025-01-01 01:05:41,78.43
2,2025-01-01 01:06:01,78.72
2,2025-01-01 01:06:10,79.37
2,2025-01-01 01:06:21,79.52
2,2025-01-01 01:06:38,79.51
2,2025-01-01 01:07:02,78.54
2,2025-01-01 01:07:32,78.34
2,2025-01-01 01:08:02,78.93
2,2025-01-01 01:08:20,78.52
2,2025-01-01 01:08:49,77.6
2,2025-01-01 01:09:18,77.52
2,2025-01-01 01:09:48,77.22
2,2025-01-01 01:10:05,76.98
2,2025-01-01 01:10:28,77.37
2,2025-01-01 01:10:43,77.56
2,2025-01-01 01:11:00,76.96
2,2025-01-01 01:11:24,77.53
2,2025-01-01 01:11:46,77.29
2,2025-01-01 01:11:51,77.8
2,2025-01-01 01:11:56,76.99
2,2025-01-01 01:12:26,76.8
2,2025-01-01 01:12:50,77.61
2,2025-01-01 01:13:15,77.2
2,2025-01-01 01:13:34,77.66
2,2025-01-01 01:13:47,77.28
2,2025-01-01 01:14:01,76.53
2,2025-01-01 01:14:14,77.21
2,2025-01-01 01:14:37,76.5
2,2025-01-01 01:15:04,77.1
2,2025-01-01 01:15:34,76.87
2,2025-01-01 01:15:44,77.5
2,2025-01-01 01:15:59,76.98
2,2025-01-01 01:16:23,77.54
2,2025-01-01 01:16:33,77.38
2,2025-01-01 01:16:40,77.46
2,2025-01-01 01:16:59,76.64
2,2025-01-01 01:17:13,76.8
2,2025-01-01 01:17:25,77.26
2,2025-01-01 01:17:36,77.13
2,2025-01-01 01:17:42,77.29
2,2025-01-01 01:17:50,78.2
2,2025-01-01 01:17:55,78.81
2,2025-01-01 01:18:07,79.02
2,2025-01-01 01:18:32,78.49
2,2025-01-01 01:18:45,79.22
2,2025-01-01 01:19:00,78.69
2,2025-01-01 01:19:28,79.29
2,2025-01-01 01:19:46,80.15
2,2025-01-01 01:20:05,80.42
2,2025-01-01 01:20:23,80.6
2,2025-01-01 01:20:49,79.66
2,2025-01-01 01:21:16,79.78
2,2025-01-01 01:21:42,80.67
2,2025-01-01 01:22:00,81.04
2,2025-01-01 01:22:14,80.46
2,2025-01-01 01:22:26,79.57
2,2025-01-01 01:22:37,78.86
2,2025-01-01 01:22:48,79.1
2,2025-01-01 01:22:57,79.09
2,2025-01-01 01:23:11,78.96
2,2025-01-01 01:23:27,79.4
2,2025-01-01 01:23:46,79.67
2,2025-01-01 01:24:06,79.3
2,2025-01-01 01:24:11,79.8
2,2025-01-01 01:24:37,80.72
2,2025-01-01 01:24:43,79.83
2,2025-01-01 01:25:10,79.55
2,2025-01-01 01:25:31,78.98
2,2025-01-01 01:25:53,79.42
2,2025-01-01 01:25:58,79.68
2,2025-01-01 01:26:18,79.74
2,2025-01-01 01:26:28,79.85
2,2025-01-01 01:26:54,80.81
2,2025-01-01 01:26:59,80.76
2,2025-01-01 01:27:25,81.68
2,2025-01-01 01:27:47,80.72
2,2025-01-01 01:27:52,80.42
2,2025-01-01 01:28:13,81.15
2,2025-01-01 01:28:19,81.63
2,2025-01-01 01:28:33,81.01
2,2025-01-01 01:28:51,81.49
2,2025-01-01 01:29:08,81.91
2,2025-01-01 01:29:37,82.84
2,2025-01-01 01:29:46,83.57
2,2025-01-01 01:30:00,83.55
2,2025-01-01 01:30:16,82.57
2,2025-01-01 01:30:43,82.8
2,2025-01-01 01:30:55,83.19
2,2025-01-01 01:31:13,82.99
2,2025-01-01 01:31:18,83.1
2,2025-01-01 01:31:42,84.04
2,2025-01-01 01:32:09,83.59
2,2025-01-01 01:32:34,82.63
2,2025-01-01 01:33:02,81.75
2,2025-01-01 01:33:22,81.36
2,2025-01-01 01:33:44,81.9
2,2025-01-01 01:33:55,80.92
2,2025-01-01 01:34:08,81.37
2,2025-01-01 01:34:34,82.19
2,2025-01-01 01:34:52,81.21
2,2025-01-01 01:35:00,80.29
2,2025-01-01 01:35:08,80.99
2,2025-01-01 01:35:16,80.56
2,2025-01-01 01:35:27,81.09
2,2025-01-01 01:35:47,80.49
2,2025-01-01 01:36:00,80.21
2,2025-01-01 01:36:15,80.75
2,2025-01-01 01:36:24,80.03
2,2025-01-01 01:36:33,79.36
2,2025-01-01 01:36:50,78.96
2,2025-01-01 01:37:18,79.79
2,2025-01-01 01:37:37,79.02
2,2025-01-01 01:37:54,78.18
2,2025-01-01 01:38:21,77.86
2,2025-01-01 01:38:49,78.38
2,2025-01-01 01:38:56,77.46
2,2025-01-01 01:39:19,77.7
2,2025-01-01 01:39:34,78.36
2,2025-01-01 01:39:44,78.17
2,2025-01-01 01:40:09,78.62
2,2025-01-01 01:40:14,78.42
2,2025-01-01 01:40:24,78.61
2,2025-01-01 01:40:53,78.35
2,2025-01-01 01:41:06,78.36
2,2025-01-01 01:41:18,78.41
2,2025-01-01 01:41:37,79.33
2,2025-01-01 01:42:06,79.87
2,2025-01-01 01:42:23,79.46
2,2025-01-01 01:42:31,79.94
2,2025-01-01 01:42:56,80.57
2,2025-01-01 01:43:03,80.12
2,2025-01-01 01:43:23,80.04
2,2025-01-01 01:43:29,79.05
2,2025-01-01 01:43:36,78.94
2,2025-01-01 01:43:44,79.61
2,2025-01-01 01:43:54,78.61
2,2025-01-01 01:44:09,77.64
2,2025-01-01 01:44:15,77.92
2,2025-01-01 01:44:33,78.15
2,2025-01-01 01:44:58,77.15
2,2025-01-01 01:45:14,77.69
2,2025-01-01 01:45:43,77.14
2,2025-01-01 01:46:08,77.87
2,2025-01-01 01:46:33,77.97
2,2025-01-01 01:46:41,78.82
2,2025-01-01 01:46:47,79.81
2,2025-01-01 01:46:59,80.4
2,2025-01-01 01:47:11,80.71
2,2025-01-01 01:47:16,80.91
2,2025-01-01 01:47:29,81.53
2,2025-01-01 01:47:44,82.52
2,2025-01-01 01:48:00,83.44
2,2025-01-01 01:48:19,82.96
2,2025-01-01 01:48:25,82.3
2,2025-01-01 01:48:38,82.46
2,2025-01-01 01:49:02,81.91
2,2025-01-01 01:49:28,82.51
2,2025-01-01 01:49:39,82.95
2,2025-01-01 01:49:45,82.64
2,2025-01-01 01:49:57,82.0
2,2025-01-01 01:50:11,82.81
2,2025-01-01 01:50:34,83.21
2,2025-01-01 01:51:02,84.1
2,2025-01-01 01:51:13,84.92
2,2025-01-01 01:51:25,85.81
2,2025-01-01 01:51:54,85.86
2,2025-01-01 01:52:06,85.0
2,2025-01-01 01:52:16,85.8
2,2025-01-01 01:52:32,86.45
2,2025-01-01 01:52:47,86.99
2,2025-01-01 01:52:54,87.55
2,2025-01-01 01:53:02,88.03
2,2025-01-01 01:53:28,88.24
2,2025-01-01 01:53:43,88.75
2,2025-01-01 01:54:04,89.74
2,2025-01-01 01:54:20,89.74
2,2025-01-01 01:54:46,89.76
2,2025-01-01 01:54:56,89.0
2,2025-01-01 01:55:20,88.85
2,2025-01-01 01:55:44,89.73
2,2025-01-01 01:56:10,89.2
2,2025-01-01 01:56:22,89.61
2,2025-01-01 01:56:28,89.39
2,2025-01-01 01:56:58,89.29
2,2025-01-01 01:57:06,88.77
2,2025-01-01 01:57:11,89.4
2,2025-01-01 01:57:18,90.29
2,2025-01-01 01:57:24,90.61
2,2025-01-01 01:57:54,89.68
2,2025-01-01 01:58:05,90.52
2,2025-01-01 01:58:32,90.83
2,2025-01-01 01:59:01,90.61
2,2025-01-01 01:59:22,90.79
2,2025-01-01 01:59:27,91.27
2,2025-01-01 01:59:57,91.6
2,2025-01-01 02:00:17,91.7
2,2025-01-01 02:00:45,91.23
2,2025-01-01 02:01:13,91.6
2,2025-01-01 02:01:42,92.43
2,2025-01-01 02:01:49,91.82
2,2025-01-01 02:01:57,92.06
2,2025-01-01 02:02:09,92.36
2,2025-01-01 02:02:19,91.97
2,2025-01-01 02:02:35,91.09
2,2025-01-01 02:03:02,91.74
2,2025-01-01 02:03:27,92.23
2,2025-01-01 02:03:48,92.04
2,2025-01-01 02:04:03,92.36
2,2025-01-01 02:04:22,92.82
2,2025-01-01 02:04:46,91.84
2,2025-01-01 02:04:51,91.15
2,2025-01-01 02:05:15,90.63
2,2025-01-01 02:05:26,90.06
2,2025-01-01 02:05:47,90.96
2,2025-01-01 02:06:08,90.37
2,2025-01-01 02:06:20,91.2
2,2025-01-01 02:06:34,90.72
2,2025-01-01 02:06:58,90.06
2,2025-01-01 02:07:13,90.08
2,2025-01-01 02:07:31,89.94
2,2025-01-01 02:08:00,90.02
2,2025-01-01 02:08:10,89.75
2,2025-01-01 02:08:39,89.19
2,2025-01-01 02:08:47,89.8
2,2025-01-01 02:09:02,90.07
2,2025-01-01 02:09:20,90.62
2,2025-01-01 02:09:43,91.6
2,2025-01-01 02:09:49,91.01
2,2025-01-01 02:09:58,91.91
2,2025-01-01 02:10:09,91.36
2,2025-01-01 02:10:28,90.88
2,2025-01-01 02:10:42,91.08
2,2025-01-01 02:11:04,90.63
2,2025-01-01 02:11:22,91.26
2,2025-01-01 02:11:35,91.14
2,2025-01-01 02:12:02,90.46
2,2025-01-01 02:12:13,90.86
2,2025-01-01 02:12:22,91.81
2,2025-01-01 02:12:28,91.97
2,2025-01-01 02:12:34,91.27
2,2025-01-01 02:13:03,91.95
2,2025-01-01 02:13:27,92.59
2,2025-01-01 02:13:35,93.49
2,2025-01-01 02:13:46,94.31
2,2025-01-01 02:14:13,94.22
2,2025-01-01 02:14:38,94.66
2,2025-01-01 02:14:54,94.79
2,2025-01-01 02:15:23,95.46
2,2025-01-01 02:15:48,95.17
2,2025-01-01 02:16:15,94.37
2,2025-01-01 02:16:21,94.46
2,2025-01-01 02:16:38,93.95
2,2025-01-01 02:16:52,93.24
2,2025-01-01 02:17:02,94.08
2,2025-01-01 02:17:29,93.31
2,2025-01-01 02:17:38,93.78
2,2025-01-01 02:18:08,93.45
2,2025-01-01 02:18:29,93.62
2,2025-01-01 02:18:47,92.76
2,2025-01-01 02:19:13,92.31
2,2025-01-01 02:19:21,92.22
2,2025-01-01 02:19:26,91.63
2,2025-01-01 02:19:53,91.19
2,2025-01-01 02:20:21,91.73
2,2025-01-01 02:20:27,91.64
2,2025-01-01 02:20:40,91.09
2,2025-01-01 02:21:03,90.56
2,2025-01-01 02:21:24,90.88
2,2025-01-01 02:21:29,91.71
2,2025-01-01 02:21:38,92.17
2,2025-01-01 02:21:59,91.85
2,2025-01-01 02:22:11,91.75
2,2025-01-01 02:22:28,92.07
2,2025-01-01 02:22:41,92.34
2,2025-01-01 02:23:08,92.55
2,2025-01-01 02:23:37,92.36
2,2025-01-01 02:23:50,92.08
2,2025-01-01 02:24:17,91.44
2,2025-01-01 02:24:28,91.58
2,2025-01-01 02:24:44,91.13
2,2025-01-01 02:25:00,91.97
2,2025-01-01 02:25:22,91.57
2,2025-01-01 02:25:52,91.9
2,2025-01-01 02:26:00,91.26
2,2025-01-01 02:26:26,91.09
2,2025-01-01 02:26:53,90.99
2,2025-01-01 02:27:20,90.89
2,2025-01-01 02:27:32,90.46
2,2025-01-01 02:27:46,91.0
2,2025-01-01 02:28:14,90.87
2,2025-01-01 02:28:42,90.98
2,2025-01-01 02:28:49,91.5
2,2025-01-01 02:29:06,91.39
2,2025-01-01 02:29:19,90.44
2,2025-01-01 02:29:33,90.07
2,2025-01-01 02:29:54,90.58
2,2025-01-01 02:30:07,91.31
2,2025-01-01 02:30:20,91.48
2,2025-01-01 02:30:47,91.69
2,2025-01-01 02:30:56,91.0
2,2025-01-01 02:31:02,91.65
2,2025-01-01 02:31:30,90.84
2,2025-01-01 02:31:41,91.61
2,2025-01-01 02:32:10,91.72
2,2025-01-01 02:32:28,92.09
2,2025-01-01 02:32:47,91.2
2,2025-01-01 02:33:17,90.58
2,2025-01-01 02:33:30,91.29
2,2025-01-01 02:33:35,90.79
2,2025-01-01 02:33:44,89.84
2,2025-01-01 02:33:54,89.24
2,2025-01-01 02:34:00,88.7
2,2025-01-01 02:34:06,87.86
2,2025-01-01 02:34:23,88.84
2,2025-01-01 02:34:48,89.81
2,2025-01-01 02:35:15,89.72
2,2025-01-01 02:35:31,89.41
2,2025-01-01 02:35:50,88.95
2,2025-01-01 02:35:58,89.53
2,2025-01-01 02:36:26,90.11
2,2025-01-01 02:36:55,89.91
2,2025-01-01 02:37:02,90.48
2,2025-01-01 02:37:12,89.92
2,2025-01-01 02:37:30,89.15
2,2025-01-01 02:37:56,88.81
2,2025-01-01 02:38:25,88.74
2,2025-01-01 02:38:51,88.26
2,2025-01-01 02:39:13,88.26
2,2025-01-01 02:39:18,88.77
2,2025-01-01 02:39:47,88.62
2,2025-01-01 02:40:11,89.43
2,2025-01-01 02:40:17,90.14
2,2025-01-01 02:40:37,89.55
2,2025-01-01 02:40:43,89.81
2,2025-01-01 02:41:07,89.89
2,2025-01-01 02:41:21,89.95
2,2025-01-01 02:41:30,89.7
2,2025-01-01 02:41:59,90.02
2,2025-01-01 02:42:05,89.08
2,2025-01-01 02:42:14,88.19
2,2025-01-01 02:42:20,88.91
2,2025-01-01 02:42:25,88.35
2,2025-01-01 02:42:51,88.24
2,2025-01-01 02:43:07,88.88
2,2025-01-01 02:43:34,89.1
2,2025-01-01 02:43:42,88.64
2,2025-01-01 02:44:12,88.1
2,2025-01-01 02:44:19,87.82
2,2025-01-01 02:44:40,87.69
2,2025-01-01 02:44:53,88.46
2,2025-01-01 02:45:20,88.39
2,2025-01-01 02:45:38,89.21
2,2025-01-01 02:45:51,89.92
2,2025-01-01 02:46:12,89.46
2,2025-01-01 02:46:40,89.75
2,2025-01-01 02:47:02,89.16
2,2025-01-01 02:47:23,89.37
2,2025-01-01 02:47:45,90.03
2,2025-01-01 02:48:08,90.89
2,2025-01-01 02:48:36,90.51
2,2025-01-01 02:49:00,90.05
2,2025-01-01 02:49:10,90.57
2,2025-01-01 02:49:24,89.64
2,2025-01-01 02:49:42,90.33
2,2025-01-01 02:49:55,90.64
2,2025-01-01 02:50:03,90.21
2,2025-01-01 02:50:24,90.74
2,2025-01-01 02:50:50,90.25
2,2025-01-01 02:50:56,89.42
2,2025-01-01 02:51:14,89.11
2,2025-01-01 02:51:23,90.0
2,2025-01-01 02:51:46,90.51
2,2025-01-01 02:51:58,89.66
2,2025-01-01 02:52:23,90.15
2,2025-01-01 02:52:39,89.95
2,2025-01-01 02:53:04,89.95
2,2025-01-01 02:53:11,89.8
2,2025-01-01 02:53:33,89.15
2,2025-01-01 02:53:41,89.36
2,2025-01-01 02:53:54,88.42
2,2025-01-01 02:54:10,87.5
2,2025-01-01 02:54:15,87.32
2,2025-01-01 02:54:28,86.39
2,2025-01-01 02:54:36,85.96
2,2025-01-01 02:54:48,86.92
2,2025-01-01 02:54:54,85.99
2,2025-01-01 02:55:21,86.08
2,2025-01-01 02:55:29,85.64
2,2025-01-01 02:55:49,85.98
2,2025-01-01 02:56:02,86.73
2,2025-01-01 02:56:21,85.99
2,2025-01-01 02:56:30,85.7
2,2025-01-01 02:56:49,85.49
2,2025-01-01 02:57:07,85.3
2,2025-01-01 02:57:32,85.53
2,2025-01-01 02:58:02,85.59
2,2025-01-01 02:58:16,86.05
2,2025-01-01 02:58:21,86.45
2,2025-01-01 02:58:28,86.86
2,2025-01-01 02:58:37,86.0
2,2025-01-01 02:58:45,86.3
2,2025-01-01 02:59:04,85.5
2,2025-01-01 02:59:20,85.95
2,2025-01-01 02:59:32,86.13
2,2025-01-01 02:59:53,86.35
2,2025-01-01 03:00:18,86.0
2,2025-01-01 03:00:44,86.04
2,2025-01-01 03:01:13,86.05
2,2025-01-01 03:01:28,85.47
2,2025-01-01 03:01:40,85.86
2,2025-01-01 03:01:49,86.36
2,2025-01-01 03:01:55,85.98
2,2025-01-01 03:02:15,86.3
2,2025-01-01 03:02:34,85.34
2,2025-01-01 03:03:01,86.06
2,2025-01-01 03:03:17,86.27
2,2025-01-01 03:03:28,87.16
2,2025-01-01 03:03:37,88.02
2,2025-01-01 03:03:52,88.52
2,2025-01-01 03:03:57,88.6
2,2025-01-01 03:04:13,89.03
2,2025-01-01 03:04:22,88.04
2,2025-01-01 03:04:41,87.82
2,2025-01-01 03:04:51,88.39
2,2025-01-01 03:05:16,88.41
2,2025-01-01 03:05:30,89.19
2,2025-01-01 03:05:48,89.32
2,2025-01-01 03:06:18,90.23
2,2025-01-01 03:06:24,89.83
2,2025-01-01 03:06:50,89.54
2,2025-01-01 03:07:02,88.84
2,2025-01-01 03:07:09,89.29
2,2025-01-01 03:07:22,89.53
2,2025-01-01 03:07:39,89.47
2,2025-01-01 03:07:58,89.45
2,2025-01-01 03:08:20,89.04
2,2025-01-01 03:08:49,88.51
2,2025-01-01 03:09:08,88.96
2,2025-01-01 03:09:28,88.27
2,2025-01-01 03:09:37,87.52
2,2025-01-01 03:09:58,87.5
2,2025-01-01 03:10:09,88.12
2,2025-01-01 03:10:26,87.18
2,2025-01-01 03:10:53,86.72
2,2025-01-01 03:11:09,87.41
2,2025-01-01 03:11:32,86.92
2,2025-01-01 03:11:50,87.48
2,2025-01-01 03:12:09,87.55
2,2025-01-01 03:12:34,88.22
2,2025-01-01 03:13:00,89.09
2,2025-01-01 03:13:27,89.57
2,2025-01-01 03:13:37,88.93
2,2025-01-01 03:13:58,89.25
2,2025-01-01 03:14:28,89.5
2,2025-01-01 03:14:38,89.66
2,2025-01-01 03:15:05,88.85
2,2025-01-01 03:15:32,89.62
2,2025-01-01 03:15:48,89.42
2,2025-01-01 03:15:58,88.76
2,2025-01-01 03:16:14,88.84
2,2025-01-01 03:16:39,88.05
2,2025-01-01 03:16:55,88.3
2,2025-01-01 03:17:25,88.55
2,2025-01-01 03:17:51,88.46
2,2025-01-01 03:18:01,88.67
2,2025-01-01 03:18:19,88.81
2,2025-01-01 03:18:29,89.19
2,2025-01-01 03:18:41,89.27
2,2025-01-01 03:19:06,88.36
2,2025-01-01 03:19:29,88.65
2,2025-01-01 03:19:55,89.61
2,2025-01-01 03:20:11,89.91
2,2025-01-01 03:20:28,90.73
2,2025-01-01 03:20:54,90.77
2,2025-01-01 03:21:08,90.49
2,2025-01-01 03:21:29,89.72
2,2025-01-01 03:21:37,90.25
2,2025-01-01 03:22:07,90.57
2,2025-01-01 03:22:16,90.4
2,2025-01-01 03:22:45,90.65
2,2025-01-01 03:22:52,90.55
2,2025-01-01 03:23:18,90.26
2,2025-01-01 03:23:35,90.22
2,2025-01-01 03:23:47,89.4
2,2025-01-01 03:23:57,88.89
2,2025-01-01 03:24:12,89.51
2,2025-01-01 03:24:28,90.11
2,2025-01-01 03:24:50,90.77
2,2025-01-01 03:25:06,91.29
2,2025-01-01 03:25:26,91.38
2,2025-01-01 03:25:41,92.18
2,2025-01-01 03:25:54,91.88
2,2025-01-01 03:26:02,91.94
2,2025-01-01 03:26:22,92.08
2,2025-01-01 03:26:28,91.56
2,2025-01-01 03:26:44,91.51
2,2025-01-01 03:27:06,91.04
2,2025-01-01 03:27:29,91.37
2,2025-01-01 03:27:35,91.36
2,2025-01-01 03:27:41,91.2
2,2025-01-01 03:28:11,91.99
2,2025-01-01 03:28:34,91.61
2,2025-01-01 03:28:43,90.98
2,2025-01-01 03:29:06,90.58
2,2025-01-01 03:29:13,91.17
2,2025-01-01 03:29:28,90.99
2,2025-01-01 03:29:57,90.71
2,2025-01-01 03:30:20,91.35
2,2025-01-01 03:30:33,91.63
2,2025-01-01 03:30:54,92.29
2,2025-01-01 03:31:20,92.55
2,2025-01-01 03:31:28,93.53
2,2025-01-01 03:31:56,92.98
2,2025-01-01 03:32:07,93.6
2,2025-01-01 03:32:37,94.56
2,2025-01-01 03:32:50,94.95
2,2025-01-01 03:33:04,95.73
2,2025-01-01 03:33:21,95.73
2,2025-01-01 03:33:38,95.99
2,2025-01-01 03:34:07,95.67
2,2025-01-01 03:34:28,95.37
2,2025-01-01 03:34:37,94.38
2,2025-01-01 03:35:01,94.4
2,2025-01-01 03:35:06,94.63
2,2025-01-01 03:35:11,94.11
2,2025-01-01 03:35:29,93.27
2,2025-01-01 03:35:53,92.5
2,2025-01-01 03:36:09,92.28
2,2025-01-01 03:36:21,93.12
2,2025-01-01 03:36:50,92.56
2,2025-01-01 03:37:13,93.34
2,2025-01-01 03:37:34,93.21
2,2025-01-01 03:37:40,93.54
2,2025-01-01 03:38:05,94.42
2,2025-01-01 03:38:25,95.28
2,2025-01-01 03:38:48,95.29
2,2025-01-01 03:39:01,94.29
2,2025-01-01 03:39:31,94.37
2,2025-01-01 03:39:47,94.63
2,2025-01-01 03:40:12,94.19
2,2025-01-01 03:40:42,95.13
2,2025-01-01 03:41:06,94.74
2,2025-01-01 03:41:17,94.52
2,2025-01-01 03:41:44,94.34
2,2025-01-01 03:42:04,94.47
2,2025-01-01 03:42:24,94.93
2,2025-01-01 03:42:44,94.58
2,2025-01-01 03:43:05,93.89
2,2025-01-01 03:43:32,93.49
2,2025-01-01 03:43:43,92.61
2,2025-01-01 03:43:54,92.01
2,2025-01-01 03:44:08,91.23
2,2025-01-01 03:44:24,91.96
2,2025-01-01 03:44:38,91.24
2,2025-01-01 03:45:03,90.97
2,2025-01-01 03:45:10,91.22
2,2025-01-01 03:45:35,91.21
2,2025-01-01 03:46:02,91.74
2,2025-01-01 03:46:24,91.17
2,2025-01-01 03:46:38,91.86
2,2025-01-01 03:46:57,92.08
2,2025-01-01 03:47:12,91.74
2,2025-01-01 03:47:19,91.65
2,2025-01-01 03:47:33,90.72
2,2025-01-01 03:47:57,91.28
2,2025-01-01 03:48:05,90.63
2,2025-01-01 03:48:18,89.63
2,2025-01-01 03:48:44,88.78
2,2025-01-01 03:49:14,88.87
2,2025-01-01 03:49:30,89.32
2,2025-01-01 03:49:35,88.84
2,2025-01-01 03:49:58,89.58
2,2025-01-01 03:50:06,89.43
2,2025-01-01 03:50:24,88.48
2,2025-01-01 03:50:53,89.09
2,2025-01-01 03:51:14,88.71
2,2025-01-01 03:51:26,88.56
2,2025-01-01 03:51:42,88.41
2,2025-01-01 03:51:49,88.68
2,2025-01-01 03:52:00,87.75
2,2025-01-01 03:52:05,88.21
2,2025-01-01 03:52:20,89.15
2,2025-01-01 03:52:28,89.43
2,2025-01-01 03:52:56,90.38
2,2025-01-01 03:53:02,90.16
2,2025-01-01 03:53:18,89.44
2,2025-01-01 03:53:41,89.16
2,2025-01-01 03:54:03,89.97
2,2025-01-01 03:54:31,89.07
2,2025-01-01 03:54:42,89.69
2,2025-01-01 03:54:52,88.81
2,2025-01-01 03:55:12,88.58
2,2025-01-01 03:55:35,88.21
2,2025-01-01 03:56:02,87.99
2,2025-01-01 03:56:32,88.91
2,2025-01-01 03:56:39,88.33
2,2025-01-01 03:56:52,87.64
2,2025-01-01 03:57:12,87.36
2,2025-01-01 03:57:27,87.07
2,2025-01-01 03:57:44,86.46
2,2025-01-01 03:57:50,86.91
2,2025-01-01 03:58:05,87.8
2,2025-01-01 03:58:34,88.04
2,2025-01-01 03:59:02,88.69
2,2025-01-01 03:59:08,88.95
2,2025-01-01 03:59:32,88.37
2,2025-01-01 03:59:44,87.65
2,2025-01-01 03:59:55,87.78
2,2025-01-01 04:00:20,87.84
2,2025-01-01 04:00:30,88.13
2,2025-01-01 04:00:36,88.3
2,2025-01-01 04:00:59,88.86
2,2025-01-01 04:01:08,89.65
2,2025-01-01 04:01:13,90.02
2,2025-01-01 04:01:32,90.84
2,2025-01-01 04:01:39,91.55
2,2025-01-01 04:02:00,90.79
2,2025-01-01 04:02:29,91.13
2,2025-01-01 04:02:38,91.56
2,2025-01-01 04:02:48,92.31
2,2025-01-01 04:02:59,92.51
2,2025-01-01 04:03:27,92.93
2,2025-01-01 04:03:52,93.83
2,2025-01-01 04:04:08,94.19
2,2025-01-01 04:04:19,93.99
2,2025-01-01 04:04:46,94.5
2,2025-01-01 04:05:01,95.41
2,2025-01-01 04:05:29,94.87
2,2025-01-01 04:05:41,94.25
2,2025-01-01 04:06:09,94.18
2,2025-01-01 04:06:24,95.01
2,2025-01-01 04:06:43,94.35
2,2025-01-01 04:06:57,95.34
2,2025-01-01 04:07:03,94.75
2,2025-01-01 04:07:22,95.49
2,2025-01-01 04:07:28,95.2
2,2025-01-01 04:07:51,94.42
2,2025-01-01 04:08:04,93.63
2,2025-01-01 04:08:27,94.62
2,2025-01-01 04:08:47,95.48
2,2025-01-01 04:09:07,95.82
2,2025-01-01 04:09:21,95.85
2,2025-01-01 04:09:40,96.64
2,2025-01-01 04:09:48,95.78
2,2025-01-01 04:10:00,96.47
2,2025-01-01 04:10:07,96.89
2,2025-01-01 04:10:13,96.38
2,2025-01-01 04:10:41,95.45
2,2025-01-01 04:10:52,95.31
2,2025-01-01 04:11:01,94.69
2,2025-01-01 04:11:31,94.47
2,2025-01-01 04:11:49,95.03
2,2025-01-01 04:12:15,95.56
2,2025-01-01 04:12:40,95.64
2,2025-01-01 04:12:54,95.17
2,2025-01-01 04:13:00,96.09
2,2025-01-01 04:13:29,96.45
2,2025-01-01 04:13:48,95.86
2,2025-01-01 04:14:09,96.16
2,2025-01-01 04:14:15,95.76
2,2025-01-01 04:14:25,95.63
2,2025-01-01 04:14:54,96.62
2,2025-01-01 04:15:13,95.73
2,2025-01-01 04:15:31,95.33
2,2025-01-01 04:16:00,95.08
2,2025-01-01 04:16:24,94.62
2,2025-01-01 04:16:43,95.27
2,2025-01-01 04:16:53,95.37
2,2025-01-01 04:16:58,95.08
2,2025-01-01 04:17:28,94.77
2,2025-01-01 04:17:54,95.41
2,2025-01-01 04:18:22,94.52
2,2025-01-01 04:18:52,94.17
2,2025-01-01 04:19:13,93.76
2,2025-01-01 04:19:43,93.25
2,2025-01-01 04:20:08,92.5
2,2025-01-01 04:20:36,92.66
2,2025-01-01 04:20:54,91.79
2,2025-01-01 04:21:11,91.56
2,2025-01-01 04:21:19,90.75
2,2025-01-01 04:21:41,91.33
2,2025-01-01 04:22:10,90.54
2,2025-01-01 04:22:37,91.11
2,2025-01-01 04:22:53,90.44
2,2025-01-01 04:23:13,90.89
2,2025-01-01 04:23:36,91.46
2,2025-01-01 04:24:00,91.91
2,2025-01-01 04:24:13,91.97
2,2025-01-01 04:24:31,91.86
2,2025-01-01 04:24:47,92.46
2,2025-01-01 04:25:14,93.31
2,2025-01-01 04:25:44,93.93
2,2025-01-01 04:25:55,93.02
2,2025-01-01 04:26:10,93.27
2,2025-01-01 04:26:33,93.8
2,2025-01-01 04:26:38,93.87
2,2025-01-01 04:27:03,94.65
2,2025-01-01 04:27:24,94.44
2,2025-01-01 04:27:34,94.17
2,2025-01-01 04:27:46,94.58
2,2025-01-01 04:28:02,94.63
2,2025-01-01 04:28:31,95.56
2,2025-01-01 04:28:59,96.21
2,2025-01-01 04:29:21,95.64
2,2025-01-01 04:29:26,95.95
2,2025-01-01 04:29:38,95.46
2,2025-01-01 04:30:00,95.18
2,2025-01-01 04:30:17,95.5
2,2025-01-01 04:30:22,95.26
2,2025-01-01 04:30:42,95.38
2,2025-01-01 04:30:51,94.68
2,2025-01-01 04:31:01,94.32
2,2025-01-01 04:31:06,95.2
2,2025-01-01 04:31:23,95.3
2,2025-01-01 04:31:32,95.09
2,2025-01-01 04:31:41,95.57
2,2025-01-01 04:32:06,94.87
2,2025-01-01 04:32:22,94.83
2,2025-01-01 04:32:33,94.42
2,2025-01-01 04:33:01,93.45
2,2025-01-01 04:33:13,92.66
2,2025-01-01 04:33:27,91.7
2,2025-01-01 04:33:43,91.02
2,2025-01-01 04:33:53,91.06
2,2025-01-01 04:34:22,91.32
2,2025-01-01 04:34:48,90.65
2,2025-01-01 04:34:53,90.3
2,2025-01-01 04:34:58,91.11
2,2025-01-01 04:35:17,90.36
2,2025-01-01 04:35:47,89.57
2,2025-01-01 04:36:10,89.2
2,2025-01-01 04:36:24,88.44
2,2025-01-01 04:36:29,88.15
2,2025-01-01 04:36:52,88.14
2,2025-01-01 04:37:16,87.76
2,2025-01-01 04:37:40,87.14
2,2025-01-01 04:38:03,87.42
2,2025-01-01 04:38:32,87.5
2,2025-01-01 04:38:37,88.05
2,2025-01-01 04:39:03,87.87
2,2025-01-01 04:39:21,87.13
2,2025-01-01 04:39:50,86.23
2,2025-01-01 04:40:12,85.85
2,2025-01-01 04:40:22,86.53
2,2025-01-01 04:40:33,86.52
2,2025-01-01 04:41:02,86.53
2,2025-01-01 04:41:07,85.74
2,2025-01-01 04:41:14,86.04
2,2025-01-01 04:41:31,86.69
2,2025-01-01 04:41:52,86.95
2,2025-01-01 04:42:13,86.71
2,2025-01-01 04:42:20,86.62
2,2025-01-01 04:42:48,86.77
2,2025-01-01 04:43:16,86.14
2,2025-01-01 04:43:29,87.11
2,2025-01-01 04:43:56,87.3
2,2025-01-01 04:44:01,87.45
2,2025-01-01 04:44:07,87.78
2,2025-01-01 04:44:15,87.31
2,2025-01-01 04:44:29,86.7
2,2025-01-01 04:44:59,86.35
2,2025-01-01 04:45:08,87.04
2,2025-01-01 04:45:26,87.08
2,2025-01-01 04:45:49,87.4
2,2025-01-01 04:46:00,86.86
2,2025-01-01 04:46:20,87.48
2,2025-01-01 04:46:43,88.37
2,2025-01-01 04:47:04,87.95
2,2025-01-01 04:47:10,86.99
2,2025-01-01 04:47:27,87.02
2,2025-01-01 04:47:39,87.5
2,2025-01-01 04:48:09,86.77
2,2025-01-01 04:48:20,87.52
2,2025-01-01 04:48:40,86.82
2,2025-01-01 04:49:02,87.08
2,2025-01-01 04:49:16,87.24
2,2025-01-01 04:49:39,88.0
2,2025-01-01 04:50:01,88.19
2,2025-01-01 04:50:14,88.55
2,2025-01-01 04:50:31,88.15
2,2025-01-01 04:51:00,87.17
2,2025-01-01 04:51:05,86.5
2,2025-01-01 04:51:22,86.79
2,2025-01-01 04:51:44,86.73
2,2025-01-01 04:52:08,86.6
2,2025-01-01 04:52:29,87.47
2,2025-01-01 04:52:51,87.83
2,2025-01-01 04:52:58,88.12
2,2025-01-01 04:53:19,87.52
2,2025-01-01 04:53:33,86.82
2,2025-01-01 04:53:51,87.07
2,2025-01-01 04:53:57,87.93
2,2025-01-01 04:54:26,87.64
2,2025-01-01 04:54:55,88.34
2,2025-01-01 04:55:06,89.33
2,2025-01-01 04:55:28,89.82
2,2025-01-01 04:55:34,89.29
2,2025-01-01 04:55:40,88.91
2,2025-01-01 04:56:03,88.79
2,2025-01-01 04:56:24,89.26
2,2025-01-01 04:56:45,88.99
2,2025-01-01 04:56:50,88.18
2,2025-01-01 04:57:02,87.87
2,2025-01-01 04:57:15,87.18
2,2025-01-01 04:57:45,86.26
2,2025-01-01 04:58:07,86.63
2,2025-01-01 04:58:36,87.27
2,2025-01-01 04:58:41,87.53
2,2025-01-01 04:59:03,86.54
2,2025-01-01 04:59:25,86.6
2,2025-01-01 04:59:43,87.05
2,2025-01-01 05:00:06,87.47
2,2025-01-01 05:00:26,88.46
2,2025-01-01 05:00:51,88.6
2,2025-01-01 05:01:12,88.25
2,2025-01-01 05:01:33,88.98
2,2025-01-01 05:01:45,88.86
2,2025-01-01 05:01:51,88.69
2,2025-01-01 05:02:18,87.92
2,2025-01-01 05:02:30,87.76
2,2025-01-01 05:02:50,88.6
2,2025-01-01 05:03:06,88.66
2,2025-01-01 05:03:25,89.55
2,2025-01-01 05:03:31,88.7
2,2025-01-01 05:03:50,87.95
2,2025-01-01 05:04:08,88.6
2,2025-01-01 05:04:33,88.42
2,2025-01-01 05:04:51,87.78
2,2025-01-01 05:05:13,87.45
2,2025-01-01 05:05:41,87.53
2,2025-01-01 05:05:47,88.34
2,2025-01-01 05:05:54,88.17
2,2025-01-01 05:06:03,87.44
2,2025-01-01 05:06:09,86.67
2,2025-01-01 05:06:37,86.71
2,2025-01-01 05:06:48,86.57
2,2025-01-01 05:07:01,86.06
2,2025-01-01 05:07:27,85.25
2,2025-01-01 05:07:44,84.96
2,2025-01-01 05:08:13,85.25
2,2025-01-01 05:08:25,86.16
2,2025-01-01 05:08:47,85.38
2,2025-01-01 05:08:59,86.12
2,2025-01-01 05:09:26,86.02
2,2025-01-01 05:09:46,86.63
2,2025-01-01 05:10:02,87.33
2,2025-01-01 05:10:32,87.22
2,2025-01-01 05:10:50,86.33
2,2025-01-01 05:11:00,87.32
2,2025-01-01 05:11:05,87.42
2,2025-01-01 05:11:22,88.38
2,2025-01-01 05:11:32,87.84
2,2025-01-01 05:11:47,87.74
2,2025-01-01 05:12:04,88.54
2,2025-01-01 05:12:32,88.26
2,2025-01-01 05:12:54,87.31
2,2025-01-01 05:13:18,88.15
2,2025-01-01 05:13:33,88.11
2,2025-01-01 05:13:57,88.19
2,2025-01-01 05:14:21,87.89
2,2025-01-01 05:14:48,87.49
2,2025-01-01 05:15:18,87.28
2,2025-01-01 05:15:33,87.56
2,2025-01-01 05:16:02,86.77
2,2025-01-01 05:16:27,85.78
2,2025-01-01 05:16:42,86.21
2,2025-01-01 05:17:00,86.97
2,2025-01-01 05:17:16,86.81
2,2025-01-01 05:17:46,87.29
2,2025-01-01 05:18:04,86.84
2,2025-01-01 05:18:12,86.32
2,2025-01-01 05:18:30,85.47
2,2025-01-01 05:18:55,85.96
2,2025-01-01 05:19:12,86.39
2,2025-01-01 05:19:41,86.33
2,2025-01-01 05:19:52,86.57
2,2025-01-01 05:20:04,87.57
2,2025-01-01 05:20:20,87.27
2,2025-01-01 05:20:37,86.53
2,2025-01-01 05:20:48,87.06
2,2025-01-01 05:21:09,86.07
2,2025-01-01 05:21:30,85.18
2,2025-01-01 05:21:41,85.23
2,2025-01-01 05:22:02,85.43
2,2025-01-01 05:22:17,85.87
2,2025-01-01 05:22:31,85.58
2,2025-01-01 05:22:43,86.19
2,2025-01-01 05:23:08,86.88
2,2025-01-01 05:23:25,87.59
2,2025-01-01 05:23:47,87.35
2,2025-01-01 05:24:08,87.3
2,2025-01-01 05:24:18,86.68
2,2025-01-01 05:24:32,87.39
2,2025-01-01 05:24:58,86.89
2,2025-01-01 05:25:27,87.74
2,2025-01-01 05:25:40,88.59
2,2025-01-01 05:26:05,88.31
2,2025-01-01 05:26:11,88.65
2,2025-01-01 05:26:18,89.07
2,2025-01-01 05:26:34,89.95
2,2025-01-01 05:26:49,89.81
2,2025-01-01 05:27:12,89.88
2,2025-01-01 05:27:37,89.87
2,2025-01-01 05:27:49,89.38
2,2025-01-01 05:27:55,90.14
2,2025-01-01 05:28:11,90.83
2,2025-01-01 05:28:36,89.88
2,2025-01-01 05:28:44,89.92
2,2025-01-01 05:29:09,90.04
2,2025-01-01 05:29:32,90.12
2,2025-01-01 05:29:47,91.07
2,2025-01-01 05:29:56,90.17
2,2025-01-01 05:30:09,90.28
2,2025-01-01 05:30:35,89.72
2,2025-01-01 05:30:54,89.97
2,2025-01-01 05:31:11,90.03
2,2025-01-01 05:31:34,89.96
2,2025-01-01 05:31:50,89.15
2,2025-01-01 05:32:19,88.93
2,2025-01-01 05:32:28,89.7
2,2025-01-01 05:32:52,90.09
2,2025-01-01 05:33:16,90.73
2,2025-01-01 05:33:44,91.72
2,2025-01-01 05:33:52,91.25
2,2025-01-01 05:34:04,90.73
2,2025-01-01 05:34:26,89.91
2,2025-01-01 05:34:47,90.87
2,2025-01-01 05:35:02,91.39
2,2025-01-01 05:35:24,91.25
2,2025-01-01 05:35:31,91.28
2,2025-01-01 05:35:47,91.28
2,2025-01-01 05:36:08,90.77
2,2025-01-01 05:36:17,91.23
2,2025-01-01 05:36:42,91.26
2,2025-01-01 05:36:47,91.5
2,2025-01-01 05:37:12,90.67
2,2025-01-01 05:37:37,91.25
2,2025-01-01 05:37:52,91.17
2,2025-01-01 05:38:05,90.37
2,2025-01-01 05:38:26,89.72
2,2025-01-01 05:38:34,90.29
2,2025-01-01 05:38:53,90.99
2,2025-01-01 05:39:12,90.96
2,2025-01-01 05:39:32,91.95
2,2025-01-01 05:39:43,91.85
2,2025-01-01 05:40:07,91.53
2,2025-01-01 05:40:15,91.82
2,2025-01-01 05:40:21,92.0
2,2025-01-01 05:40:42,92.95
2,2025-01-01 05:41:04,92.57
2,2025-01-01 05:41:10,92.5
2,2025-01-01 05:41:35,92.75
2,2025-01-01 05:42:02,93.7
2,2025-01-01 05:42:29,93.51
2,2025-01-01 05:42:49,93.75
2,2025-01-01 05:43:15,94.07
2,2025-01-01 05:43:30,94.94
2,2025-01-01 05:43:47,95.62
2,2025-01-01 05:44:09,95.65
2,2025-01-01 05:44:16,95.48
2,2025-01-01 05:44:29,95.07
2,2025-01-01 05:44:56,95.99
2,2025-01-01 05:45:25,96.95
2,2025-01-01 05:45:49,96.71
2,2025-01-01 05:46:12,96.2
2,2025-01-01 05:46:21,95.99
2,2025-01-01 05:46:31,96.7
2,2025-01-01 05:46:45,97.49
2,2025-01-01 05:46:58,98.28
2,2025-01-01 05:47:18,99.28
2,2025-01-01 05:47:41,98.61
2,2025-01-01 05:48:03,98.75
2,2025-01-01 05:48:08,98.73
2,2025-01-01 05:48:13,99.33
2,2025-01-01 05:48:22,99.54
2,2025-01-01 05:48:31,98.89
2,2025-01-01 05:48:44,99.32
2,2025-01-01 05:48:53,99.55
2,2025-01-01 05:49:00,100.0
2,2025-01-01 05:49:09,100.0
2,2025-01-01 05:49:31,99.56
2,2025-01-01 05:49:45,99.16
2,2025-01-01 05:49:56,98.51
2,2025-01-01 05:50:04,97.87
2,2025-01-01 05:50:17,97.17
2,2025-01-01 05:50:45,97.59
2,2025-01-01 05:50:55,96.71
2,2025-01-01 05:51:15,96.65
2,2025-01-01 05:51:28,95.66
2,2025-01-01 05:51:35,95.51
2,2025-01-01 05:51:49,96.35
2,2025-01-01 05:52:03,96.99
2,2025-01-01 05:52:10,96.37
2,2025-01-01 05:52:26,95.96
2,2025-01-01 05:52:51,96.2
2,2025-01-01 05:53:05,95.97
2,2025-01-01 05:53:14,96.78
2,2025-01-01 05:53:37,96.91
2,2025-01-01 05:53:52,96.1
2,2025-01-01 05:54:15,96.25
2,2025-01-01 05:54:30,95.96
2,2025-01-01 05:54:50,96.44
2,2025-01-01 05:55:18,95.49
2,2025-01-01 05:55:25,96.0
2,2025-01-01 05:55:51,96.73
2,2025-01-01 05:56:20,97.25
2,2025-01-01 05:56:48,97.2
2,2025-01-01 05:57:15,97.77
2,2025-01-01 05:57:30,97.1
2,2025-01-01 05:57:54,96.24
2,2025-01-01 05:58:05,95.98
2,2025-01-01 05:58:34,96.8
2,2025-01-01 05:58:43,97.51
2,2025-01-01 05:59:06,97.65
2,2025-01-01 05:59:16,97.14
2,2025-01-01 05:59:36,96.55
2,2025-01-01 05:59:56,96.56
2,2025-01-01 06:00:13,96.74
2,2025-01-01 06:00:18,96.61
2,2025-01-01 06:00:38,96.99
2,2025-01-01 06:00:52,96.41
2,2025-01-01 06:01:12,96.69
2,2025-01-01 06:01:35,95.79
2,2025-01-01 06:01:43,95.35
2,2025-01-01 06:01:59,94.41
2,2025-01-01 06:02:29,94.39
2,2025-01-01 06:02:38,94.07
2,2025-01-01 06:03:08,93.92
2,2025-01-01 06:03:34,93.7
2,2025-01-01 06:03:47,93.82
2,2025-01-01 06:04:16,94.26
2,2025-01-01 06:04:30,93.68
2,2025-01-01 06:04:46,94.45
2,2025-01-01 06:04:52,93.63
2,2025-01-01 06:05:14,94.01
2,2025-01-01 06:05:42,93.13
2,2025-01-01 06:05:55,92.39
2,2025-01-01 06:06:17,91.9
2,2025-01-01 06:06:44,91.5
2,2025-01-01 06:06:49,90.67
2,2025-01-01 06:07:04,91.51
2,2025-01-01 06:07:20,91.04
2,2025-01-01 06:07:41,90.24
2,2025-01-01 06:08:01,90.53
2,2025-01-01 06:08:16,89.65
2,2025-01-01 06:08:44,89.94
2,2025-01-01 06:09:08,90.61
2,2025-01-01 06:09:29,90.25
2,2025-01-01 06:09:47,89.67
2,2025-01-01 06:10:12,89.41
2,2025-01-01 06:10:40,88.57
2,2025-01-01 06:10:53,89.08
2,2025-01-01 06:11:20,88.87
2,2025-01-01 06:11:37,89.07
2,2025-01-01 06:12:01,88.53
2,2025-01-01 06:12:22,87.78
2,2025-01-01 06:12:33,88.64
2,2025-01-01 06:12:45,88.73
2,2025-01-01 06:12:52,87.76
2,2025-01-01 06:13:17,87.01
2,2025-01-01 06:13:37,86.77
2,2025-01-01 06:13:43,86.62
2,2025-01-01 06:14:04,87.24
2,2025-01-01 06:14:32,88.24
2,2025-01-01 06:14:49,89.17
2,2025-01-01 06:15:15,88.98
2,2025-01-01 06:15:28,88.08
2,2025-01-01 06:15:43,88.78
2,2025-01-01 06:15:50,89.33
2,2025-01-01 06:16:19,89.39
2,2025-01-01 06:16:46,89.82
2,2025-01-01 06:17:09,89.92
2,2025-01-01 06:17:32,90.42
2,2025-01-01 06:17:39,90.79
2,2025-01-01 06:17:56,90.54
2,2025-01-01 06:18:05,89.89
2,2025-01-01 06:18:24,90.07
2,2025-01-01 06:18:48,89.49
2,2025-01-01 06:19:10,89.69
2,2025-01-01 06:19:27,89.55
2,2025-01-01 06:19:37,89.76
2,2025-01-01 06:20:06,88.89
2,2025-01-01 06:20:16,88.14
2,2025-01-01 06:20:25,89.13
2,2025-01-01 06:20:45,90.09
2,2025-01-01 06:21:06,89.97
2,2025-01-01 06:21:36,89.05
2,2025-01-01 06:21:51,88.14
2,2025-01-01 06:22:01,87.48
2,2025-01-01 06:22:18,86.5
2,2025-01-01 06:22:24,85.9
2,2025-01-01 06:22:34,86.44
2,2025-01-01 06:23:03,85.54
2,2025-01-01 06:23:33,86.29
2,2025-01-01 06:23:39,86.56
2,2025-01-01 06:23:49,86.73
2,2025-01-01 06:24:08,86.21
2,2025-01-01 06:24:18,86.96
2,2025-01-01 06:24:23,87.33
2,2025-01-01 06:24:52,87.48
2,2025-01-01 06:25:10,86.61
2,2025-01-01 06:25:17,86.14
2,2025-01-01 06:25:28,85.41
2,2025-01-01 06:25:38,84.94
2,2025-01-01 06:25:45,83.98
2,2025-01-01 06:26:08,83.27
2,2025-01-01 06:26:18,82.88
2,2025-01-01 06:26:43,82.57
2,2025-01-01 06:27:13,83.49
2,2025-01-01 06:27:29,84.45
2,2025-01-01 06:27:57,83.89
2,2025-01-01 06:28:07,84.41
2,2025-01-01 06:28:13,84.55
2,2025-01-01 06:28:31,85.45
2,2025-01-01 06:28:51,84.81
2,2025-01-01 06:29:06,84.25
2,2025-01-01 06:29:23,85.05
2,2025-01-01 06:29:29,85.32
2,2025-01-01 06:29:37,86.06
2,2025-01-01 06:29:58,85.08
2,2025-01-01 06:30:06,85.09
2,2025-01-01 06:30:27,86.01
2,2025-01-01 06:30:46,85.75
2,2025-01-01 06:31:10,86.31
2,2025-01-01 06:31:34,85.55
2,2025-01-01 06:31:52,85.94
2,2025-01-01 06:32:08,86.06
2,2025-01-01 06:32:26,85.98
2,2025-01-01 06:32:36,86.18
2,2025-01-01 06:32:45,86.42
2,2025-01-01 06:33:09,87.08
2,2025-01-01 06:33:19,87.77
2,2025-01-01 06:33:45,87.05
2,2025-01-01 06:34:03,86.6
2,2025-01-01 06:34:26,87.5
2,2025-01-01 06:34:47,86.85
2,2025-01-01 06:34:52,87.51
2,2025-01-01 06:35:22,87.47
2,2025-01-01 06:35:45,88.42
2,2025-01-01 06:36:06,87.53
2,2025-01-01 06:36:26,87.62
2,2025-01-01 06:36:32,88.03
2,2025-01-01 06:36:49,88.91
2,2025-01-01 06:37:05,87.99
2,2025-01-01 06:37:25,88.56
2,2025-01-01 06:37:43,88.05
2,2025-01-01 06:37:53,88.34
2,2025-01-01 06:38:10,88.55
2,2025-01-01 06:38:25,87.76
2,2025-01-01 06:38:48,87.24
2,2025-01-01 06:39:14,87.34
2,2025-01-01 06:39:21,87.05
2,2025-01-01 06:39:48,86.19
2,2025-01-01 06:39:56,87.04
2,2025-01-01 06:40:14,87.35
2,2025-01-01 06:40:44,87.01
2,2025-01-01 06:41:09,87.32
2,2025-01-01 06:41:30,86.81
2,2025-01-01 06:41:40,86.08
2,2025-01-01 06:41:47,85.3
2,2025-01-01 06:42:07,84.98
2,2025-01-01 06:42:24,84.26
2,2025-01-01 06:42:47,83.68
2,2025-01-01 06:42:52,84.32
2,2025-01-01 06:43:11,85.09
2,2025-01-01 06:43:37,85.61
2,2025-01-01 06:43:48,86.1
2,2025-01-01 06:43:56,87.06
2,2025-01-01 06:44:03,86.78
2,2025-01-01 06:44:29,86.94
2,2025-01-01 06:44:47,86.89
2,2025-01-01 06:44:55,86.63
2,2025-01-01 06:45:09,86.58
2,2025-01-01 06:45:21,85.74
2,2025-01-01 06:45:31,84.87
2,2025-01-01 06:45:50,84.09
2,2025-01-01 06:46:18,84.64
2,2025-01-01 06:46:32,84.01
2,2025-01-01 06:46:56,84.89
2,2025-01-01 06:47:04,85.08
2,2025-01-01 06:47:11,85.31
2,2025-01-01 06:47:35,86.16
2,2025-01-01 06:48:01,85.68
2,2025-01-01 06:48:12,86.63
2,2025-01-01 06:48:21,86.58
2,2025-01-01 06:48:27,87.37
2,2025-01-01 06:48:37,87.49
2,2025-01-01 06:48:45,87.71
2,2025-01-01 06:48:54,87.16
2,2025-01-01 06:49:20,87.62
2,2025-01-01 06:49:26,87.34
2,2025-01-01 06:49:51,88.09
2,2025-01-01 06:49:57,88.89
2,2025-01-01 06:50:07,89.48
2,2025-01-01 06:50:24,89.58
2,2025-01-01 06:50:29,89.36
2,2025-01-01 06:50:48,89.66
2,2025-01-01 06:50:53,89.81
2,2025-01-01 06:51:13,90.8
2,2025-01-01 06:51:37,90.74
2,2025-01-01 06:51:57,90.35
2,2025-01-01 06:52:22,90.38
2,2025-01-01 06:52:32,91.21
2,2025-01-01 06:52:44,91.8
2,2025-01-01 06:53:11,91.39
2,2025-01-01 06:53:32,90.77
2,2025-01-01 06:53:53,90.09
2,2025-01-01 06:54:13,90.87
2,2025-01-01 06:54:20,91.65
2,2025-01-01 06:54:31,92.37
2,2025-01-01 06:54:47,92.18
2,2025-01-01 06:54:54,92.74
2,2025-01-01 06:55:15,92.99
2,2025-01-01 06:55:22,93.18
2,2025-01-01 06:55:39,93.46
2,2025-01-01 06:56:01,93.06
2,2025-01-01 06:56:14,92.24
2,2025-01-01 06:56:41,92.94
2,2025-01-01 06:56:46,92.78
2,2025-01-01 06:57:02,92.94
2,2025-01-01 06:57:19,92.33
2,2025-01-01 06:57:42,91.65
2,2025-01-01 06:58:10,91.39
2,2025-01-01 06:58:31,90.98
2,2025-01-01 06:58:47,90.69
2,2025-01-01 06:59:13,91.36
2,2025-01-01 06:59:25,92.04
2,2025-01-01 06:59:46,92.55
2,2025-01-01 06:59:55,92.23
2,2025-01-01 07:00:07,92.05
2,2025-01-01 07:00:32,92.27
2,2025-01-01 07:01:00,93.08
2,2025-01-01 07:01:29,92.71
2,2025-01-01 07:01:43,92.79
2,2025-01-01 07:01:48,93.21
2,2025-01-01 07:02:11,93.54
2,2025-01-01 07:02:41,94.28
2,2025-01-01 07:02:59,95.11
2,2025-01-01 07:03:07,95.34
2,2025-01-01 07:03:18,94.5
2,2025-01-01 07:03:35,95.26
2,2025-01-01 07:03:46,94.67
2,2025-01-01 07:03:52,95.46
2,2025-01-01 07:04:20,95.19
2,2025-01-01 07:04:43,94.35
2,2025-01-01 07:04:54,94.09
2,2025-01-01 07:05:04,94.28
2,2025-01-01 07:05:23,94.81
2,2025-01-01 07:05:33,94.23
2,2025-01-01 07:05:49,93.29
2,2025-01-01 07:06:09,92.57
2,2025-01-01 07:06:34,92.64
2,2025-01-01 07:06:40,92.22
2,2025-01-01 07:07:03,91.9
2,2025-01-01 07:07:23,91.74
2,2025-01-01 07:07:52,92.55
2,2025-01-01 07:08:09,92.63
2,2025-01-01 07:08:19,92.2
2,2025-01-01 07:08:40,92.34
2,2025-01-01 07:08:47,92.71
2,2025-01-01 07:09:17,93.05
2,2025-01-01 07:09:41,93.99
2,2025-01-01 07:10:11,94.03
2,2025-01-01 07:10:26,94.33
2,2025-01-01 07:10:54,94.49
2,2025-01-01 07:11:00,94.31
2,2025-01-01 07:11:11,94.82
2,2025-01-01 07:11:32,94.3
2,2025-01-01 07:11:57,94.91
2,2025-01-01 07:12:20,95.6
2,2025-01-01 07:12:47,95.05
2,2025-01-01 07:13:01,95.07
2,2025-01-01 07:13:17,95.57
2,2025-01-01 07:13:33,95.85
2,2025-01-01 07:13:52,95.25
2,2025-01-01 07:14:01,95.38
2,2025-01-01 07:14:23,95.7
2,2025-01-01 07:14:51,95.09
2,2025-01-01 07:15:00,94.28
2,2025-01-01 07:15:10,94.7
2,2025-01-01 07:15:30,95.65
2,2025-01-01 07:15:45,94.73
2,2025-01-01 07:16:00,93.88
2,2025-01-01 07:16:27,94.05
2,2025-01-01 07:16:42,94.35
2,2025-01-01 07:16:55,93.78
2,2025-01-01 07:17:07,92.89
2,2025-01-01 07:17:30,93.77
2,2025-01-01 07:17:40,94.23
2,2025-01-01 07:17:48,93.31
2,2025-01-01 07:17:53,93.16
2,2025-01-01 07:18:07,92.67
2,2025-01-01 07:18:35,91.88
2,2025-01-01 07:18:54,92.24
2,2025-01-01 07:19:20,92.42
2,2025-01-01 07:19:26,92.69
2,2025-01-01 07:19:52,93.68
2,2025-01-01 07:20:11,93.67
2,2025-01-01 07:20:39,94.03
2,2025-01-01 07:20:47,94.16
2,2025-01-01 07:21:00,94.57
2,2025-01-01 07:21:16,95.52
2,2025-01-01 07:21:46,95.5
2,2025-01-01 07:22:07,94.65
2,2025-01-01 07:22:37,94.62
2,2025-01-01 07:22:44,94.24
2,2025-01-01 07:23:14,93.63
2,2025-01-01 07:23:26,94.61
2,2025-01-01 07:23:31,94.65
2,2025-01-01 07:23:54,94.94
2,2025-01-01 07:23:59,94.55
2,2025-01-01 07:24:26,94.06
2,2025-01-01 07:24:40,94.38
2,2025-01-01 07:24:56,93.67
2,2025-01-01 07:25:21,93.9
2,2025-01-01 07:25:39,94.75
2,2025-01-01 07:26:03,94.34
2,2025-01-01 07:26:08,93.53
2,2025-01-01 07:26:31,93.78
2,2025-01-01 07:26:43,94.11
2,2025-01-01 07:26:55,94.38
2,2025-01-01 07:27:03,94.04
2,2025-01-01 07:27:11,94.58
2,2025-01-01 07:27:19,94.87
2,2025-01-01 07:27:32,94.93
2,2025-01-01 07:27:55,94.71
2,2025-01-01 07:28:19,94.81
2,2025-01-01 07:28:36,94.37
2,2025-01-01 07:29:01,95.33
2,2025-01-01 07:29:08,95.35
2,2025-01-01 07:29:26,95.9
2,2025-01-01 07:29:42,96.41
2,2025-01-01 07:29:50,96.56
2,2025-01-01 07:30:02,96.76
2,2025-01-01 07:30:30,95.96
2,2025-01-01 07:30:37,96.34
2,2025-01-01 07:30:46,95.66
2,2025-01-01 07:30:51,96.3
2,2025-01-01 07:31:05,95.97
2,2025-01-01 07:31:13,95.16
2,2025-01-01 07:31:38,95.52
2,2025-01-01 07:31:53,95.61
2,2025-01-01 07:32:10,94.85
2,2025-01-01 07:32:31,94.52
2,2025-01-01 07:32:39,94.44
2,2025-01-01 07:33:07,93.83
2,2025-01-01 07:33:25,93.79
2,2025-01-01 07:33:47,93.69
2,2025-01-01 07:34:03,92.83
2,2025-01-01 07:34:29,93.68
2,2025-01-01 07:34:59,94.61
2,2025-01-01 07:35:04,94.19
2,2025-01-01 07:35:10,93.62
2,2025-01-01 07:35:22,92.89
2,2025-01-01 07:35:45,93.18
2,2025-01-01 07:35:52,93.84
2,2025-01-01 07:35:58,94.14
2,2025-01-01 07:36:08,93.95
2,2025-01-01 07:36:13,92.96
2,2025-01-01 07:36:31,93.57
2,2025-01-01 07:36:45,93.68
2,2025-01-01 07:37:07,94.2
2,2025-01-01 07:37:20,94.79
2,2025-01-01 07:37:34,94.39
2,2025-01-01 07:37:48,94.54
2,2025-01-01 07:37:57,94.51
2,2025-01-01 07:38:26,93.7
2,2025-01-01 07:38:54,93.83
2,2025-01-01 07:39:13,94.37
2,2025-01-01 07:39:37,93.54
2,2025-01-01 07:40:01,94.38
2,2025-01-01 07:40:08,93.73
2,2025-01-01 07:40:24,94.53
2,2025-01-01 07:40:43,93.71
2,2025-01-01 07:41:09,93.88
2,2025-01-01 07:41:16,93.53
2,2025-01-01 07:41:32,94.09
2,2025-01-01 07:41:54,93.55
2,2025-01-01 07:42:14,92.55
2,2025-01-01 07:42:38,91.79
2,2025-01-01 07:43:02,91.49
2,2025-01-01 07:43:16,90.86
2,2025-01-01 07:43:37,90.17
2,2025-01-01 07:44:07,90.84
2,2025-01-01 07:44:14,90.88
2,2025-01-01 07:44:27,90.32
2,2025-01-01 07:44:44,90.8
2,2025-01-01 07:45:14,91.72
2,2025-01-01 07:45:29,91.93
2,2025-01-01 07:45:49,91.69
2,2025-01-01 07:45:59,91.57
2,2025-01-01 07:46:05,90.85
2,2025-01-01 07:46:11,91.12
2,2025-01-01 07:46:36,91.57
2,2025-01-01 07:47:04,91.99
2,2025-01-01 07:47:30,92.5
2,2025-01-01 07:47:57,93.05
2,2025-01-01 07:48:19,93.83
2,2025-01-01 07:48:32,94.11
2,2025-01-01 07:49:02,94.52
2,2025-01-01 07:49:16,94.44
2,2025-01-01 07:49:39,95.21
2,2025-01-01 07:49:58,95.12
2,2025-01-01 07:50:21,94.48
2,2025-01-01 07:50:51,94.53
2,2025-01-01 07:51:01,95.25
2,2025-01-01 07:51:13,95.09
2,2025-01-01 07:51:37,94.38
2,2025-01-01 07:51:52,94.66
2,2025-01-01 07:52:17,94.51
2,2025-01-01 07:52:35,95.42
2,2025-01-01 07:52:41,94.72
2,2025-01-01 07:53:04,94.45
2,2025-01-01 07:53:27,94.86
2,2025-01-01 07:53:35,94.48
2,2025-01-01 07:54:00,94.77
2,2025-01-01 07:54:18,95.76
2,2025-01-01 07:54:25,95.72
2,2025-01-01 07:54:45,95.16
2,2025-01-01 07:55:08,95.35
2,2025-01-01 07:55:19,94.95
2,2025-01-01 07:55:38,94.47
2,2025-01-01 07:55:53,95.28
2,2025-01-01 07:56:11,95.33
2,2025-01-01 07:56:28,95.48
2,2025-01-01 07:56:36,95.05
2,2025-01-01 07:56:51,95.38
2,2025-01-01 07:57:08,95.45
2,2025-01-01 07:57:37,94.58
2,2025-01-01 07:57:54,94.1
2,2025-01-01 07:58:09,94.31
2,2025-01-01 07:58:35,93.69
2,2025-01-01 07:58:58,92.71
2,2025-01-01 07:59:14,91.97
2,2025-01-01 07:59:36,91.42
2,2025-01-01 07:59:53,91.67
2,2025-01-01 08:00:11,91.04
2,2025-01-01 08:00:31,90.73
2,2025-01-01 08:00:47,90.32
2,2025-01-01 08:01:16,90.3
2,2025-01-01 08:01:46,91.27
2,2025-01-01 08:02:12,91.91
2,2025-01-01 08:02:36,91.37
2,2025-01-01 08:02:48,90.74
2,2025-01-01 08:02:53,89.89
2,2025-01-01 08:03:08,90.87
2,2025-01-01 08:03:37,90.42
2,2025-01-01 08:03:51,90.23
2,2025-01-01 08:04:17,90.27
2,2025-01-01 08:04:28,89.49
2,2025-01-01 08:04:39,90.46
2,2025-01-01 08:04:46,91.29
2,2025-01-01 08:04:53,91.22
2,2025-01-01 08:05:00,91.78
2,2025-01-01 08:05:20,92.19
2,2025-01-01 08:05:37,92.54
2,2025-01-01 08:05:52,93.2
2,2025-01-01 08:06:17,92.99
2,2025-01-01 08:06:45,93.47
2,2025-01-01 08:06:52,93.83
2,2025-01-01 08:07:02,94.48
2,2025-01-01 08:07:09,93.8
2,2025-01-01 08:07:34,94.46
2,2025-01-01 08:08:00,94.84
2,2025-01-01 08:08:29,94.57
2,2025-01-01 08:08:58,93.93
2,2025-01-01 08:09:08,94.44
2,2025-01-01 08:09:28,95.05
2,2025-01-01 08:09:40,94.76
2,2025-01-01 08:10:04,94.7
2,2025-01-01 08:10:13,95.43
2,2025-01-01 08:10:22,96.1
2,2025-01-01 08:10:44,96.53
2,2025-01-01 08:10:54,95.99
2,2025-01-01 08:11:21,95.34
2,2025-01-01 08:11:30,94.98
2,2025-01-01 08:11:42,95.46
2,2025-01-01 08:12:06,94.89
2,2025-01-01 08:12:14,94.57
2,2025-01-01 08:12:37,94.03
2,2025-01-01 08:12:49,93.05
2,2025-01-01 08:13:11,93.22
2,2025-01-01 08:13:32,93.66
2,2025-01-01 08:13:55,92.92
2,2025-01-01 08:14:07,92.26
2,2025-01-01 08:14:13,93.05
2,2025-01-01 08:14:37,93.91
2,2025-01-01 08:15:01,94.52
2,2025-01-01 08:15:28,93.94
2,2025-01-01 08:15:39,94.18
2,2025-01-01 08:16:02,94.04
2,2025-01-01 08:16:12,93.7
2,2025-01-01 08:16:31,94.61
2,2025-01-01 08:16:43,94.01
2,2025-01-01 08:16:57,93.13
2,2025-01-01 08:17:14,93.01
2,2025-01-01 08:17:35,92.92
2,2025-01-01 08:17:48,92.95
2,2025-01-01 08:18:18,92.03
2,2025-01-01 08:18:23,91.28
2,2025-01-01 08:18:33,91.34
2,2025-01-01 08:18:43,92.09
2,2025-01-01 08:19:10,92.09
2,2025-01-01 08:19:34,92.33
2,2025-01-01 08:20:04,93.18
2,2025-01-01 08:20:25,92.98
2,2025-01-01 08:20:49,93.07
2,2025-01-01 08:21:17,93.93
2,2025-01-01 08:21:24,92.94
2,2025-01-01 08:21:48,93.01
2,2025-01-01 08:22:17,93.61
2,2025-01-01 08:22:46,92.76
2,2025-01-01 08:22:52,92.35
2,2025-01-01 08:23:22,93.19
2,2025-01-01 08:23:27,92.72
2,2025-01-01 08:23:36,93.06
2,2025-01-01 08:23:50,92.1
2,2025-01-01 08:24:18,92.32
2,2025-01-01 08:24:43,92.48
2,2025-01-01 08:24:57,92.32
2,2025-01-01 08:25:21,91.86
2,2025-01-01 08:25:36,92.85
2,2025-01-01 08:25:52,92.68
2,2025-01-01 08:26:07,91.71
2,2025-01-01 08:26:23,90.92
2,2025-01-01 08:26:52,90.69
2,2025-01-01 08:27:02,91.64
2,2025-01-01 08:27:22,92.43
2,2025-01-01 08:27:50,92.75
2,2025-01-01 08:28:09,92.56
2,2025-01-01 08:28:39,93.3
2,2025-01-01 08:28:44,93.71
2,2025-01-01 08:29:10,94.49
2,2025-01-01 08:29:30,94.59
2,2025-01-01 08:29:37,94.24
2,2025-01-01 08:30:07,94.59
2,2025-01-01 08:30:28,94.6
2,2025-01-01 08:30:38,95.56
2,2025-01-01 08:30:46,95.61
2,2025-01-01 08:31:14,95.03
2,2025-01-01 08:31:39,94.87
2,2025-01-01 08:31:53,93.89
2,2025-01-01 08:32:06,93.27
2,2025-01-01 08:32:23,92.7
2,2025-01-01 08:32:51,92.1
2,2025-01-01 08:33:15,92.88
2,2025-01-01 08:33:30,93.54
2,2025-01-01 08:33:38,94.29
2,2025-01-01 08:33:46,93.95
2,2025-01-01 08:33:59,93.24
2,2025-01-01 08:34:21,93.6
2,2025-01-01 08:34:44,93.22
2,2025-01-01 08:34:56,93.44
2,2025-01-01 08:35:07,93.94
2,2025-01-01 08:35:16,94.07
2,2025-01-01 08:35:38,93.99
2,2025-01-01 08:35:52,93.66
2,2025-01-01 08:35:57,93.52
2,2025-01-01 08:36:22,93.45
2,2025-01-01 08:36:41,94.31
2,2025-01-01 08:37:03,94.41
2,2025-01-01 08:37:23,93.47
2,2025-01-01 08:37:39,93.77
2,2025-01-01 08:38:05,93.63
2,2025-01-01 08:38:12,94.61
2,2025-01-01 08:38:41,94.38
2,2025-01-01 08:38:46,93.42
2,2025-01-01 08:39:07,93.19
2,2025-01-01 08:39:30,92.9
2,2025-01-01 08:39:41,93.31
2,2025-01-01 08:39:47,92.7
2,2025-01-01 08:40:00,93.42
2,2025-01-01 08:40:10,93.35
2,2025-01-01 08:40:33,92.67
2,2025-01-01 08:40:56,92.4
2,2025-01-01 08:41:23,92.31
2,2025-01-01 08:41:38,92.94
2,2025-01-01 08:41:45,93.85
2,2025-01-01 08:42:15,93.17
2,2025-01-01 08:42:36,92.71
2,2025-01-01 08:42:58,92.82
2,2025-01-01 08:43:04,93.56
2,2025-01-01 08:43:24,93.64
2,2025-01-01 08:43:29,94.25
2,2025-01-01 08:43:36,93.52
2,2025-01-01 08:43:54,92.6
2,2025-01-01 08:44:05,92.47
2,2025-01-01 08:44:11,92.33
2,2025-01-01 08:44:29,91.66
2,2025-01-01 08:44:35,90.81
2,2025-01-01 08:45:03,90.22
2,2025-01-01 08:45:20,89.93
2,2025-01-01 08:45:34,89.31
2,2025-01-01 08:45:58,89.87
2,2025-01-01 08:46:19,90.39
2,2025-01-01 08:46:33,89.99
2,2025-01-01 08:46:53,89.02
2,2025-01-01 08:47:17,88.36
2,2025-01-01 08:47:39,89.2
2,2025-01-01 08:48:09,88.65
2,2025-01-01 08:48:16,89.23
2,2025-01-01 08:48:42,88.63
2,2025-01-01 08:48:50,88.81
2,2025-01-01 08:49:20,88.22
2,2025-01-01 08:49:44,88.19
2,2025-01-01 08:49:52,88.67
2,2025-01-01 08:50:11,88.0
2,2025-01-01 08:50:26,88.78
2,2025-01-01 08:50:41,88.39
2,2025-01-01 08:50:47,88.98
2,2025-01-01 08:51:13,89.28
2,2025-01-01 08:51:18,88.41
2,2025-01-01 08:51:26,88.77
2,2025-01-01 08:51:42,88.05
2,2025-01-01 08:52:01,88.83
2,2025-01-01 08:52:24,88.09
2,2025-01-01 08:52:53,88.37
2,2025-01-01 08:53:15,89.28
2,2025-01-01 08:53:30,89.13
2,2025-01-01 08:53:58,89.02
2,2025-01-01 08:54:19,88.39
2,2025-01-01 08:54:26,89.18
2,2025-01-01 08:54:51,88.85
2,2025-01-01 08:55:08,89.04
2,2025-01-01 08:55:37,88.99
2,2025-01-01 08:55:45,89.69
2,2025-01-01 08:56:08,89.52
2,2025-01-01 08:56:26,89.56
2,2025-01-01 08:56:51,89.51
2,2025-01-01 08:57:09,89.9
2,2025-01-01 08:57:29,89.89
2,2025-01-01 08:57:37,90.67
2,2025-01-01 08:57:45,91.6
2,2025-01-01 08:58:00,91.91
2,2025-01-01 08:58:07,92.41
2,2025-01-01 08:58:30,92.07
2,2025-01-01 08:58:50,91.16
2,2025-01-01 08:59:14,90.5
2,2025-01-01 08:59:36,90.28
2,2025-01-01 09:00:05,89.79
2,2025-01-01 09:00:13,88.94
2,2025-01-01 09:00:25,89.27
2,2025-01-01 09:00:31,88.52
2,2025-01-01 09:00:45,88.39
2,2025-01-01 09:01:05,88.2
2,2025-01-01 09:01:33,87.83
2,2025-01-01 09:01:46,88.59
2,2025-01-01 09:01:55,89.38
2,2025-01-01 09:02:00,90.08
2,2025-01-01 09:02:05,90.0
2,2025-01-01 09:02:27,90.88
2,2025-01-01 09:02:42,89.96
2,2025-01-01 09:03:06,89.68
2,2025-01-01 09:03:21,88.83
2,2025-01-01 09:03:30,88.63
2,2025-01-01 09:03:40,89.23
2,2025-01-01 09:03:58,89.25
2,2025-01-01 09:04:06,90.16
2,2025-01-01 09:04:17,91.14
2,2025-01-01 09:04:47,90.71
2,2025-01-01 09:05:11,91.31
2,2025-01-01 09:05:40,90.34
2,2025-01-01 09:05:47,89.99
2,2025-01-01 09:05:55,90.36
2,2025-01-01 09:06:05,90.75
2,2025-01-01 09:06:20,90.85
2,2025-01-01 09:06:25,91.82
2,2025-01-01 09:06:48,91.12
2,2025-01-01 09:07:12,91.92
2,2025-01-01 09:07:18,92.74
2,2025-01-01 09:07:38,93.54
2,2025-01-01 09:08:02,92.85
2,2025-01-01 09:08:23,91.98
2,2025-01-01 09:08:44,91.49
2,2025-01-01 09:09:11,92.01
2,2025-01-01 09:09:41,92.96
2,2025-01-01 09:10:01,93.72
2,2025-01-01 09:10:27,94.02
2,2025-01-01 09:10:47,94.63
2,2025-01-01 09:10:54,93.71
2,2025-01-01 09:11:19,93.28
2,2025-01-01 09:11:47,92.6
2,2025-01-01 09:12:08,93.08
2,2025-01-01 09:12:37,93.51
2,2025-01-01 09:12:54,94.21
2,2025-01-01 09:13:08,93.65
2,2025-01-01 09:13:31,94.17
2,2025-01-01 09:13:52,94.62
2,2025-01-01 09:14:07,94.59
2,2025-01-01 09:14:20,93.9
2,2025-01-01 09:14:26,94.82
2,2025-01-01 09:14:42,95.75
2,2025-01-01 09:14:48,96.15
2,2025-01-01 09:15:01,96.59
2,2025-01-01 09:15:16,97.0
2,2025-01-01 09:15:34,96.17
2,2025-01-01 09:16:03,96.63
2,2025-01-01 09:16:25,95.79
2,2025-01-01 09:16:51,95.6
2,2025-01-01 09:17:06,94.6
2,2025-01-01 09:17:14,94.25
2,2025-01-01 09:17:42,95.13
2,2025-01-01 09:18:06,94.56
2,2025-01-01 09:18:22,95.16
2,2025-01-01 09:18:33,94.94
2,2025-01-01 09:18:45,94.72
2,2025-01-01 09:18:52,93.8
2,2025-01-01 09:19:04,94.51
2,2025-01-01 09:19:18,93.85
2,2025-01-01 09:19:47,93.83
2,2025-01-01 09:20:06,94.82
2,2025-01-01 09:20:26,94.02
2,2025-01-01 09:20:47,93.38
2,2025-01-01 09:21:03,93.52
2,2025-01-01 09:21:30,93.47
2,2025-01-01 09:21:38,94.02
2,2025-01-01 09:22:02,94.01
2,2025-01-01 09:22:23,94.38
2,2025-01-01 09:22:28,93.88
2,2025-01-01 09:22:39,94.37
2,2025-01-01 09:22:48,93.9
2,2025-01-01 09:23:03,94.88
2,2025-01-01 09:23:12,95.67
2,2025-01-01 09:23:38,95.84
2,2025-01-01 09:24:07,95.34
2,2025-01-01 09:24:15,95.83
2,2025-01-01 09:24:27,96.13
2,2025-01-01 09:24:44,95.64
2,2025-01-01 09:25:14,96.44
2,2025-01-01 09:25:37,95.44
2,2025-01-01 09:25:58,94.61
2,2025-01-01 09:26:15,93.87
2,2025-01-01 09:26:24,93.26
2,2025-01-01 09:26:39,92.28
2,2025-01-01 09:27:05,93.26
2,2025-01-01 09:27:19,92.86
2,2025-01-01 09:27:33,92.53
2,2025-01-01 09:27:39,91.56
2,2025-01-01 09:28:03,91.19
2,2025-01-01 09:28:29,90.8
2,2025-01-01 09:28:52,90.27
2,2025-01-01 09:29:17,90.33
2,2025-01-01 09:29:28,90.94
2,2025-01-01 09:29:39,91.37
2,2025-01-01 09:29:55,92.14
2,2025-01-01 09:30:03,91.26
2,2025-01-01 09:30:29,90.51
2,2025-01-01 09:30:45,89.97
2,2025-01-01 09:31:07,89.58
2,2025-01-01 09:31:12,89.15
2,2025-01-01 09:31:35,88.79
2,2025-01-01 09:31:43,89.02
2,2025-01-01 09:31:55,89.07
2,2025-01-01 09:32:10,89.25
2,2025-01-01 09:32:33,89.8
2,2025-01-01 09:32:49,89.63
2,2025-01-01 09:33:19,90.27
2,2025-01-01 09:33:48,91.19
2,2025-01-01 09:34:09,91.76
2,2025-01-01 09:34:35,91.99
2,2025-01-01 09:34:46,91.99
2,2025-01-01 09:35:00,91.29
2,2025-01-01 09:35:09,90.52
2,2025-01-01 09:35:18,89.79
2,2025-01-01 09:35:45,89.77
2,2025-01-01 09:36:11,88.91
2,2025-01-01 09:36:39,89.68
2,2025-01-01 09:36:56,89.49
2,2025-01-01 09:37:07,88.65
2,2025-01-01 09:37:27,88.03
2,2025-01-01 09:37:50,88.64
2,2025-01-01 09:38:18,87.72
2,2025-01-01 09:38:23,87.16
2,2025-01-01 09:38:46,86.51
2,2025-01-01 09:38:56,86.72
2,2025-01-01 09:39:04,85.78
2,2025-01-01 09:39:26,86.76
2,2025-01-01 09:39:56,87.07
2,2025-01-01 09:40:20,87.66
2,2025-01-01 09:40:25,87.77
2,2025-01-01 09:40:37,87.71
2,2025-01-01 09:40:57,87.29
2,2025-01-01 09:41:11,86.57
2,2025-01-01 09:41:17,86.78
2,2025-01-01 09:41:26,87.7
2,2025-01-01 09:41:52,87.05
2,2025-01-01 09:42:05,86.35
2,2025-01-01 09:42:21,85.45
2,2025-01-01 09:42:32,85.17
2,2025-01-01 09:42:49,85.1
2,2025-01-01 09:43:16,85.05
2,2025-01-01 09:43:37,84.35
2,2025-01-01 09:43:57,83.73
2,2025-01-01 09:44:24,83.65
2,2025-01-01 09:44:32,83.93
2,2025-01-01 09:44:54,84.79
2,2025-01-01 09:45:01,84.26
2,2025-01-01 09:45:19,84.29
2,2025-01-01 09:45:49,84.92
2,2025-01-01 09:46:03,84.82
2,2025-01-01 09:46:33,84.09
2,2025-01-01 09:47:01,83.33
2,2025-01-01 09:47:20,83.87
2,2025-01-01 09:47:27,84.6
2,2025-01-01 09:47:51,84.71
2,2025-01-01 09:47:59,84.97
2,2025-01-01 09:48:23,85.77
2,2025-01-01 09:48:45,86.55
2,2025-01-01 09:48:52,86.19
2,2025-01-01 09:49:14,85.49
2,2025-01-01 09:49:27,85.15
2,2025-01-01 09:49:42,84.88
2,2025-01-01 09:50:05,85.7
2,2025-01-01 09:50:13,85.96
2,2025-01-01 09:50:29,85.95
2,2025-01-01 09:50:45,86.7
2,2025-01-01 09:51:00,87.52
2,2025-01-01 09:51:29,87.73
2,2025-01-01 09:51:43,87.63
2,2025-01-01 09:52:04,86.72
2,2025-01-01 09:52:13,85.91
2,2025-01-01 09:52:26,85.2
2,2025-01-01 09:52:37,84.48
2,2025-01-01 09:53:03,84.5
2,2025-01-01 09:53:21,84.99
2,2025-01-01 09:53:41,84.81
2,2025-01-01 09:53:56,85.54
2,2025-01-01 09:54:23,86.49
2,2025-01-01 09:54:50,86.7
2,2025-01-01 09:55:02,86.2
2,2025-01-01 09:55:28,85.67
2,2025-01-01 09:55:38,85.52
2,2025-01-01 09:55:55,86.05
2,2025-01-01 09:56:07,86.41
2,2025-01-01 09:56:18,86.51
2,2025-01-01 09:56:25,86.84
2,2025-01-01 09:56:45,87.42
2,2025-01-01 09:57:09,88.35
2,2025-01-01 09:57:39,87.6
2,2025-01-01 09:58:01,87.69
2,2025-01-01 09:58:27,88.34
2,2025-01-01 09:58:32,88.68
2,2025-01-01 09:58:59,88.28
2,2025-01-01 09:59:09,87.47
2,2025-01-01 09:59:28,86.6
2,2025-01-01 09:59:35,87.04
2,2025-01-01 09:59:58,87.86
2,2025-01-01 10:00:06,87.0
2,2025-01-01 10:00:19,87.03
2,2025-01-01 10:00:29,87.21
2,2025-01-01 10:00:56,87.42
2,2025-01-01 10:01:09,88.06
2,2025-01-01 10:01:22,87.7
2,2025-01-01 10:01:34,87.63
2,2025-01-01 10:01:50,86.69
2,2025-01-01 10:02:17,87.61
2,2025-01-01 10:02:22,86.67
2,2025-01-01 10:02:49,86.06
2,2025-01-01 10:03:09,85.41
2,2025-01-01 10:03:25,86.29
2,2025-01-01 10:03:47,86.08
2,2025-01-01 10:04:00,86.8
2,2025-01-01 10:04:09,86.92
2,2025-01-01 10:04:20,87.41
2,2025-01-01 10:04:45,88.02
2,2025-01-01 10:05:13,87.63
2,2025-01-01 10:05:19,87.0
2,2025-01-01 10:05:41,86.73
2,2025-01-01 10:05:54,85.94
2,2025-01-01 10:06:14,85.2
2,2025-01-01 10:06:35,84.6
2,2025-01-01 10:06:45,85.47
2,2025-01-01 10:07:11,84.81
2,2025-01-01 10:07:24,84.66
2,2025-01-01 10:07:49,84.87
2,2025-01-01 10:07:57,85.55
2,2025-01-01 10:08:03,84.87
2,2025-01-01 10:08:28,85.8
2,2025-01-01 10:08:44,85.56
2,2025-01-01 10:08:59,85.99
2,2025-01-01 10:09:16,85.15
2,2025-01-01 10:09:22,85.25
2,2025-01-01 10:09:45,86.1
2,2025-01-01 10:10:15,87.08
2,2025-01-01 10:10:22,87.27
2,2025-01-01 10:10:42,86.83
2,2025-01-01 10:10:52,86.05
2,2025-01-01 10:11:08,86.98
2,2025-01-01 10:11:33,87.84
2,2025-01-01 10:11:59,87.81
2,2025-01-01 10:12:06,87.81
2,2025-01-01 10:12:33,88.53
2,2025-01-01 10:12:55,89.47
2,2025-01-01 10:13:16,88.92
2,2025-01-01 10:13:31,88.43
2,2025-01-01 10:13:39,89.11
2,2025-01-01 10:13:53,88.52
2,2025-01-01 10:14:08,88.42
2,2025-01-01 10:14:14,88.37
2,2025-01-01 10:14:34,88.18
2,2025-01-01 10:14:57,87.41
2,2025-01-01 10:15:15,88.04
2,2025-01-01 10:15:43,87.23
2,2025-01-01 10:15:57,86.5
2,2025-01-01 10:16:11,85.83
2,2025-01-01 10:16:21,86.18
2,2025-01-01 10:16:30,85.68
2,2025-01-01 10:16:54,86.02
2,2025-01-01 10:17:12,86.66
2,2025-01-01 10:17:21,86.86
2,2025-01-01 10:17:42,85.96
2,2025-01-01 10:17:59,86.52
2,2025-01-01 10:18:20,86.13
2,2025-01-01 10:18:32,85.57
2,2025-01-01 10:18:37,84.62
2,2025-01-01 10:18:49,84.2
2,2025-01-01 10:18:59,84.71
2,2025-01-01 10:19:12,84.95
2,2025-01-01 10:19:34,84.38
2,2025-01-01 10:19:45,83.56
2,2025-01-01 10:20:00,84.17
2,2025-01-01 10:20:14,84.76
2,2025-01-01 10:20:36,85.73
2,2025-01-01 10:20:43,86.37
2,2025-01-01 10:20:48,86.19
2,2025-01-01 10:20:56,86.93
2,2025-01-01 10:21:07,87.8
2,2025-01-01 10:21:32,87.27
2,2025-01-01 10:21:48,87.23
2,2025-01-01 10:22:01,88.01
2,2025-01-01 10:22:23,88.13
2,2025-01-01 10:22:32,87.5
2,2025-01-01 10:22:58,88.38
2,2025-01-01 10:23:15,87.66
2,2025-01-01 10:23:29,86.77
2,2025-01-01 10:23:42,86.3
2,2025-01-01 10:23:47,86.65
2,2025-01-01 10:23:56,87.02
2,2025-01-01 10:24:15,87.8
2,2025-01-01 10:24:24,87.07
2,2025-01-01 10:24:50,87.03
2,2025-01-01 10:25:20,86.74
2,2025-01-01 10:25:36,85.92
2,2025-01-01 10:25:43,85.62
2,2025-01-01 10:26:03,85.29
2,2025-01-01 10:26:19,84.72
2,2025-01-01 10:26:35,83.88
2,2025-01-01 10:26:50,84.11
2,2025-01-01 10:27:03,84.3
2,2025-01-01 10:27:19,84.27
2,2025-01-01 10:27:40,84.44
2,2025-01-01 10:28:10,85.15
2,2025-01-01 10:28:30,84.27
2,2025-01-01 10:28:37,84.59
2,2025-01-01 10:28:49,84.16
2,2025-01-01 10:29:02,84.98
2,2025-01-01 10:29:25,85.64
2,2025-01-01 10:29:53,84.78
2,2025-01-01 10:30:08,85.72
2,2025-01-01 10:30:31,85.9
2,2025-01-01 10:31:00,85.36
2,2025-01-01 10:31:18,84.38
2,2025-01-01 10:31:35,85.23
2,2025-01-01 10:31:41,85.83
2,2025-01-01 10:32:06,86.63
2,2025-01-01 10:32:16,85.68
2,2025-01-01 10:32:36,86.02
2,2025-01-01 10:32:41,85.78
2,2025-01-01 10:33:09,85.37
2,2025-01-01 10:33:34,85.98
2,2025-01-01 10:33:55,86.95
2,2025-01-01 10:34:03,87.71
2,2025-01-01 10:34:25,87.47
2,2025-01-01 10:34:49,87.29
2,2025-01-01 10:35:17,87.48
2,2025-01-01 10:35:47,87.45
2,2025-01-01 10:35:56,88.33
2,2025-01-01 10:36:19,87.72
2,2025-01-01 10:36:45,86.93
2,2025-01-01 10:37:11,86.53
2,2025-01-01 10:37:21,86.12
2,2025-01-01 10:37:35,86.25
2,2025-01-01 10:37:51,86.47
2,2025-01-01 10:38:00,85.72
2,2025-01-01 10:38:25,86.01
2,2025-01-01 10:38:31,86.64
2,2025-01-01 10:38:48,86.58
2,2025-01-01 10:39:17,86.58
2,2025-01-01 10:39:27,85.78
2,2025-01-01 10:39:50,86.53
2,2025-01-01 10:40:03,86.26
2,2025-01-01 10:40:15,86.38
2,2025-01-01 10:40:41,85.81
2,2025-01-01 10:40:55,86.18
2,2025-01-01 10:41:18,86.24
2,2025-01-01 10:41:37,86.68
2,2025-01-01 10:41:46,87.44
2,2025-01-01 10:42:15,88.15
2,2025-01-01 10:42:36,87.38
2,2025-01-01 10:42:51,86.74
2,2025-01-01 10:43:21,86.18
2,2025-01-01 10:43:27,85.19
2,2025-01-01 10:43:42,85.89
2,2025-01-01 10:43:57,86.14
2,2025-01-01 10:44:12,85.74
2,2025-01-01 10:44:40,84.94
2,2025-01-01 10:45:00,84.8
2,2025-01-01 10:45:13,84.72
2,2025-01-01 10:45:37,84.79
2,2025-01-01 10:46:00,84.69
2,2025-01-01 10:46:06,83.73
2,2025-01-01 10:46:22,84.03
2,2025-01-01 10:46:29,84.27
2,2025-01-01 10:46:35,84.6
2,2025-01-01 10:46:47,84.95
2,2025-01-01 10:47:17,84.61
2,2025-01-01 10:47:29,84.46
2,2025-01-01 10:47:35,84.09
2,2025-01-01 10:47:47,84.35
2,2025-01-01 10:47:57,84.85
2,2025-01-01 10:48:15,84.04
2,2025-01-01 10:48:26,84.23
2,2025-01-01 10:48:35,84.72
2,2025-01-01 10:48:56,85.53
2,2025-01-01 10:49:03,86.28
2,2025-01-01 10:49:29,86.7
2,2025-01-01 10:49:37,86.74
2,2025-01-01 10:50:01,87.27
2,2025-01-01 10:50:23,86.44
2,2025-01-01 10:50:33,86.22
2,2025-01-01 10:50:49,87.1
2,2025-01-01 10:51:10,86.79
2,2025-01-01 10:51:22,85.8
2,2025-01-01 10:51:48,86.69
2,2025-01-01 10:52:08,86.54
2,2025-01-01 10:52:14,85.86
2,2025-01-01 10:52:23,85.05
2,2025-01-01 10:52:33,85.26
2,2025-01-01 10:52:54,84.45
2,2025-01-01 10:53:03,83.51
2,2025-01-01 10:53:11,82.51
2,2025-01-01 10:53:32,83.18
2,2025-01-01 10:53:47,83.97
2,2025-01-01 10:54:11,83.52
2,2025-01-01 10:54:35,84.1
2,2025-01-01 10:54:53,85.07
2,2025-01-01 10:55:06,84.79
2,2025-01-01 10:55:14,84.43
2,2025-01-01 10:55:39,84.71
2,2025-01-01 10:55:58,83.86
2,2025-01-01 10:56:04,84.52
2,2025-01-01 10:56:30,85.27
2,2025-01-01 10:56:46,84.67
2,2025-01-01 10:57:14,83.83
2,2025-01-01 10:57:20,82.88
2,2025-01-01 10:57:33,83.7
2,2025-01-01 10:57:58,84.38
2,2025-01-01 10:58:20,84.59
2,2025-01-01 10:58:26,84.59
2,2025-01-01 10:58:44,83.93
2,2025-01-01 10:59:05,83.73
2,2025-01-01 10:59:12,83.28
2,2025-01-01 10:59:20,82.33
2,2025-01-01 10:59:45,83.27
2,2025-01-01 11:00:00,83.49
2,2025-01-01 11:00:21,83.82
2,2025-01-01 11:00:27,84.69
2,2025-01-01 11:00:32,84.04
2,2025-01-01 11:00:37,83.69
2,2025-01-01 11:00:57,82.81
2,2025-01-01 11:01:10,82.14
2,2025-01-01 11:01:39,81.64
2,2025-01-01 11:02:05,82.25
2,2025-01-01 11:02:34,81.62
2,2025-01-01 11:02:39,81.7
2,2025-01-01 11:02:52,82.08
2,2025-01-01 11:03:08,81.31
2,2025-01-01 11:03:18,80.8
2,2025-01-01 11:03:33,81.06
2,2025-01-01 11:03:56,80.96
2,2025-01-01 11:04:02,80.2
2,2025-01-01 11:04:23,80.53
2,2025-01-01 11:04:42,81.09
2,2025-01-01 11:04:49,81.08
2,2025-01-01 11:05:18,80.8
2,2025-01-01 11:05:23,81.71
2,2025-01-01 11:05:32,82.12
2,2025-01-01 11:05:55,81.82
2,2025-01-01 11:06:14,81.97
2,2025-01-01 11:06:25,82.16
2,2025-01-01 11:06:45,82.44
2,2025-01-01 11:06:57,81.68
2,2025-01-01 11:07:05,81.17
2,2025-01-01 11:07:22,81.81
2,2025-01-01 11:07:48,81.11
2,2025-01-01 11:07:56,80.69
2,2025-01-01 11:08:01,80.9
2,2025-01-01 11:08:26,80.77
2,2025-01-01 11:08:49,81.62
2,2025-01-01 11:09:02,80.63
2,2025-01-01 11:09:32,80.69
2,2025-01-01 11:09:57,81.65
2,2025-01-01 11:10:08,81.85
2,2025-01-01 11:10:20,80.99
2,2025-01-01 11:10:31,81.21
2,2025-01-01 11:10:42,80.56
2,2025-01-01 11:11:04,81.02
2,2025-01-01 11:11:16,80.36
2,2025-01-01 11:11:26,80.85
2,2025-01-01 11:11:40,81.09
2,2025-01-01 11:12:08,81.28
2,2025-01-01 11:12:36,81.28
2,2025-01-01 11:13:06,81.7
2,2025-01-01 11:13:12,81.96
2,2025-01-01 11:13:37,81.42
2,2025-01-01 11:14:03,81.17
2,2025-01-01 11:14:13,81.45
2,2025-01-01 11:14:37,82.29
2,2025-01-01 11:14:55,81.37
2,2025-01-01 11:15:21,81.11
2,2025-01-01 11:15:33,80.91
2,2025-01-01 11:15:51,81.25
2,2025-01-01 11:16:00,80.61
2,2025-01-01 11:16:14,79.71
2,2025-01-01 11:16:32,80.58
2,2025-01-01 11:16:47,79.79
2,2025-01-01 11:17:08,78.9
2,2025-01-01 11:17:33,78.56
2,2025-01-01 11:17:59,78.64
2,2025-01-01 11:18:25,77.68
2,2025-01-01 11:18:45,76.87
2,2025-01-01 11:18:50,77.13
2,2025-01-01 11:19:09,77.05
2,2025-01-01 11:19:18,77.17
2,2025-01-01 11:19:47,76.9
2,2025-01-01 11:20:16,76.88
2,2025-01-01 11:20:33,77.47
2,2025-01-01 11:20:53,76.79
2,2025-01-01 11:21:09,77.39
2,2025-01-01 11:21:15,77.67
2,2025-01-01 11:21:34,77.32
2,2025-01-01 11:21:57,76.47
2,2025-01-01 11:22:05,75.64
2,2025-01-01 11:22:10,75.02
2,2025-01-01 11:22:38,74.44
2,2025-01-01 11:23:06,74.39
2,2025-01-01 11:23:32,74.51
2,2025-01-01 11:23:44,75.5
2,2025-01-01 11:24:00,74.52
2,2025-01-01 11:24:17,74.41
2,2025-01-01 11:24:24,74.13
2,2025-01-01 11:24:48,74.6
2,2025-01-01 11:25:13,73.91
2,2025-01-01 11:25:39,74.31
2,2025-01-01 11:25:55,74.91
2,2025-01-01 11:26:15,75.07
2,2025-01-01 11:26:35,74.71
2,2025-01-01 11:26:44,75.29
2,2025-01-01 11:27:06,75.4
2,2025-01-01 11:27:19,75.45
2,2025-01-01 11:27:49,75.47
2,2025-01-01 11:28:17,74.77
2,2025-01-01 11:28:37,74.69
2,2025-01-01 11:29:00,74.5
2,2025-01-01 11:29:26,74.4
2,2025-01-01 11:29:48,73.84
2,2025-01-01 11:29:55,73.22
2,2025-01-01 11:30:04,72.31
2,2025-01-01 11:30:17,73.07
2,2025-01-01 11:30:37,73.36
2,2025-01-01 11:31:07,72.82
2,2025-01-01 11:31:18,72.43
2,2025-01-01 11:31:28,72.54
2,2025-01-01 11:31:56,71.97
2,2025-01-01 11:32:06,72.6
2,2025-01-01 11:32:20,72.59
2,2025-01-01 11:32:33,71.64
2,2025-01-01 11:32:43,70.98
2,2025-01-01 11:33:01,70.15
2,2025-01-01 11:33:28,69.29
2,2025-01-01 11:33:52,68.84
2,2025-01-01 11:34:14,68.71
2,2025-01-01 11:34:27,68.05
2,2025-01-01 11:34:39,69.03
2,2025-01-01 11:34:58,69.03
2,2025-01-01 11:35:28,68.69
2,2025-01-01 11:35:42,68.09
2,2025-01-01 11:35:58,68.86
2,2025-01-01 11:36:25,68.72
2,2025-01-01 11:36:30,68.53
2,2025-01-01 11:36:47,69.28
2,2025-01-01 11:37:05,69.05
2,2025-01-01 11:37:31,69.16
2,2025-01-01 11:38:01,69.15
2,2025-01-01 11:38:28,68.71
2,2025-01-01 11:38:35,69.2
2,2025-01-01 11:38:52,69.1
2,2025-01-01 11:39:03,68.92
2,2025-01-01 11:39:18,68.72
2,2025-01-01 11:39:38,69.1
2,2025-01-01 11:40:04,69.23
2,2025-01-01 11:40:21,69.31
2,2025-01-01 11:40:30,69.46
2,2025-01-01 11:40:57,68.96
2,2025-01-01 11:41:22,68.23
2,2025-01-01 11:41:35,68.59
2,2025-01-01 11:41:54,68.35
2,2025-01-01 11:42:22,67.38
2,2025-01-01 11:42:36,67.32
2,2025-01-01 11:42:54,66.88
2,2025-01-01 11:43:22,66.56
2,2025-01-01 11:43:28,66.5
2,2025-01-01 11:43:49,67.14
2,2025-01-01 11:44:02,67.98
2,2025-01-01 11:44:23,67.26
2,2025-01-01 11:44:53,67.84
2,2025-01-01 11:45:20,67.79
2,2025-01-01 11:45:28,67.83
2,2025-01-01 11:45:45,66.84
2,2025-01-01 11:45:52,67.4
2,2025-01-01 11:46:03,68.09
2,2025-01-01 11:46:23,69.08
2,2025-01-01 11:46:50,68.26
2,2025-01-01 11:47:08,68.56
2,2025-01-01 11:47:35,69.17
2,2025-01-01 11:47:54,69.52
2,2025-01-01 11:48:14,68.98
2,2025-01-01 11:48:37,68.39
2,2025-01-01 11:48:51,69.01
2,2025-01-01 11:49:21,68.76
2,2025-01-01 11:49:32,69.76
2,2025-01-01 11:49:55,70.42
2,2025-01-01 11:50:03,69.68
2,2025-01-01 11:50:13,70.0
2,2025-01-01 11:50:37,70.26
2,2025-01-01 11:50:58,69.99
2,2025-01-01 11:51:12,69.21
2,2025-01-01 11:51:17,68.65
2,2025-01-01 11:51:22,68.71
2,2025-01-01 11:51:43,68.56
2,2025-01-01 11:52:07,69.35
2,2025-01-01 11:52:36,69.93
2,2025-01-01 11:52:48,68.94
2,2025-01-01 11:53:05,69.92
2,2025-01-01 11:53:17,69.43
2,2025-01-01 11:53:41,69.17
2,2025-01-01 11:53:58,70.07
2,2025-01-01 11:54:04,70.33
2,2025-01-01 11:54:22,70.53
2,2025-01-01 11:54:51,71.16
2,2025-01-01 11:55:13,72.05
2,2025-01-01 11:55:42,71.93
2,2025-01-01 11:55:56,71.1
2,2025-01-01 11:56:14,71.98
2,2025-01-01 11:56:37,72.34
2,2025-01-01 11:56:44,72.19
2,2025-01-01 11:56:57,71.63
2,2025-01-01 11:57:05,70.77
2,2025-01-01 11:57:22,70.22
2,2025-01-01 11:57:33,71.17
2,2025-01-01 11:57:56,71.46
2,2025-01-01 11:58:12,71.36
2,2025-01-01 11:58:25,71.05
2,2025-01-01 11:58:40,71.74
2,2025-01-01 11:59:09,71.2
2,2025-01-01 11:59:30,71.07
2,2025-01-01 11:59:53,71.18
2,2025-01-01 12:00:03,70.74
2,2025-01-01 12:00:21,69.99
2,2025-01-01 12:00:29,70.9
2,2025-01-01 12:00:53,71.03
2,2025-01-01 12:01:02,71.14
2,2025-01-01 12:01:19,71.45
2,2025-01-01 12:01:39,72.05
2,2025-01-01 12:02:05,71.74
2,2025-01-01 12:02:13,71.18
2,2025-01-01 12:02:26,71.55
2,2025-01-01 12:02:42,71.7
2,2025-01-01 12:02:48,70.73
2,2025-01-01 12:03:04,71.49
2,2025-01-01 12:03:24,72.08
2,2025-01-01 12:03:32,72.52
2,2025-01-01 12:03:38,72.13
2,2025-01-01 12:04:06,72.56
2,2025-01-01 12:04:15,73.51
2,2025-01-01 12:04:29,74.39
2,2025-01-01 12:04:48,75.03
2,2025-01-01 12:05:03,75.94
2,2025-01-01 12:05:12,75.21
2,2025-01-01 12:05:41,75.68
2,2025-01-01 12:05:50,75.47
2,2025-01-01 12:05:59,75.69
2,2025-01-01 12:06:04,76.05
2,2025-01-01 12:06:09,75.42
2,2025-01-01 12:06:36,75.55
2,2025-01-01 12:06:56,76.15
2,2025-01-01 12:07:15,76.24
2,2025-01-01 12:07:44,76.93
2,2025-01-01 12:08:02,77.02
2,2025-01-01 12:08:18,76.26
2,2025-01-01 12:08:41,76.32
2,2025-01-01 12:08:49,77.07
2,2025-01-01 12:09:17,76.49
2,2025-01-01 12:09:36,75.97
2,2025-01-01 12:09:50,76.08
2,2025-01-01 12:09:58,76.39
2,2025-01-01 12:10:13,77.26
2,2025-01-01 12:10:30,76.36
2,2025-01-01 12:10:46,75.63
2,2025-01-01 12:11:12,75.49
2,2025-01-01 12:11:29,76.3
2,2025-01-01 12:11:49,77.16
2,2025-01-01 12:12:03,77.93
2,2025-01-01 12:12:16,78.82
2,2025-01-01 12:12:36,79.69
2,2025-01-01 12:12:44,79.88
2,2025-01-01 12:12:55,79.41
2,2025-01-01 12:13:06,80.07
2,2025-01-01 12:13:27,79.96
2,2025-01-01 12:13:40,80.66
2,2025-01-01 12:14:08,80.98
2,2025-01-01 12:14:25,80.76
2,2025-01-01 12:14:36,81.41
2,2025-01-01 12:14:54,80.88
2,2025-01-01 12:15:06,80.55
2,2025-01-01 12:15:32,79.95
2,2025-01-01 12:15:43,79.6
2,2025-01-01 12:16:08,79.55
2,2025-01-01 12:16:26,80.02
2,2025-01-01 12:16:55,79.03
2,2025-01-01 12:17:25,78.64
2,2025-01-01 12:17:43,77.95
2,2025-01-01 12:17:55,77.87
2,2025-01-01 12:18:05,78.35
2,2025-01-01 12:18:10,78.02
2,2025-01-01 12:18:38,78.48
2,2025-01-01 12:18:48,78.2
2,2025-01-01 12:19:02,77.4
2,2025-01-01 12:19:10,77.72
2,2025-01-01 12:19:18,78.58
2,2025-01-01 12:19:41,78.81
2,2025-01-01 12:19:46,79.08
2,2025-01-01 12:20:12,79.75
2,2025-01-01 12:20:37,79.44
2,2025-01-01 12:21:03,79.75
2,2025-01-01 12:21:19,79.01
2,2025-01-01 12:21:29,79.72
2,2025-01-01 12:21:56,79.97
2,2025-01-01 12:22:01,80.26
2,2025-01-01 12:22:20,79.91
2,2025-01-01 12:22:38,78.93
2,2025-01-01 12:23:08,78.22
2,2025-01-01 12:23:23,77.77
2,2025-01-01 12:23:35,76.78
2,2025-01-01 12:23:50,77.55
2,2025-01-01 12:24:16,76.63
2,2025-01-01 12:24:22,76.3
2,2025-01-01 12:24:29,75.47
2,2025-01-01 12:24:36,75.9
2,2025-01-01 12:25:06,76.47
2,2025-01-01 12:25:34,76.8
2,2025-01-01 12:25:49,77.02
2,2025-01-01 12:26:17,77.08
2,2025-01-01 12:26:47,77.04
2,2025-01-01 12:26:53,77.02
2,2025-01-01 12:27:02,77.44
2,2025-01-01 12:27:30,77.46
2,2025-01-01 12:27:56,78.04
2,2025-01-01 12:28:21,78.56
2,2025-01-01 12:28:31,78.37
2,2025-01-01 12:28:55,77.93
2,2025-01-01 12:29:12,78.2
2,2025-01-01 12:29:21,79.1
2,2025-01-01 12:29:26,79.07
2,2025-01-01 12:29:36,78.45
2,2025-01-01 12:30:04,78.02
2,2025-01-01 12:30:32,78.41
2,2025-01-01 12:31:00,77.64
2,2025-01-01 12:31:26,77.81
2,2025-01-01 12:31:35,77.43
2,2025-01-01 12:31:56,77.66
2,2025-01-01 12:32:11,78.0
2,2025-01-01 12:32:23,78.42
2,2025-01-01 12:32:45,78.13
2,2025-01-01 12:33:07,77.94
2,2025-01-01 12:33:25,78.7
2,2025-01-01 12:33:41,78.95
2,2025-01-01 12:33:53,79.83
2,2025-01-01 12:34:07,79.28
2,2025-01-01 12:34:18,79.41
2,2025-01-01 12:34:35,80.27
2,2025-01-01 12:34:44,80.34
2,2025-01-01 12:35:05,80.51
2,2025-01-01 12:35:23,80.53
2,2025-01-01 12:35:42,81.52
2,2025-01-01 12:36:01,81.23
2,2025-01-01 12:36:25,80.88
2,2025-01-01 12:36:36,81.08
2,2025-01-01 12:36:50,81.53
2,2025-01-01 12:37:17,81.97
2,2025-01-01 12:37:32,82.42
2,2025-01-01 12:37:38,83.12
2,2025-01-01 12:37:47,82.48
2,2025-01-01 12:37:53,82.8
2,2025-01-01 12:38:12,82.94
2,2025-01-01 12:38:28,82.28
2,2025-01-01 12:38:51,82.75
2,2025-01-01 12:39:08,81.95
2,2025-01-01 12:39:14,82.94
2,2025-01-01 12:39:39,82.72
2,2025-01-01 12:40:07,83.32
2,2025-01-01 12:40:14,83.89
2,2025-01-01 12:40:26,84.56
2,2025-01-01 12:40:33,84.73
2,2025-01-01 12:40:46,85.22
2,2025-01-01 12:40:55,84.64
2,2025-01-01 12:41:06,85.44
2,2025-01-01 12:41:36,85.13
2,2025-01-01 12:41:53,86.03
2,2025-01-01 12:42:10,85.82
2,2025-01-01 12:42:38,86.26
2,2025-01-01 12:43:07,86.4
2,2025-01-01 12:43:15,85.48
2,2025-01-01 12:43:31,85.01
2,2025-01-01 12:43:57,85.29
2,2025-01-01 12:44:24,84.82
2,2025-01-01 12:44:43,84.27
2,2025-01-01 12:45:07,83.84
2,2025-01-01 12:45:27,84.14
2,2025-01-01 12:45:57,83.94
2,2025-01-01 12:46:11,84.09
2,2025-01-01 12:46:38,83.47
2,2025-01-01 12:46:47,83.19
2,2025-01-01 12:47:06,83.39
2,2025-01-01 12:47:12,83.85
2,2025-01-01 12:47:27,83.42
2,2025-01-01 12:47:47,83.36
2,2025-01-01 12:48:15,83.16
2,2025-01-01 12:48:40,83.94
2,2025-01-01 12:48:45,84.52
2,2025-01-01 12:49:01,84.18
2,2025-01-01 12:49:11,83.25
2,2025-01-01 12:49:29,82.52
2,2025-01-01 12:49:58,83.15
2,2025-01-01 12:50:18,83.57
2,2025-01-01 12:50:24,84.53
2,2025-01-01 12:50:45,83.91
2,2025-01-01 12:50:56,84.67
2,2025-01-01 12:51:22,84.76
2,2025-01-01 12:51:48,85.49
2,2025-01-01 12:51:56,84.49
2,2025-01-01 12:52:04,84.71
2,2025-01-01 12:52:30,84.95
2,2025-01-01 12:52:44,85.94
2,2025-01-01 12:53:06,86.71
2,2025-01-01 12:53:29,85.77
2,2025-01-01 12:53:48,86.37
2,2025-01-01 12:54:11,85.52
2,2025-01-01 12:54:33,86.39
2,2025-01-01 12:55:01,86.35
2,2025-01-01 12:55:29,85.36
2,2025-01-01 12:55:51,85.63
2,2025-01-01 12:56:03,85.14
2,2025-01-01 12:56:31,85.62
2,2025-01-01 12:56:53,86.55
2,2025-01-01 12:57:13,87.48
2,2025-01-01 12:57:36,88.19
2,2025-01-01 12:57:49,89.13
2,2025-01-01 12:57:57,89.94
2,2025-01-01 12:58:05,89.65
2,2025-01-01 12:58:20,89.54
2,2025-01-01 12:58:37,89.67
2,2025-01-01 12:58:57,89.59
2,2025-01-01 12:59:18,89.48
2,2025-01-01 12:59:41,89.71
2,2025-01-01 13:00:03,88.91
2,2025-01-01 13:00:21,88.22
2,2025-01-01 13:00:40,88.12
2,2025-01-01 13:01:09,88.82
2,2025-01-01 13:01:32,88.89
2,2025-01-01 13:01:58,89.25
2,2025-01-01 13:02:17,90.01
2,2025-01-01 13:02:32,90.38
2,2025-01-01 13:02:52,90.32
2,2025-01-01 13:03:02,90.1
2,2025-01-01 13:03:21,89.35
2,2025-01-01 13:03:49,89.76
2,2025-01-01 13:04:02,89.75
2,2025-01-01 13:04:26,89.37
2,2025-01-01 13:04:34,90.33
2,2025-01-01 13:04:42,90.76
2,2025-01-01 13:04:57,91.74
2,2025-01-01 13:05:13,91.68
2,2025-01-01 13:05:34,90.87
2,2025-01-01 13:05:56,90.7
2,2025-01-01 13:06:01,91.27
2,2025-01-01 13:06:14,91.49
2,2025-01-01 13:06:33,92.43
2,2025-01-01 13:07:03,92.45
2,2025-01-01 13:07:22,92.33
2,2025-01-01 13:07:52,92.92
2,2025-01-01 13:08:08,93.06
2,2025-01-01 13:08:13,93.88
2,2025-01-01 13:08:39,94.13
2,2025-01-01 13:09:05,94.69
2,2025-01-01 13:09:26,95.42
2,2025-01-01 13:09:51,96.1
2,2025-01-01 13:10:15,95.48
2,2025-01-01 13:10:27,95.27
2,2025-01-01 13:10:50,94.33
2,2025-01-01 13:10:56,94.55
2,2025-01-01 13:11:14,94.4
2,2025-01-01 13:11:25,95.27
2,2025-01-01 13:11:38,95.53
2,2025-01-01 13:11:59,96.15
2,2025-01-01 13:12:21,96.92
2,2025-01-01 13:12:35,97.27
2,2025-01-01 13:12:45,97.42
2,2025-01-01 13:13:12,97.81
2,2025-01-01 13:13:41,97.63
2,2025-01-01 13:14:05,97.89
2,2025-01-01 13:14:24,96.93
2,2025-01-01 13:14:38,96.76
2,2025-01-01 13:14:47,96.84
2,2025-01-01 13:15:06,96.88
2,2025-01-01 13:15:14,96.07
2,2025-01-01 13:15:26,96.91
2,2025-01-01 13:15:53,96.86
2,2025-01-01 13:15:58,96.3
2,2025-01-01 13:16:04,96.66
2,2025-01-01 13:16:13,96.67
2,2025-01-01 13:16:42,96.37
2,2025-01-01 13:16:53,95.68
2,2025-01-01 13:17:01,96.0
2,2025-01-01 13:17:17,96.71
2,2025-01-01 13:17:26,97.37
2,2025-01-01 13:17:55,96.99
2,2025-01-01 13:18:03,97.7
2,2025-01-01 13:18:10,96.82
2,2025-01-01 13:18:20,96.45
2,2025-01-01 13:18:37,96.28
2,2025-01-01 13:18:48,95.7
2,2025-01-01 13:19:09,96.35
2,2025-01-01 13:19:29,95.46
2,2025-01-01 13:19:39,96.16
2,2025-01-01 13:19:59,97.14
2,2025-01-01 13:20:17,97.2
2,2025-01-01 13:20:32,97.1
2,2025-01-01 13:20:43,97.89
2,2025-01-01 13:20:54,98.47
2,2025-01-01 13:21:18,98.99
2,2025-01-01 13:21:40,98.43
2,2025-01-01 13:22:00,97.8
2,2025-01-01 13:22:17,97.55
2,2025-01-01 13:22:30,98.26
2,2025-01-01 13:22:55,97.44
2,2025-01-01 13:23:07,97.8
2,2025-01-01 13:23:30,96.95
2,2025-01-01 13:23:52,96.1
2,2025-01-01 13:24:06,97.03
2,2025-01-01 13:24:22,97.74
2,2025-01-01 13:24:50,98.65
2,2025-01-01 13:24:56,97.86
2,2025-01-01 13:25:14,97.42
2,2025-01-01 13:25:31,97.8
2,2025-01-01 13:25:54,96.89
2,2025-01-01 13:26:10,96.83
2,2025-01-01 13:26:21,96.55
2,2025-01-01 13:26:28,95.88
2,2025-01-01 13:26:46,96.51
2,2025-01-01 13:27:11,95.85
2,2025-01-01 13:27:31,96.69
2,2025-01-01 13:27:48,96.95
2,2025-01-01 13:27:53,96.29
2,2025-01-01 13:28:21,95.63
2,2025-01-01 13:28:26,95.99
2,2025-01-01 13:28:42,95.43
2,2025-01-01 13:29:01,94.56
2,2025-01-01 13:29:28,94.52
2,2025-01-01 13:29:54,95.36
2,2025-01-01 13:30:00,94.65
2,2025-01-01 13:30:26,95.48
2,2025-01-01 13:30:54,95.95
2,2025-01-01 13:31:16,96.39
2,2025-01-01 13:31:33,95.79
2,2025-01-01 13:31:41,96.64
2,2025-01-01 13:32:08,96.07
2,2025-01-01 13:32:13,96.87
2,2025-01-01 13:32:42,96.01
2,2025-01-01 13:32:54,96.96
2,2025-01-01 13:33:06,96.2
2,2025-01-01 13:33:20,95.92
2,2025-01-01 13:33:34,96.5
2,2025-01-01 13:33:52,96.03
2,2025-01-01 13:34:05,95.32
2,2025-01-01 13:34:33,95.51
2,2025-01-01 13:34:43,94.8
2,2025-01-01 13:35:05,95.58
2,2025-01-01 13:35:28,96.15
2,2025-01-01 13:35:38,96.25
2,2025-01-01 13:35:52,96.13
2,2025-01-01 13:36:08,96.81
2,2025-01-01 13:36:30,96.65
2,2025-01-01 13:37:00,96.04
2,2025-01-01 13:37:05,96.65
2,2025-01-01 13:37:22,97.54
2,2025-01-01 13:37:32,98.29
2,2025-01-01 13:37:50,97.86
2,2025-01-01 13:37:59,97.83
2,2025-01-01 13:38:26,97.29
2,2025-01-01 13:38:35,98.21
2,2025-01-01 13:39:05,97.66
2,2025-01-01 13:39:22,98.13
2,2025-01-01 13:39:42,97.58
2,2025-01-01 13:40:06,98.57
2,2025-01-01 13:40:31,98.75
2,2025-01-01 13:40:54,99.22
2,2025-01-01 13:41:11,99.36
2,2025-01-01 13:41:24,100.0
2,2025-01-01 13:41:51,99.49
2,2025-01-01 13:42:08,98.74
2,2025-01-01 13:42:18,98.6
2,2025-01-01 13:42:45,98.07
2,2025-01-01 13:43:02,98.56
2,2025-01-01 13:43:29,97.96
2,2025-01-01 13:43:49,97.27
2,2025-01-01 13:44:03,96.98
2,2025-01-01 13:44:17,96.23
2,2025-01-01 13:44:29,96.22
2,2025-01-01 13:44:51,95.99
2,2025-01-01 13:45:06,96.74
2,2025-01-01 13:45:28,96.12
2,2025-01-01 13:45:45,96.0
2,2025-01-01 13:46:03,95.9
2,2025-01-01 13:46:31,96.21
2,2025-01-01 13:46:46,97.16
2,2025-01-01 13:46:57,97.72
2,2025-01-01 13:47:13,98.69
2,2025-01-01 13:47:31,98.44
2,2025-01-01 13:47:49,98.47
2,2025-01-01 13:48:00,98.65
2,2025-01-01 13:48:06,98.21
2,2025-01-01 13:48:33,97.24
2,2025-01-01 13:48:55,97.67
2,2025-01-01 13:49:25,97.48
2,2025-01-01 13:49:38,98.06
2,2025-01-01 13:49:44,97.31
2,2025-01-01 13:50:14,96.85
2,2025-01-01 13:50:34,96.0
2,2025-01-01 13:51:02,95.28
2,2025-01-01 13:51:19,94.56
2,2025-01-01 13:51:29,94.69
2,2025-01-01 13:51:42,95.1
2,2025-01-01 13:52:06,96.07
2,2025-01-01 13:52:24,95.34
2,2025-01-01 13:52:29,94.61
2,2025-01-01 13:52:58,95.28
2,2025-01-01 13:53:09,95.59
2,2025-01-01 13:53:27,95.05
2,2025-01-01 13:53:54,95.17
2,2025-01-01 13:54:19,94.95
2,2025-01-01 13:54:41,95.36
2,2025-01-01 13:54:59,95.59
2,2025-01-01 13:55:07,96.47
2,2025-01-01 13:55:35,96.45
2,2025-01-01 13:55:46,96.5
2,2025-01-01 13:56:12,96.36
2,2025-01-01 13:56:42,96.04
2,2025-01-01 13:57:02,95.91
2,2025-01-01 13:57:19,96.07
2,2025-01-01 13:57:36,95.65
2,2025-01-01 13:57:46,95.43
2,2025-01-01 13:58:15,95.41
2,2025-01-01 13:58:25,95.33
2,2025-01-01 13:58:44,96.31
2,2025-01-01 13:59:02,96.01
2,2025-01-01 13:59:30,96.49
2,2025-01-01 13:59:58,96.53
2,2025-01-01 14:00:05,95.84
2,2025-01-01 14:00:13,95.75
2,2025-01-01 14:00:37,95.76
2,2025-01-01 14:01:07,94.8
2,2025-01-01 14:01:35,93.94
2,2025-01-01 14:02:00,94.89
2,2025-01-01 14:02:06,95.81
2,2025-01-01 14:02:28,95.08
2,2025-01-01 14:02:39,94.14
2,2025-01-01 14:03:09,94.21
2,2025-01-01 14:03:31,93.48
2,2025-01-01 14:03:42,93.32
2,2025-01-01 14:04:02,94.22
2,2025-01-01 14:04:16,93.5
2,2025-01-01 14:04:36,92.59
2,2025-01-01 14:05:01,93.32
2,2025-01-01 14:05:25,92.84
2,2025-01-01 14:05:43,93.74
2,2025-01-01 14:05:58,93.34
2,2025-01-01 14:06:03,92.49
2,2025-01-01 14:06:20,93.2
2,2025-01-01 14:06:47,92.86
2,2025-01-01 14:07:00,92.35
2,2025-01-01 14:07:20,91.56
2,2025-01-01 14:07:42,91.37
2,2025-01-01 14:08:07,90.62
2,2025-01-01 14:08:33,90.54
2,2025-01-01 14:08:46,89.59
2,2025-01-01 14:09:14,90.1
2,2025-01-01 14:09:34,90.4
2,2025-01-01 14:09:56,90.93
2,2025-01-01 14:10:01,91.14
2,2025-01-01 14:10:11,90.58
2,2025-01-01 14:10:24,90.31
2,2025-01-01 14:10:43,90.68
2,2025-01-01 14:11:12,91.17
2,2025-01-01 14:11:28,90.96
2,2025-01-01 14:11:41,90.15
2,2025-01-01 14:12:06,89.42
2,2025-01-01 14:12:34,89.56
2,2025-01-01 14:12:48,89.46
2,2025-01-01 14:13:10,89.29
2,2025-01-01 14:13:21,88.5
2,2025-01-01 14:13:35,88.49
2,2025-01-01 14:13:59,87.84
2,2025-01-01 14:14:13,88.57
2,2025-01-01 14:14:32,88.25
2,2025-01-01 14:14:46,87.56
2,2025-01-01 14:15:13,87.18
2,2025-01-01 14:15:30,86.77
2,2025-01-01 14:15:56,85.87
2,2025-01-01 14:16:23,85.88
2,2025-01-01 14:16:39,86.16
2,2025-01-01 14:16:44,87.04
2,2025-01-01 14:17:10,87.84
2,2025-01-01 14:17:25,87.48
2,2025-01-01 14:17:54,86.52
2,2025-01-01 14:18:06,86.81
2,2025-01-01 14:18:36,86.71
2,2025-01-01 14:18:41,87.4
2,2025-01-01 14:18:50,87.17
2,2025-01-01 14:19:06,87.17
2,2025-01-01 14:19:12,86.68
2,2025-01-01 14:19:22,86.74
2,2025-01-01 14:19:29,86.86
2,2025-01-01 14:19:49,87.11
2,2025-01-01 14:20:05,86.29
2,2025-01-01 14:20:10,86.49
2,2025-01-01 14:20:16,85.63
2,2025-01-01 14:20:43,84.72
2,2025-01-01 14:20:51,84.38
2,2025-01-01 14:21:02,83.77
2,2025-01-01 14:21:13,83.31
2,2025-01-01 14:21:22,83.0
2,2025-01-01 14:21:46,82.17
2,2025-01-01 14:22:14,81.71
2,2025-01-01 14:22:31,81.55
2,2025-01-01 14:22:37,82.0
2,2025-01-01 14:22:50,81.53
2,2025-01-01 14:23:10,81.44
2,2025-01-01 14:23:28,82.38
2,2025-01-01 14:23:48,82.79
2,2025-01-01 14:23:55,83.12
2,2025-01-01 14:24:20,84.1
2,2025-01-01 14:24:30,83.71
2,2025-01-01 14:24:51,83.16
2,2025-01-01 14:25:07,82.57
2,2025-01-01 14:25:13,83.16
2,2025-01-01 14:25:41,83.81
2,2025-01-01 14:25:52,83.74
2,2025-01-01 14:26:00,83.97
2,2025-01-01 14:26:17,84.77
2,2025-01-01 14:26:45,84.35
2,2025-01-01 14:27:07,83.42
2,2025-01-01 14:27:14,82.59
2,2025-01-01 14:27:28,81.85
2,2025-01-01 14:27:53,82.2
2,2025-01-01 14:28:05,82.68
2,2025-01-01 14:28:12,82.54
2,2025-01-01 14:28:26,83.34
2,2025-01-01 14:28:44,82.68
2,2025-01-01 14:29:06,83.04
2,2025-01-01 14:29:29,83.56
2,2025-01-01 14:29:44,83.22
2,2025-01-01 14:29:58,83.32
2,2025-01-01 14:30:04,84.12
2,2025-01-01 14:30:32,83.59
2,2025-01-01 14:30:38,82.77
2,2025-01-01 14:30:50,83.38
2,2025-01-01 14:31:01,82.59
2,2025-01-01 14:31:30,82.12
2,2025-01-01 14:31:44,82.22
2,2025-01-01 14:32:14,81.34
2,2025-01-01 14:32:31,81.62
2,2025-01-01 14:32:54,82.24
2,2025-01-01 14:32:59,82.03
2,2025-01-01 14:33:04,82.11
2,2025-01-01 14:33:17,81.61
2,2025-01-01 14:33:46,82.06
2,2025-01-01 14:34:09,82.23
2,2025-01-01 14:34:34,83.05
2,2025-01-01 14:34:51,83.4
2,2025-01-01 14:35:07,83.4
2,2025-01-01 14:35:30,84.37
2,2025-01-01 14:35:44,83.48
2,2025-01-01 14:36:05,83.04
2,2025-01-01 14:36:18,82.95
2,2025-01-01 14:36:31,83.76
2,2025-01-01 14:36:53,83.87
2,2025-01-01 14:37:18,84.3
2,2025-01-01 14:37:48,84.89
2,2025-01-01 14:37:56,85.12
2,2025-01-01 14:38:19,84.45
2,2025-01-01 14:38:44,83.88
2,2025-01-01 14:39:03,84.58
2,2025-01-01 14:39:29,84.84
2,2025-01-01 14:39:50,85.64
2,2025-01-01 14:39:57,86.62
2,2025-01-01 14:40:16,86.61
2,2025-01-01 14:40:43,86.34
2,2025-01-01 14:40:51,86.6
2,2025-01-01 14:41:15,87.08
2,2025-01-01 14:41:40,87.84
2,2025-01-01 14:41:51,87.13
2,2025-01-01 14:42:07,86.98
2,2025-01-01 14:42:31,87.41
2,2025-01-01 14:42:37,88.11
2,2025-01-01 14:42:56,87.48
2,2025-01-01 14:43:19,87.01
2,2025-01-01 14:43:34,87.81
2,2025-01-01 14:44:00,87.86
2,2025-01-01 14:44:10,87.53
2,2025-01-01 14:44:36,88.13
2,2025-01-01 14:45:06,88.57
2,2025-01-01 14:45:36,88.89
2,2025-01-01 14:45:51,88.24
2,2025-01-01 14:45:59,87.74
2,2025-01-01 14:46:23,87.61
2,2025-01-01 14:46:30,88.39
2,2025-01-01 14:46:55,87.88
2,2025-01-01 14:47:23,88.22
2,2025-01-01 14:47:50,88.23
2,2025-01-01 14:48:12,87.58
2,2025-01-01 14:48:33,87.53
2,2025-01-01 14:49:01,86.78
2,2025-01-01 14:49:30,87.47
2,2025-01-01 14:49:59,87.3
2,2025-01-01 14:50:21,88.18
2,2025-01-01 14:50:27,88.3
2,2025-01-01 14:50:57,87.93
2,2025-01-01 14:51:16,88.63
2,2025-01-01 14:51:33,89.2
2,2025-01-01 14:51:41,89.65
2,2025-01-01 14:52:08,88.82
2,2025-01-01 14:52:22,89.0
2,2025-01-01 14:52:27,89.3
2,2025-01-01 14:52:45,88.38
2,2025-01-01 14:52:56,88.8
2,2025-01-01 14:53:24,88.7
2,2025-01-01 14:53:43,89.14
2,2025-01-01 14:54:07,88.51
2,2025-01-01 14:54:19,88.9
2,2025-01-01 14:54:36,87.95
2,2025-01-01 14:54:51,87.34
2,2025-01-01 14:55:00,86.75
2,2025-01-01 14:55:14,87.22
2,2025-01-01 14:55:40,86.86
2,2025-01-01 14:55:51,87.74
2,2025-01-01 14:56:09,87.2
2,2025-01-01 14:56:27,86.8
2,2025-01-01 14:56:44,86.61
2,2025-01-01 14:56:58,87.23
2,2025-01-01 14:57:21,86.65
2,2025-01-01 14:57:47,87.62
2,2025-01-01 14:57:53,87.67
2,2025-01-01 14:58:09,88.06
2,2025-01-01 14:58:22,88.13
2,2025-01-01 14:58:34,88.96
2,2025-01-01 14:59:00,88.79
2,2025-01-01 14:59:05,89.74
2,2025-01-01 14:59:29,90.06
2,2025-01-01 14:59:52,89.27
2,2025-01-01 15:00:08,89.55
2,2025-01-01 15:00:34,88.83
2,2025-01-01 15:00:54,88.52
2,2025-01-01 15:01:15,88.5
2,2025-01-01 15:01:36,89.01
2,2025-01-01 15:02:06,88.57
2,2025-01-01 15:02:12,89.12
2,2025-01-01 15:02:42,89.82
2,2025-01-01 15:03:04,90.41
2,2025-01-01 15:03:17,90.63
2,2025-01-01 15:03:30,89.8
2,2025-01-01 15:03:54,89.7
2,2025-01-01 15:04:16,89.59
2,2025-01-01 15:04:23,89.06
2,2025-01-01 15:04:38,89.22
2,2025-01-01 15:04:51,90.15
2,2025-01-01 15:05:10,89.93
2,2025-01-01 15:05:15,89.34
2,2025-01-01 15:05:26,89.56
2,2025-01-01 15:05:49,90.43
2,2025-01-01 15:05:55,89.72
2,2025-01-01 15:06:02,90.14
2,2025-01-01 15:06:27,89.22
2,2025-01-01 15:06:40,88.5
2,2025-01-01 15:06:53,88.93
2,2025-01-01 15:06:58,89.44
2,2025-01-01 15:07:25,90.26
2,2025-01-01 15:07:36,89.69
2,2025-01-01 15:07:58,90.63
2,2025-01-01 15:08:23,91.12
2,2025-01-01 15:08:38,90.47
2,2025-01-01 15:08:59,89.89
2,2025-01-01 15:09:15,89.1
2,2025-01-01 15:09:38,88.36
2,2025-01-01 15:09:51,88.83
2,2025-01-01 15:10:10,88.91
2,2025-01-01 15:10:33,88.9
2,2025-01-01 15:10:48,89.0
2,2025-01-01 15:11:02,89.4
2,2025-01-01 15:11:21,89.06
2,2025-01-01 15:11:49,89.31
2,2025-01-01 15:12:06,90.3
2,2025-01-01 15:12:32,90.45
2,2025-01-01 15:12:52,90.39
2,2025-01-01 15:13:05,91.0
2,2025-01-01 15:13:27,90.97
2,2025-01-01 15:13:45,90.21
2,2025-01-01 15:14:13,90.13
2,2025-01-01 15:14:21,90.27
2,2025-01-01 15:14:50,90.03
2,2025-01-01 15:15:19,90.17
2,2025-01-01 15:15:47,89.77
2,2025-01-01 15:16:12,90.3
2,2025-01-01 15:16:18,90.42
2,2025-01-01 15:16:47,89.66
2,2025-01-01 15:16:57,88.92
2,2025-01-01 15:17:04,88.01
2,2025-01-01 15:17:32,87.64
2,2025-01-01 15:17:52,87.67
2,2025-01-01 15:18:01,87.26
2,2025-01-01 15:18:17,87.43
2,2025-01-01 15:18:46,86.76
2,2025-01-01 15:18:53,86.63
2,2025-01-01 15:19:00,87.36
2,2025-01-01 15:19:11,87.44
2,2025-01-01 15:19:39,87.81
2,2025-01-01 15:20:08,88.57
2,2025-01-01 15:20:14,88.57
2,2025-01-01 15:20:34,88.69
2,2025-01-01 15:20:44,88.99
2,2025-01-01 15:21:13,88.27
2,2025-01-01 15:21:43,87.69
2,2025-01-01 15:22:10,88.25
2,2025-01-01 15:22:34,88.44
2,2025-01-01 15:22:49,87.53
2,2025-01-01 15:22:59,87.57
2,2025-01-01 15:23:15,87.32
2,2025-01-01 15:23:36,86.77
2,2025-01-01 15:23:46,86.8
2,2025-01-01 15:24:01,86.31
2,2025-01-01 15:24:16,85.82
2,2025-01-01 15:24:30,86.25
2,2025-01-01 15:24:49,87.17
2,2025-01-01 15:25:13,86.94
2,2025-01-01 15:25:20,86.14
2,2025-01-01 15:25:36,87.12
2,2025-01-01 15:25:52,87.1
2,2025-01-01 15:26:12,87.1
2,2025-01-01 15:26:21,87.48
2,2025-01-01 15:26:36,87.19
2,2025-01-01 15:27:02,87.79
2,2025-01-01 15:27:23,87.3
2,2025-01-01 15:27:47,87.88
2,2025-01-01 15:27:57,88.18
2,2025-01-01 15:28:09,87.83
2,2025-01-01 15:28:19,88.03
2,2025-01-01 15:28:30,87.16
2,2025-01-01 15:28:57,86.3
2,2025-01-01 15:29:11,85.65
2,2025-01-01 15:29:26,85.61
2,2025-01-01 15:29:40,85.59
2,2025-01-01 15:30:10,85.05
2,2025-01-01 15:30:17,85.84
2,2025-01-01 15:30:33,85.94
2,2025-01-01 15:31:03,86.84
2,2025-01-01 15:31:09,86.29
2,2025-01-01 15:31:37,87.02
2,2025-01-01 15:32:02,86.97
2,2025-01-01 15:32:16,87.29
2,2025-01-01 15:32:29,88.07
2,2025-01-01 15:32:54,87.54
2,2025-01-01 15:33:20,87.34
2,2025-01-01 15:33:38,87.07
2,2025-01-01 15:34:00,87.36
2,2025-01-01 15:34:15,86.91
2,2025-01-01 15:34:34,87.12
2,2025-01-01 15:35:02,86.44
2,2025-01-01 15:35:09,86.99
2,2025-01-01 15:35:36,86.85
2,2025-01-01 15:35:57,87.01
2,2025-01-01 15:36:26,87.93
2,2025-01-01 15:36:53,88.65
2,2025-01-01 15:37:23,89.37
2,2025-01-01 15:37:50,90.14
2,2025-01-01 15:38:15,91.0
2,2025-01-01 15:38:30,91.77
2,2025-01-01 15:38:51,91.97
2,2025-01-01 15:39:19,92.27
2,2025-01-01 15:39:43,91.34
2,2025-01-01 15:39:49,90.69
2,2025-01-01 15:40:19,91.32
2,2025-01-01 15:40:41,91.04
2,2025-01-01 15:41:04,90.44
2,2025-01-01 15:41:17,91.34
2,2025-01-01 15:41:35,91.71
2,2025-01-01 15:42:03,92.54
2,2025-01-01 15:42:19,92.89
2,2025-01-01 15:42:43,93.14
2,2025-01-01 15:42:59,94.06
2,2025-01-01 15:43:07,94.7
2,2025-01-01 15:43:31,95.66
2,2025-01-01 15:43:49,94.75
2,2025-01-01 15:44:17,95.12
2,2025-01-01 15:44:38,95.77
2,2025-01-01 15:44:49,96.68
2,2025-01-01 15:44:55,96.05
2,2025-01-01 15:45:20,96.04
2,2025-01-01 15:45:41,96.4
2,2025-01-01 15:46:09,96.32
2,2025-01-01 15:46:35,96.72
2,2025-01-01 15:46:42,95.81
2,2025-01-01 15:46:53,94.92
2,2025-01-01 15:47:07,95.3
2,2025-01-01 15:47:30,96.08
2,2025-01-01 15:47:47,96.0
2,2025-01-01 15:48:06,95.02
2,2025-01-01 15:48:15,94.45
2,2025-01-01 15:48:38,94.31
2,2025-01-01 15:48:46,94.73
2,2025-01-01 15:49:16,94.76
2,2025-01-01 15:49:41,95.67
2,2025-01-01 15:50:07,96.49
2,2025-01-01 15:50:14,97.44
2,2025-01-01 15:50:42,96.58
2,2025-01-01 15:51:05,96.78
2,2025-01-01 15:51:28,96.6
2,2025-01-01 15:51:35,95.81
2,2025-01-01 15:51:50,95.65
2,2025-01-01 15:52:02,95.84
2,2025-01-01 15:52:08,96.78
2,2025-01-01 15:52:13,95.8
2,2025-01-01 15:52:27,95.15
2,2025-01-01 15:52:49,95.46
2,2025-01-01 15:52:55,95.0
2,2025-01-01 15:53:10,95.07
2,2025-01-01 15:53:25,94.1
2,2025-01-01 15:53:45,93.7
2,2025-01-01 15:54:05,92.84
2,2025-01-01 15:54:23,92.9
2,2025-01-01 15:54:39,92.54
2,2025-01-01 15:55:03,92.21
2,2025-01-01 15:55:11,92.49
2,2025-01-01 15:55:39,92.3
2,2025-01-01 15:55:57,91.52
2,2025-01-01 15:56:11,91.56
2,2025-01-01 15:56:24,92.16
2,2025-01-01 15:56:47,92.53
2,2025-01-01 15:56:55,92.64
2,2025-01-01 15:57:23,91.93
2,2025-01-01 15:57:46,91.11
2,2025-01-01 15:57:51,90.72
2,2025-01-01 15:58:13,91.26
2,2025-01-01 15:58:28,91.32
2,2025-01-01 15:58:33,92.01
2,2025-01-01 15:58:52,91.05
2,2025-01-01 15:59:16,90.79
2,2025-01-01 15:59:34,90.7
2,2025-01-01 16:00:03,90.78
2,2025-01-01 16:00:11,91.14
2,2025-01-01 16:00:36,91.52
2,2025-01-01 16:01:02,92.31
2,2025-01-01 16:01:29,91.59
2,2025-01-01 16:01:34,92.03
2,2025-01-01 16:01:46,92.58
2,2025-01-01 16:01:56,91.87
2,2025-01-01 16:02:03,91.29
2,2025-01-01 16:02:29,90.52
2,2025-01-01 16:02:52,90.07
2,2025-01-01 16:03:15,90.1
2,2025-01-01 16:03:39,90.81
2,2025-01-01 16:03:56,89.9
2,2025-01-01 16:04:11,89.31
2,2025-01-01 16:04:39,89.69
2,2025-01-01 16:04:54,90.3
2,2025-01-01 16:05:13,89.88
2,2025-01-01 16:05:25,89.23
2,2025-01-01 16:05:54,88.99
2,2025-01-01 16:06:22,89.71
2,2025-01-01 16:06:35,89.67
2,2025-01-01 16:06:49,89.72
2,2025-01-01 16:07:09,88.92
2,2025-01-01 16:07:30,88.68
2,2025-01-01 16:07:46,88.76
2,2025-01-01 16:08:09,88.87
2,2025-01-01 16:08:17,88.22
2,2025-01-01 16:08:29,87.33
2,2025-01-01 16:08:34,86.57
2,2025-01-01 16:08:50,87.33
2,2025-01-01 16:09:02,88.02
2,2025-01-01 16:09:22,88.57
2,2025-01-01 16:09:28,87.84
2,2025-01-01 16:09:58,88.74
2,2025-01-01 16:10:16,88.99
2,2025-01-01 16:10:42,88.3
2,2025-01-01 16:10:48,89.04
2,2025-01-01 16:11:15,89.96
2,2025-01-01 16:11:32,89.72
2,2025-01-01 16:11:48,89.73
2,2025-01-01 16:12:08,88.97
2,2025-01-01 16:12:24,88.53
2,2025-01-01 16:12:38,89.36
2,2025-01-01 16:12:54,89.51
2,2025-01-01 16:13:16,89.37
2,2025-01-01 16:13:25,89.04
2,2025-01-01 16:13:39,89.95
2,2025-01-01 16:13:54,90.85
2,2025-01-01 16:14:14,90.69
2,2025-01-01 16:14:25,91.12
2,2025-01-01 16:14:45,90.98
2,2025-01-01 16:15:07,90.37
2,2025-01-01 16:15:27,91.28
2,2025-01-01 16:15:40,91.36
2,2025-01-01 16:15:51,91.14
2,2025-01-01 16:16:20,90.62
2,2025-01-01 16:16:25,90.24
2,2025-01-01 16:16:34,90.07
2,2025-01-01 16:16:47,89.36
2,2025-01-01 16:17:11,89.58
2,2025-01-01 16:17:30,89.67
2,2025-01-01 16:17:59,90.58
2,2025-01-01 16:18:10,90.32
2,2025-01-01 16:18:37,89.6
2,2025-01-01 16:18:56,90.17
2,2025-01-01 16:19:24,89.83
2,2025-01-01 16:19:44,90.45
2,2025-01-01 16:20:03,90.0
2,2025-01-01 16:20:17,90.62
2,2025-01-01 16:20:36,90.23
2,2025-01-01 16:20:55,90.96
2,2025-01-01 16:21:08,91.78
2,2025-01-01 16:21:18,91.77
2,2025-01-01 16:21:31,92.32
2,2025-01-01 16:21:59,93.0
2,2025-01-01 16:22:21,93.03
2,2025-01-01 16:22:43,92.85
2,2025-01-01 16:23:00,92.5
2,2025-01-01 16:23:25,92.85
2,2025-01-01 16:23:30,92.99
2,2025-01-01 16:23:53,93.46
2,2025-01-01 16:24:12,93.75
2,2025-01-01 16:24:26,94.62
2,2025-01-01 16:24:50,95.17
2,2025-01-01 16:25:17,95.08
2,2025-01-01 16:25:33,94.58
2,2025-01-01 16:25:44,95.11
2,2025-01-01 16:26:11,94.21
2,2025-01-01 16:26:26,93.7
2,2025-01-01 16:26:44,94.28
2,2025-01-01 16:26:50,94.56
2,2025-01-01 16:27:02,94.82
2,2025-01-01 16:27:22,95.64
2,2025-01-01 16:27:45,96.32
2,2025-01-01 16:28:13,96.8
2,2025-01-01 16:28:41,96.86
2,2025-01-01 16:28:52,97.76
2,2025-01-01 16:29:20,97.53
2,2025-01-01 16:29:42,97.88
2,2025-01-01 16:30:12,97.24
2,2025-01-01 16:30:42,97.55
2,2025-01-01 16:31:07,97.24
2,2025-01-01 16:31:26,96.74
2,2025-01-01 16:31:56,96.97
2,2025-01-01 16:32:08,97.86
2,2025-01-01 16:32:28,97.62
2,2025-01-01 16:32:46,97.57
2,2025-01-01 16:32:53,98.28
2,2025-01-01 16:33:14,98.67
2,2025-01-01 16:33:26,97.94
2,2025-01-01 16:33:41,98.65
2,2025-01-01 16:34:11,98.11
2,2025-01-01 16:34:16,99.04
2,2025-01-01 16:34:22,99.05
2,2025-01-01 16:34:35,99.73
2,2025-01-01 16:34:47,99.27
2,2025-01-01 16:35:07,98.32
2,2025-01-01 16:35:34,97.33
2,2025-01-01 16:35:49,96.75
2,2025-01-01 16:36:08,97.36
2,2025-01-01 16:36:22,96.62
2,2025-01-01 16:36:35,97.41
2,2025-01-01 16:36:58,98.34
2,2025-01-01 16:37:19,97.81
2,2025-01-01 16:37:34,98.05
2,2025-01-01 16:37:48,98.05
2,2025-01-01 16:37:54,97.3
2,2025-01-01 16:38:10,96.93
2,2025-01-01 16:38:27,96.06
2,2025-01-01 16:38:57,95.97
2,2025-01-01 16:39:09,96.58
2,2025-01-01 16:39:21,97.25
2,2025-01-01 16:39:51,97.38
2,2025-01-01 16:40:15,97.43
2,2025-01-01 16:40:22,98.24
2,2025-01-01 16:40:28,98.25
2,2025-01-01 16:40:34,98.85
2,2025-01-01 16:40:54,99.12
2,2025-01-01 16:41:00,100.0
2,2025-01-01 16:41:23,99.96
2,2025-01-01 16:41:50,98.97
2,2025-01-01 16:41:59,98.68
2,2025-01-01 16:42:08,97.7
2,2025-01-01 16:42:19,98.45
2,2025-01-01 16:42:36,98.25
2,2025-01-01 16:42:48,97.5
2,2025-01-01 16:43:13,96.52
2,2025-01-01 16:43:27,96.12
2,2025-01-01 16:43:38,96.96
2,2025-01-01 16:44:05,96.13
2,2025-01-01 16:44:29,97.11
2,2025-01-01 16:44:44,96.62
2,2025-01-01 16:44:50,96.15
2,2025-01-01 16:45:00,96.58
2,2025-01-01 16:45:29,96.78
2,2025-01-01 16:45:57,96.99
2,2025-01-01 16:46:16,97.81
2,2025-01-01 16:46:29,98.44
2,2025-01-01 16:46:59,97.74
2,2025-01-01 16:47:04,98.72
2,2025-01-01 16:47:25,98.96
2,2025-01-01 16:47:52,98.48
2,2025-01-01 16:48:09,99.45
2,2025-01-01 16:48:30,100.0
2,2025-01-01 16:48:43,99.35
2,2025-01-01 16:49:01,98.94
2,2025-01-01 16:49:14,98.56
2,2025-01-01 16:49:21,98.29
2,2025-01-01 16:49:50,97.67
2,2025-01-01 16:50:18,98.39
2,2025-01-01 16:50:48,97.67
2,2025-01-01 16:51:14,97.89
2,2025-01-01 16:51:23,97.11
2,2025-01-01 16:51:35,97.39
2,2025-01-01 16:51:47,98.05
2,2025-01-01 16:52:09,98.1
2,2025-01-01 16:52:22,98.81
2,2025-01-01 16:52:43,97.89
2,2025-01-01 16:53:06,97.72
2,2025-01-01 16:53:26,97.19
2,2025-01-01 16:53:35,97.5
2,2025-01-01 16:53:46,96.57
2,2025-01-01 16:54:01,97.38
2,2025-01-01 16:54:16,98.11
2,2025-01-01 16:54:41,98.05
2,2025-01-01 16:55:11,98.06
2,2025-01-01 16:55:25,97.12
2,2025-01-01 16:55:34,96.87
2,2025-01-01 16:55:46,97.54
2,2025-01-01 16:55:53,97.62
2,2025-01-01 16:56:02,97.65
2,2025-01-01 16:56:22,98.02
2,2025-01-01 16:56:43,98.94
2,2025-01-01 16:56:52,99.78
2,2025-01-01 16:56:57,99.4
2,2025-01-01 16:57:06,99.96
2,2025-01-01 16:57:33,99.41
2,2025-01-01 16:57:38,100.0
2,2025-01-01 16:57:44,100.0
2,2025-01-01 16:58:06,100.0
2,2025-01-01 16:58:22,100.0
2,2025-01-01 16:58:48,100.0
2,2025-01-01 16:59:15,99.93
2,2025-01-01 16:59:32,100.0
2,2025-01-01 16:59:46,99.3
2,2025-01-01 17:00:16,100.0
2,2025-01-01 17:00:38,99.54
2,2025-01-01 17:01:08,98.89
2,2025-01-01 17:01:35,98.03
2,2025-01-01 17:01:51,98.94
2,2025-01-01 17:02:16,99.23
2,2025-01-01 17:02:24,99.36
2,2025-01-01 17:02:47,99.33
2,2025-01-01 17:03:12,99.23
2,2025-01-01 17:03:30,100.0
2,2025-01-01 17:04:00,99.78
2,2025-01-01 17:04:18,99.73
2,2025-01-01 17:04:31,98.98
2,2025-01-01 17:04:39,98.72
2,2025-01-01 17:04:52,98.62
2,2025-01-01 17:05:22,99.17
2,2025-01-01 17:05:39,98.48
2,2025-01-01 17:06:08,97.66
2,2025-01-01 17:06:34,96.98
2,2025-01-01 17:06:54,97.94
2,2025-01-01 17:07:07,98.85
2,2025-01-01 17:07:26,98.5
2,2025-01-01 17:07:35,98.13
2,2025-01-01 17:08:01,98.36
2,2025-01-01 17:08:08,97.6
2,2025-01-01 17:08:17,98.06
2,2025-01-01 17:08:40,97.54
2,2025-01-01 17:09:10,97.54
2,2025-01-01 17:09:16,98.22
2,2025-01-01 17:09:44,97.79
2,2025-01-01 17:10:14,98.54
2,2025-01-01 17:10:43,99.32
2,2025-01-01 17:11:13,99.02
2,2025-01-01 17:11:19,99.67
2,2025-01-01 17:11:27,99.98
2,2025-01-01 17:11:43,100.0
2,2025-01-01 17:11:58,100.0
2,2025-01-01 17:12:10,100.0
2,2025-01-01 17:12:29,99.41
2,2025-01-01 17:12:59,99.37
2,2025-01-01 17:13:09,98.54
2,2025-01-01 17:13:16,98.18
2,2025-01-01 17:13:26,99.0
2,2025-01-01 17:13:41,98.72
2,2025-01-01 17:13:55,98.05
2,2025-01-01 17:14:07,98.46
2,2025-01-01 17:14:20,98.8
2,2025-01-01 17:14:33,99.74
2,2025-01-01 17:14:51,100.0
2,2025-01-01 17:14:58,99.78
2,2025-01-01 17:15:10,99.67
2,2025-01-01 17:15:27,99.68
2,2025-01-01 17:15:54,100.0
2,2025-01-01 17:16:07,100.0
2,2025-01-01 17:16:20,99.37
2,2025-01-01 17:16:40,99.78
2,2025-01-01 17:16:45,98.89
2,2025-01-01 17:17:03,98.08
2,2025-01-01 17:17:33,98.63
2,2025-01-01 17:17:45,98.97
2,2025-01-01 17:18:00,99.33
2,2025-01-01 17:18:06,98.58
2,2025-01-01 17:18:34,98.85
2,2025-01-01 17:18:40,99.82
2,2025-01-01 17:18:51,100.0
2,2025-01-01 17:19:01,99.33
2,2025-01-01 17:19:19,99.72
2,2025-01-01 17:19:35,100.0
2,2025-01-01 17:19:42,99.29
2,2025-01-01 17:20:12,99.49
2,2025-01-01 17:20:41,99.66
2,2025-01-01 17:20:52,99.57
2,2025-01-01 17:21:13,99.58
2,2025-01-01 17:21:29,99.53
2,2025-01-01 17:21:42,99.0
2,2025-01-01 17:21:55,98.66
2,2025-01-01 17:22:17,98.36
2,2025-01-01 17:22:35,98.61
2,2025-01-01 17:22:54,98.79
2,2025-01-01 17:22:59,99.38
2,2025-01-01 17:23:19,99.86
2,2025-01-01 17:23:40,99.54
2,2025-01-01 17:24:10,98.64
2,2025-01-01 17:24:32,99.56
2,2025-01-01 17:24:45,99.11
2,2025-01-01 17:25:06,98.76
2,2025-01-01 17:25:20,99.15
2,2025-01-01 17:25:29,99.2
2,2025-01-01 17:25:45,98.61
2,2025-01-01 17:26:01,98.52
2,2025-01-01 17:26:08,97.96
2,2025-01-01 17:26:32,97.01
2,2025-01-01 17:27:01,97.52
2,2025-01-01 17:27:07,97.77
2,2025-01-01 17:27:37,98.13
2,2025-01-01 17:27:55,98.57
2,2025-01-01 17:28:08,99.24
2,2025-01-01 17:28:32,99.28
2,2025-01-01 17:28:39,99.22
2,2025-01-01 17:28:56,100.0
2,2025-01-01 17:29:18,100.0
2,2025-01-01 17:29:30,100.0
2,2025-01-01 17:29:36,99.17
2,2025-01-01 17:29:53,99.88
2,2025-01-01 17:30:01,100.0
2,2025-01-01 17:30:06,100.0
2,2025-01-01 17:30:16,99.42
2,2025-01-01 17:30:25,99.23
2,2025-01-01 17:30:45,98.36
2,2025-01-01 17:31:06,99.13
2,2025-01-01 17:31:12,99.17
2,2025-01-01 17:31:19,99.62
2,2025-01-01 17:31:25,100.0
2,2025-01-01 17:31:39,99.45
2,2025-01-01 17:31:49,99.98
2,2025-01-01 17:32:05,99.27
2,2025-01-01 17:32:13,98.58
2,2025-01-01 17:32:28,97.77
2,2025-01-01 17:32:37,98.76
2,2025-01-01 17:32:53,98.22
2,2025-01-01 17:33:19,97.23
2,2025-01-01 17:33:36,96.61
2,2025-01-01 17:33:54,95.91
2,2025-01-01 17:34:22,95.1
2,2025-01-01 17:34:33,94.79
2,2025-01-01 17:34:39,93.9
2,2025-01-01 17:34:44,94.8
2,2025-01-01 17:34:53,95.8
2,2025-01-01 17:35:19,95.55
2,2025-01-01 17:35:48,94.64
2,2025-01-01 17:36:10,95.32
2,2025-01-01 17:36:26,95.66
2,2025-01-01 17:36:45,94.79
2,2025-01-01 17:36:59,94.69
2,2025-01-01 17:37:18,95.63
2,2025-01-01 17:37:28,95.05
2,2025-01-01 17:37:46,95.4
2,2025-01-01 17:37:59,95.7
2,2025-01-01 17:38:12,94.72
2,2025-01-01 17:38:31,93.87
2,2025-01-01 17:38:45,94.24
2,2025-01-01 17:39:12,94.28
2,2025-01-01 17:39:30,94.86
2,2025-01-01 17:39:53,93.92
2,2025-01-01 17:40:19,93.79
2,2025-01-01 17:40:49,94.29
2,2025-01-01 17:41:18,93.73
2,2025-01-01 17:41:42,94.29
2,2025-01-01 17:41:50,94.2
2,2025-01-01 17:42:05,93.59
2,2025-01-01 17:42:35,93.25
2,2025-01-01 17:43:04,94.18
2,2025-01-01 17:43:17,94.61
2,2025-01-01 17:43:33,94.16
2,2025-01-01 17:43:56,94.31
2,2025-01-01 17:44:09,93.4
2,2025-01-01 17:44:37,92.88
2,2025-01-01 17:45:01,92.88
2,2025-01-01 17:45:25,92.12
2,2025-01-01 17:45:52,91.16
2,2025-01-01 17:45:58,90.68
2,2025-01-01 17:46:18,91.6
2,2025-01-01 17:46:40,91.84
2,2025-01-01 17:46:57,92.7
2,2025-01-01 17:47:24,92.95
2,2025-01-01 17:47:50,93.82
2,2025-01-01 17:48:14,93.22
2,2025-01-01 17:48:35,93.08
2,2025-01-01 17:48:58,92.38
2,2025-01-01 17:49:24,92.15
2,2025-01-01 17:49:32,92.17
2,2025-01-01 17:49:53,91.36
2,2025-01-01 17:50:22,91.4
2,2025-01-01 17:50:28,90.85
2,2025-01-01 17:50:50,91.62
2,2025-01-01 17:51:10,91.2
2,2025-01-01 17:51:33,90.31
2,2025-01-01 17:51:55,90.52
2,2025-01-01 17:52:02,90.21
2,2025-01-01 17:52:12,89.32
2,2025-01-01 17:52:21,88.52
2,2025-01-01 17:52:51,88.41
2,2025-01-01 17:53:12,88.64
2,2025-01-01 17:53:17,88.03
2,2025-01-01 17:53:31,87.97
2,2025-01-01 17:53:59,88.42
2,2025-01-01 17:54:18,89.19
2,2025-01-01 17:54:41,88.59
2,2025-01-01 17:54:59,88.04
2,2025-01-01 17:55:08,88.33
2,2025-01-01 17:55:24,88.99
2,2025-01-01 17:55:44,88.61
2,2025-01-01 17:55:56,89.06
2,2025-01-01 17:56:14,88.45
2,2025-01-01 17:56:41,87.47
2,2025-01-01 17:56:54,87.5
2,2025-01-01 17:57:00,87.85
2,2025-01-01 17:57:06,88.69
2,2025-01-01 17:57:28,89.08
2,2025-01-01 17:57:49,88.33
2,2025-01-01 17:58:02,88.12
2,2025-01-01 17:58:13,87.64
2,2025-01-01 17:58:38,88.4
2,2025-01-01 17:58:56,88.06
2,2025-01-01 17:59:25,88.23
2,2025-01-01 17:59:35,87.9
2,2025-01-01 17:59:41,88.22
2,2025-01-01 17:59:59,88.04
2,2025-01-01 18:00:06,87.09
2,2025-01-01 18:00:14,86.78
2,2025-01-01 18:00:33,86.72
2,2025-01-01 18:00:44,86.13
2,2025-01-01 18:00:50,85.71
2,2025-01-01 18:00:57,85.6
2,2025-01-01 18:01:18,86.57
2,2025-01-01 18:01:23,86.93
2,2025-01-01 18:01:32,86.91
2,2025-01-01 18:01:39,86.83
2,2025-01-01 18:01:48,87.44
2,2025-01-01 18:02:16,87.72
2,2025-01-01 18:02:39,88.31
2,2025-01-01 18:02:44,87.98
2,2025-01-01 18:03:01,88.05
2,2025-01-01 18:03:12,87.84
2,2025-01-01 18:03:28,88.54
2,2025-01-01 18:03:43,88.7
2,2025-01-01 18:03:53,89.49
2,2025-01-01 18:04:15,90.48
2,2025-01-01 18:04:25,90.68
2,2025-01-01 18:04:39,91.59
2,2025-01-01 18:04:56,91.15
2,2025-01-01 18:05:13,91.05
2,2025-01-01 18:05:22,91.53
2,2025-01-01 18:05:27,90.83
2,2025-01-01 18:05:47,90.76
2,2025-01-01 18:06:02,90.69
2,2025-01-01 18:06:26,90.47
2,2025-01-01 18:06:41,89.77
2,2025-01-01 18:06:54,89.29
2,2025-01-01 18:07:06,89.72
2,2025-01-01 18:07:13,90.09
2,2025-01-01 18:07:37,89.35
2,2025-01-01 18:08:04,89.79
2,2025-01-01 18:08:20,88.97
2,2025-01-01 18:08:25,89.53
2,2025-01-01 18:08:40,89.52
2,2025-01-01 18:09:04,90.05
2,2025-01-01 18:09:21,90.67
2,2025-01-01 18:09:46,91.64
2,2025-01-01 18:10:06,92.44
2,2025-01-01 18:10:27,93.13
2,2025-01-01 18:10:34,93.5
2,2025-01-01 18:10:54,93.66
2,2025-01-01 18:11:24,94.47
2,2025-01-01 18:11:41,94.43
2,2025-01-01 18:12:09,93.91
2,2025-01-01 18:12:33,93.29
2,2025-01-01 18:12:49,94.16
2,2025-01-01 18:13:05,94.63
2,2025-01-01 18:13:22,95.55
2,2025-01-01 18:13:28,95.06
2,2025-01-01 18:13:39,94.14
2,2025-01-01 18:13:49,94.54
2,2025-01-01 18:14:11,94.79
2,2025-01-01 18:14:28,94.28
2,2025-01-01 18:14:35,93.57
2,2025-01-01 18:14:54,92.83
2,2025-01-01 18:15:22,93.63
2,2025-01-01 18:15:46,93.98
2,2025-01-01 18:15:52,94.67
2,2025-01-01 18:16:10,95.19
2,2025-01-01 18:16:34,96.0
2,2025-01-01 18:16:53,95.53
2,2025-01-01 18:17:04,96.42
2,2025-01-01 18:17:18,96.59
2,2025-01-01 18:17:34,97.13
2,2025-01-01 18:17:48,98.0
2,2025-01-01 18:18:18,98.56
2,2025-01-01 18:18:29,97.92
2,2025-01-01 18:18:43,97.0
2,2025-01-01 18:19:03,96.54
2,2025-01-01 18:19:22,96.85
2,2025-01-01 18:19:29,96.87
2,2025-01-01 18:19:52,97.32
2,2025-01-01 18:20:10,97.0
2,2025-01-01 18:20:17,97.67
2,2025-01-01 18:20:35,97.55
2,2025-01-01 18:20:40,96.57
2,2025-01-01 18:20:50,97.52
2,2025-01-01 18:21:15,97.66
2,2025-01-01 18:21:30,97.97
2,2025-01-01 18:21:56,97.12
2,2025-01-01 18:22:21,96.44
2,2025-01-01 18:22:34,95.88
2,2025-01-01 18:22:48,95.66
2,2025-01-01 18:23:04,94.73
2,2025-01-01 18:23:09,95.02
2,2025-01-01 18:23:31,95.52
2,2025-01-01 18:23:52,96.4
2,2025-01-01 18:24:04,95.9
2,2025-01-01 18:24:30,95.21
2,2025-01-01 18:24:58,94.88
2,2025-01-01 18:25:19,95.88
2,2025-01-01 18:25:24,95.97
2,2025-01-01 18:25:29,96.05
2,2025-01-01 18:25:35,96.32
2,2025-01-01 18:25:41,96.4
2,2025-01-01 18:26:08,96.23
2,2025-01-01 18:26:30,96.53
2,2025-01-01 18:26:48,97.27
2,2025-01-01 18:26:58,97.1
2,2025-01-01 18:27:06,96.56
2,2025-01-01 18:27:23,96.64
2,2025-01-01 18:27:45,95.88
2,2025-01-01 18:28:01,96.3
2,2025-01-01 18:28:27,96.16
2,2025-01-01 18:28:54,95.44
2,2025-01-01 18:29:04,95.3
2,2025-01-01 18:29:25,94.89
2,2025-01-01 18:29:49,95.24
2,2025-01-01 18:30:02,94.28
2,2025-01-01 18:30:15,95.06
2,2025-01-01 18:30:35,94.13
2,2025-01-01 18:30:48,93.16
2,2025-01-01 18:31:02,94.03
2,2025-01-01 18:31:09,93.27
2,2025-01-01 18:31:31,93.77
2,2025-01-01 18:31:55,92.94
2,2025-01-01 18:32:14,92.52
2,2025-01-01 18:32:30,91.93
2,2025-01-01 18:32:51,92.22
2,2025-01-01 18:33:15,92.54
2,2025-01-01 18:33:35,92.17
2,2025-01-01 18:33:43,92.59
2,2025-01-01 18:34:12,91.89
2,2025-01-01 18:34:29,91.03
2,2025-01-01 18:34:59,91.94
2,2025-01-01 18:35:08,92.56
2,2025-01-01 18:35:26,92.48
2,2025-01-01 18:35:43,91.97
2,2025-01-01 18:36:02,92.34
2,2025-01-01 18:36:16,92.88
2,2025-01-01 18:36:24,92.36
2,2025-01-01 18:36:40,92.43
2,2025-01-01 18:36:52,93.43
2,2025-01-01 18:37:06,94.08
2,2025-01-01 18:37:25,94.73
2,2025-01-01 18:37:55,94.46
2,2025-01-01 18:38:04,95.11
2,2025-01-01 18:38:17,94.28
2,2025-01-01 18:38:43,94.14
2,2025-01-01 18:38:58,94.41
2,2025-01-01 18:39:08,94.82
2,2025-01-01 18:39:32,94.55
2,2025-01-01 18:39:55,94.76
2,2025-01-01 18:40:24,95.22
2,2025-01-01 18:40:54,94.59
2,2025-01-01 18:41:09,94.89
2,2025-01-01 18:41:38,95.26
2,2025-01-01 18:42:04,94.54
2,2025-01-01 18:42:15,95.42
2,2025-01-01 18:42:33,94.69
2,2025-01-01 18:42:39,94.56
2,2025-01-01 18:42:47,95.3
2,2025-01-01 18:42:53,95.04
2,2025-01-01 18:43:01,95.68
2,2025-01-01 18:43:15,96.57
2,2025-01-01 18:43:27,96.44
2,2025-01-01 18:43:41,96.74
2,2025-01-01 18:44:01,96.1
2,2025-01-01 18:44:07,96.87
2,2025-01-01 18:44:20,95.97
2,2025-01-01 18:44:25,96.52
2,2025-01-01 18:44:54,95.69
2,2025-01-01 18:45:11,96.51
2,2025-01-01 18:45:38,97.27
2,2025-01-01 18:45:51,97.9
2,2025-01-01 18:45:56,98.77
2,2025-01-01 18:46:09,99.72
2,2025-01-01 18:46:16,100.0
2,2025-01-01 18:46:31,99.51
2,2025-01-01 18:46:42,99.09
2,2025-01-01 18:47:00,99.79
2,2025-01-01 18:47:27,99.95
2,2025-01-01 18:47:52,100.0
2,2025-01-01 18:48:02,100.0
2,2025-01-01 18:48:13,100.0
2,2025-01-01 18:48:38,99.97
2,2025-01-01 18:49:01,100.0
2,2025-01-01 18:49:17,99.16
2,2025-01-01 18:49:27,99.57
2,2025-01-01 18:49:37,100.0
2,2025-01-01 18:49:54,99.02
2,2025-01-01 18:50:07,99.3
2,2025-01-01 18:50:35,99.24
2,2025-01-01 18:51:01,99.28
2,2025-01-01 18:51:27,99.5
2,2025-01-01 18:51:46,100.0
2,2025-01-01 18:52:08,100.0
2,2025-01-01 18:52:28,100.0
2,2025-01-01 18:52:54,99.63
2,2025-01-01 18:53:08,98.93
2,2025-01-01 18:53:29,98.99
2,2025-01-01 18:53:52,98.17
2,2025-01-01 18:54:14,99.16
2,2025-01-01 18:54:29,99.14
2,2025-01-01 18:54:44,98.92
2,2025-01-01 18:55:13,99.11
2,2025-01-01 18:55:41,99.8
2,2025-01-01 18:55:48,99.69
2,2025-01-01 18:56:09,100.0
2,2025-01-01 18:56:16,100.0
2,2025-01-01 18:56:37,99.78
2,2025-01-01 18:56:49,99.54
2,2025-01-01 18:57:14,99.41
2,2025-01-01 18:57:37,99.09
2,2025-01-01 18:57:52,99.63
2,2025-01-01 18:58:14,98.95
2,2025-01-01 18:58:44,98.97
2,2025-01-01 18:59:04,98.03
2,2025-01-01 18:59:17,97.75
2,2025-01-01 18:59:44,97.71
2,2025-01-01 19:00:14,96.8
2,2025-01-01 19:00:42,96.4
2,2025-01-01 19:01:10,95.48
2,2025-01-01 19:01:39,96.07
2,2025-01-01 19:01:52,96.69
2,2025-01-01 19:02:04,97.57
2,2025-01-01 19:02:14,97.65
2,2025-01-01 19:02:29,98.33
2,2025-01-01 19:02:46,98.44
2,2025-01-01 19:03:14,97.51
2,2025-01-01 19:03:28,97.2
2,2025-01-01 19:03:58,97.06
2,2025-01-01 19:04:16,97.06
2,2025-01-01 19:04:21,97.13
2,2025-01-01 19:04:31,96.58
2,2025-01-01 19:04:43,96.41
2,2025-01-01 19:05:06,96.7
2,2025-01-01 19:05:30,96.67
2,2025-01-01 19:05:36,96.19
2,2025-01-01 19:05:59,95.32
2,2025-01-01 19:06:06,96.08
2,2025-01-01 19:06:23,95.84
2,2025-01-01 19:06:51,95.3
2,2025-01-01 19:07:20,95.21
2,2025-01-01 19:07:38,95.91
2,2025-01-01 19:07:48,95.51
2,2025-01-01 19:08:13,95.46
2,2025-01-01 19:08:30,95.28
2,2025-01-01 19:08:40,94.38
2,2025-01-01 19:09:06,94.5
2,2025-01-01 19:09:22,93.81
2,2025-01-01 19:09:28,93.64
2,2025-01-01 19:09:56,94.46
2,2025-01-01 19:10:25,94.64
2,2025-01-01 19:10:48,94.35
2,2025-01-01 19:11:09,95.28
2,2025-01-01 19:11:29,95.92
2,2025-01-01 19:11:36,96.61
2,2025-01-01 19:11:48,95.81
2,2025-01-01 19:12:07,96.1
2,2025-01-01 19:12:32,96.9
2,2025-01-01 19:12:48,96.55
2,2025-01-01 19:13:11,96.42
2,2025-01-01 19:13:16,95.81
2,2025-01-01 19:13:37,96.06
2,2025-01-01 19:14:07,96.1
2,2025-01-01 19:14:20,96.13
2,2025-01-01 19:14:33,96.93
2,2025-01-01 19:14:44,96.01
2,2025-01-01 19:15:03,96.71
2,2025-01-01 19:15:13,95.74
2,2025-01-01 19:15:38,96.18
2,2025-01-01 19:15:46,97.16
2,2025-01-01 19:15:57,97.6
2,2025-01-01 19:16:04,97.65
2,2025-01-01 19:16:17,98.57
2,2025-01-01 19:16:27,99.48
2,2025-01-01 19:16:50,98.7
2,2025-01-01 19:17:13,97.71
2,2025-01-01 19:17:37,98.69
2,2025-01-01 19:17:56,99.59
2,2025-01-01 19:18:02,99.12
2,2025-01-01 19:18:15,99.08
2,2025-01-01 19:18:26,98.97
2,2025-01-01 19:18:52,98.24
2,2025-01-01 19:19:13,98.11
2,2025-01-01 19:19:19,99.03
2,2025-01-01 19:19:45,98.83
2,2025-01-01 19:20:05,98.68
2,2025-01-01 19:20:19,98.51
2,2025-01-01 19:20:26,99.34
2,2025-01-01 19:20:37,99.1
2,2025-01-01 19:20:47,99.88
2,2025-01-01 19:21:03,99.42
2,2025-01-01 19:21:18,98.68
2,2025-01-01 19:21:25,98.45
2,2025-01-01 19:21:53,98.43
2,2025-01-01 19:22:20,98.73
2,2025-01-01 19:22:49,98.8
2,2025-01-01 19:22:55,98.33
2,2025-01-01 19:23:19,97.51
2,2025-01-01 19:23:41,96.87
2,2025-01-01 19:24:02,97.7
2,2025-01-01 19:24:12,97.7
2,2025-01-01 19:24:19,98.3
2,2025-01-01 19:24:39,98.56
2,2025-01-01 19:25:07,99.04
2,2025-01-01 19:25:21,98.2
2,2025-01-01 19:25:41,97.92
2,2025-01-01 19:25:59,98.65
2,2025-01-01 19:26:29,98.75
2,2025-01-01 19:26:36,98.14
2,2025-01-01 19:26:58,97.79
2,2025-01-01 19:27:22,97.81
2,2025-01-01 19:27:31,98.67
2,2025-01-01 19:27:47,99.07
2,2025-01-01 19:28:04,99.04
2,2025-01-01 19:28:18,98.92
2,2025-01-01 19:28:27,98.93
2,2025-01-01 19:28:50,99.03
2,2025-01-01 19:29:16,98.18
2,2025-01-01 19:29:43,98.98
2,2025-01-01 19:30:01,98.35
2,2025-01-01 19:30:08,99.01
2,2025-01-01 19:30:22,98.98
2,2025-01-01 19:30:50,98.33
2,2025-01-01 19:31:07,98.78
2,2025-01-01 19:31:17,99.13
2,2025-01-01 19:31:41,99.33
2,2025-01-01 19:32:06,99.99
2,2025-01-01 19:32:30,100.0
2,2025-01-01 19:32:58,99.75
2,2025-01-01 19:33:04,99.95
2,2025-01-01 19:33:20,99.0
2,2025-01-01 19:33:47,99.44
2,2025-01-01 19:34:12,98.8
2,2025-01-01 19:34:30,98.5
2,2025-01-01 19:34:55,98.53
2,2025-01-01 19:35:03,98.82
2,2025-01-01 19:35:29,98.17
2,2025-01-01 19:35:46,98.99
2,2025-01-01 19:36:03,98.6
2,2025-01-01 19:36:16,99.02
2,2025-01-01 19:36:24,98.26
2,2025-01-01 19:36:44,97.99
2,2025-01-01 19:37:11,97.7
2,2025-01-01 19:37:23,97.97
2,2025-01-01 19:37:39,98.57
2,2025-01-01 19:38:08,98.73
2,2025-01-01 19:38:16,99.65
2,2025-01-01 19:38:31,100.0
2,2025-01-01 19:38:47,99.8
2,2025-01-01 19:39:12,100.0
2,2025-01-01 19:39:24,99.78
2,2025-01-01 19:39:45,99.98
2,2025-01-01 19:40:13,99.72
2,2025-01-01 19:40:26,99.73
2,2025-01-01 19:40:42,99.18
2,2025-01-01 19:40:52,99.47
2,2025-01-01 19:41:01,99.45
2,2025-01-01 19:41:09,99.38
2,2025-01-01 19:41:26,98.51
2,2025-01-01 19:41:40,97.99
2,2025-01-01 19:42:08,98.22
2,2025-01-01 19:42:20,98.09
2,2025-01-01 19:42:37,98.39
2,2025-01-01 19:42:49,98.57
2,2025-01-01 19:42:59,99.17
2,2025-01-01 19:43:08,99.29
2,2025-01-01 19:43:27,98.45
2,2025-01-01 19:43:50,98.74
2,2025-01-01 19:44:16,97.99
2,2025-01-01 19:44:33,98.3
2,2025-01-01 19:44:41,98.14
2,2025-01-01 19:44:54,98.51
2,2025-01-01 19:45:17,99.23
2,2025-01-01 19:45:25,99.01
2,2025-01-01 19:45:55,99.88
2,2025-01-01 19:46:01,99.56
2,2025-01-01 19:46:10,100.0
2,2025-01-01 19:46:29,99.09
2,2025-01-01 19:46:44,98.8
2,2025-01-01 19:47:02,99.51
2,2025-01-01 19:47:11,98.66
2,2025-01-01 19:47:19,99.43
2,2025-01-01 19:47:37,98.61
2,2025-01-01 19:47:43,98.25
2,2025-01-01 19:47:51,98.06
2,2025-01-01 19:48:02,98.07
2,2025-01-01 19:48:28,98.66
2,2025-01-01 19:48:50,98.94
2,2025-01-01 19:48:55,99.43
2,2025-01-01 19:49:24,99.94
2,2025-01-01 19:49:31,100.0
2,2025-01-01 19:49:40,100.0
2,2025-01-01 19:50:06,99.48
2,2025-01-01 19:50:24,100.0
2,2025-01-01 19:50:45,100.0
2,2025-01-01 19:50:56,100.0
2,2025-01-01 19:51:20,100.0
2,2025-01-01 19:51:35,99.14
2,2025-01-01 19:51:48,98.2
2,2025-01-01 19:51:53,97.47
2,2025-01-01 19:52:21,96.73
2,2025-01-01 19:52:47,97.52
2,2025-01-01 19:53:16,96.65
2,2025-01-01 19:53:22,96.61
2,2025-01-01 19:53:45,95.76
2,2025-01-01 19:54:15,96.3
2,2025-01-01 19:54:32,96.47
2,2025-01-01 19:54:48,96.73
2,2025-01-01 19:54:57,97.34
2,2025-01-01 19:55:20,97.1
2,2025-01-01 19:55:25,97.86
2,2025-01-01 19:55:38,97.38
2,2025-01-01 19:55:46,97.46
2,2025-01-01 19:56:00,96.77
2,2025-01-01 19:56:18,97.54
2,2025-01-01 19:56:43,97.04
2,2025-01-01 19:56:49,97.02
2,2025-01-01 19:56:57,96.59
2,2025-01-01 19:57:07,95.71
2,2025-01-01 19:57:18,95.23
2,2025-01-01 19:57:36,94.77
2,2025-01-01 19:57:57,94.44
2,2025-01-01 19:58:14,95.11
2,2025-01-01 19:58:26,95.66
2,2025-01-01 19:58:49,96.25
2,2025-01-01 19:59:18,96.24
2,2025-01-01 19:59:36,96.46
2,2025-01-01 19:59:50,96.43
2,2025-01-01 20:00:12,95.51
2,2025-01-01 20:00:18,95.63
2,2025-01-01 20:00:47,96.21
2,2025-01-01 20:01:01,96.1
2,2025-01-01 20:01:16,96.92
2,2025-01-01 20:01:32,97.63
2,2025-01-01 20:01:38,96.84
2,2025-01-01 20:02:00,97.72
2,2025-01-01 20:02:13,97.27
2,2025-01-01 20:02:20,97.39
2,2025-01-01 20:02:43,98.11
2,2025-01-01 20:02:54,97.76
2,2025-01-01 20:03:03,97.65
2,2025-01-01 20:03:32,97.64
2,2025-01-01 20:03:56,98.36
2,2025-01-01 20:04:14,98.43
2,2025-01-01 20:04:37,99.11
2,2025-01-01 20:04:54,99.54
2,2025-01-01 20:05:05,98.76
2,2025-01-01 20:05:12,99.48
2,2025-01-01 20:05:33,99.9
2,2025-01-01 20:06:01,98.98
2,2025-01-01 20:06:20,98.63
2,2025-01-01 20:06:48,98.41
2,2025-01-01 20:07:07,97.7
2,2025-01-01 20:07:27,96.98
2,2025-01-01 20:07:44,97.54
2,2025-01-01 20:08:12,97.6
2,2025-01-01 20:08:38,97.45
2,2025-01-01 20:09:03,97.16
2,2025-01-01 20:09:24,98.15
2,2025-01-01 20:09:42,98.76
2,2025-01-01 20:09:47,99.65
2,2025-01-01 20:10:13,100.0
2,2025-01-01 20:10:29,99.89
2,2025-01-01 20:10:35,100.0
2,2025-01-01 20:10:48,99.17
2,2025-01-01 20:11:13,99.48
2,2025-01-01 20:11:26,98.63
2,2025-01-01 20:11:33,97.96
2,2025-01-01 20:11:52,97.67
2,2025-01-01 20:12:18,97.1
2,2025-01-01 20:12:33,97.36
2,2025-01-01 20:12:45,97.4
2,2025-01-01 20:13:10,97.75
2,2025-01-01 20:13:37,97.33
2,2025-01-01 20:13:51,97.93
2,2025-01-01 20:14:02,97.47
2,2025-01-01 20:14:08,97.01
2,2025-01-01 20:14:25,97.56
2,2025-01-01 20:14:55,98.17
2,2025-01-01 20:15:25,98.28
2,2025-01-01 20:15:52,97.54
2,2025-01-01 20:16:06,97.89
2,2025-01-01 20:16:33,96.9
2,2025-01-01 20:16:58,96.4
2,2025-01-01 20:17:25,97.05
2,2025-01-01 20:17:33,96.98
2,2025-01-01 20:17:38,97.31
2,2025-01-01 20:17:59,97.59
2,2025-01-01 20:18:25,98.31
2,2025-01-01 20:18:44,99.17
2,2025-01-01 20:18:51,98.4
2,2025-01-01 20:19:11,98.61
2,2025-01-01 20:19:39,98.15
2,2025-01-01 20:19:56,97.24
2,2025-01-01 20:20:24,97.96
2,2025-01-01 20:20:43,97.2
2,2025-01-01 20:20:54,97.55
2,2025-01-01 20:21:17,97.1
2,2025-01-01 20:21:28,97.14
2,2025-01-01 20:21:58,97.91
2,2025-01-01 20:22:04,98.21
2,2025-01-01 20:22:09,98.11
2,2025-01-01 20:22:38,98.4
2,2025-01-01 20:22:54,97.96
2,2025-01-01 20:23:01,98.32
2,2025-01-01 20:23:13,97.45
2,2025-01-01 20:23:40,96.82
2,2025-01-01 20:23:45,96.74
2,2025-01-01 20:23:55,95.82
2,2025-01-01 20:24:19,96.09
2,2025-01-01 20:24:41,95.13
2,2025-01-01 20:25:01,94.67
2,2025-01-01 20:25:28,94.37
2,2025-01-01 20:25:56,94.61
2,2025-01-01 20:26:06,95.06
2,2025-01-01 20:26:23,95.39
2,2025-01-01 20:26:35,95.08
2,2025-01-01 20:26:42,95.1
2,2025-01-01 20:27:01,96.04
2,2025-01-01 20:27:07,96.24
2,2025-01-01 20:27:37,95.86
2,2025-01-01 20:27:44,96.14
2,2025-01-01 20:27:54,96.22
2,2025-01-01 20:28:13,96.96
2,2025-01-01 20:28:23,97.27
2,2025-01-01 20:28:41,97.56
2,2025-01-01 20:29:05,97.73
2,2025-01-01 20:29:27,96.89
2,2025-01-01 20:29:53,96.96
2,2025-01-01 20:29:59,97.95
2,2025-01-01 20:30:21,97.49
2,2025-01-01 20:30:39,96.59
2,2025-01-01 20:30:52,95.89
2,2025-01-01 20:31:07,96.4
2,2025-01-01 20:31:33,95.97
2,2025-01-01 20:31:45,96.5
2,2025-01-01 20:32:11,96.24
2,2025-01-01 20:32:39,96.27
2,2025-01-01 20:33:06,95.29
2,2025-01-01 20:33:28,94.36
2,2025-01-01 20:33:39,93.63
2,2025-01-01 20:34:05,94.45
2,2025-01-01 20:34:19,94.83
2,2025-01-01 20:34:29,94.74
2,2025-01-01 20:34:54,95.54
2,2025-01-01 20:35:01,94.87
2,2025-01-01 20:35:16,95.52
2,2025-01-01 20:35:46,95.5
2,2025-01-01 20:36:08,96.07
2,2025-01-01 20:36:17,96.04
2,2025-01-01 20:36:26,95.72
2,2025-01-01 20:36:45,95.24
2,2025-01-01 20:37:05,95.56
2,2025-01-01 20:37:22,96.13
2,2025-01-01 20:37:45,96.08
2,2025-01-01 20:38:13,96.48
2,2025-01-01 20:38:27,96.89
2,2025-01-01 20:38:35,96.04
2,2025-01-01 20:38:48,96.82
2,2025-01-01 20:39:09,97.34
2,2025-01-01 20:39:19,97.16
2,2025-01-01 20:39:33,97.89
2,2025-01-01 20:39:39,98.39
2,2025-01-01 20:39:44,98.96
2,2025-01-01 20:39:56,99.94
2,2025-01-01 20:40:05,100.0
2,2025-01-01 20:40:35,100.0
2,2025-01-01 20:40:48,99.55
2,2025-01-01 20:41:18,99.69
2,2025-01-01 20:41:40,99.16
2,2025-01-01 20:41:56,99.88
2,2025-01-01 20:42:07,100.0
2,2025-01-01 20:42:35,100.0
2,2025-01-01 20:42:54,99.43
2,2025-01-01 20:43:21,100.0
2,2025-01-01 20:43:40,100.0
2,2025-01-01 20:44:06,99.75
2,2025-01-01 20:44:25,99.48
2,2025-01-01 20:44:39,99.41
2,2025-01-01 20:44:59,99.09
2,2025-01-01 20:45:04,98.28
2,2025-01-01 20:45:15,98.81
2,2025-01-01 20:45:42,98.7
2,2025-01-01 20:45:51,99.5
2,2025-01-01 20:46:12,98.91
2,2025-01-01 20:46:28,99.24
2,2025-01-01 20:46:55,99.2
2,2025-01-01 20:47:14,98.71
2,2025-01-01 20:47:40,98.4
2,2025-01-01 20:48:05,99.07
2,2025-01-01 20:48:13,99.31
2,2025-01-01 20:48:22,99.47
2,2025-01-01 20:48:33,99.25
2,2025-01-01 20:48:48,98.66
2,2025-01-01 20:49:18,97.88
2,2025-01-01 20:49:31,97.71
2,2025-01-01 20:49:52,97.02
2,2025-01-01 20:50:10,96.92
2,2025-01-01 20:50:31,95.95
2,2025-01-01 20:50:54,96.79
2,2025-01-01 20:51:21,97.56
2,2025-01-01 20:51:41,98.03
2,2025-01-01 20:51:49,97.38
2,2025-01-01 20:52:09,96.92
2,2025-01-01 20:52:26,97.74
2,2025-01-01 20:52:37,98.7
2,2025-01-01 20:52:56,98.62
2,2025-01-01 20:53:14,99.08
2,2025-01-01 20:53:29,98.29
2,2025-01-01 20:53:59,98.77
2,2025-01-01 20:54:28,97.94
2,2025-01-01 20:54:45,98.21
2,2025-01-01 20:55:09,98.94
2,2025-01-01 20:55:20,99.11
2,2025-01-01 20:55:35,100.0
2,2025-01-01 20:55:55,100.0
2,2025-01-01 20:56:11,100.0
2,2025-01-01 20:56:32,99.78
2,2025-01-01 20:56:45,99.86
2,2025-01-01 20:57:09,100.0
2,2025-01-01 20:57:29,99.69
2,2025-01-01 20:57:49,99.95
2,2025-01-01 20:57:54,99.09
2,2025-01-01 20:58:23,98.93
2,2025-01-01 20:58:46,98.63
2,2025-01-01 20:59:08,98.25
2,2025-01-01 20:59:31,97.26
2,2025-01-01 20:59:41,96.59
2,2025-01-01 20:59:50,97.36
2,2025-01-01 21:00:12,98.0
2,2025-01-01 21:00:25,97.63
2,2025-01-01 21:00:42,96.68
2,2025-01-01 21:00:56,96.66
2,2025-01-01 21:01:20,96.8
2,2025-01-01 21:01:35,97.11
2,2025-01-01 21:01:52,98.05
2,2025-01-01 21:02:15,98.56
2,2025-01-01 21:02:45,98.03
2,2025-01-01 21:03:02,98.77
2,2025-01-01 21:03:18,99.58
2,2025-01-01 21:03:25,100.0
2,2025-01-01 21:03:52,99.78
2,2025-01-01 21:04:09,99.52
2,2025-01-01 21:04:24,100.0
2,2025-01-01 21:04:54,99.89
2,2025-01-01 21:05:23,100.0
2,2025-01-01 21:05:33,100.0
2,2025-01-01 21:05:50,100.0
2,2025-01-01 21:06:12,99.75
2,2025-01-01 21:06:20,99.21
2,2025-01-01 21:06:41,98.34
2,2025-01-01 21:07:04,98.52
2,2025-01-01 21:07:12,99.28
2,2025-01-01 21:07:27,98.28
2,2025-01-01 21:07:32,97.94
2,2025-01-01 21:07:51,97.99
2,2025-01-01 21:08:19,98.48
2,2025-01-01 21:08:49,97.81
2,2025-01-01 21:09:06,97.65
2,2025-01-01 21:09:29,98.38
2,2025-01-01 21:09:42,98.31
2,2025-01-01 21:09:59,97.75
2,2025-01-01 21:10:28,98.47
2,2025-01-01 21:10:58,97.51
2,2025-01-01 21:11:03,96.84
2,2025-01-01 21:11:22,97.12
2,2025-01-01 21:11:43,96.8
2,2025-01-01 21:11:49,97.16
2,2025-01-01 21:12:13,98.11
2,2025-01-01 21:12:20,97.86
2,2025-01-01 21:12:30,97.51
2,2025-01-01 21:12:41,98.33
2,2025-01-01 21:12:55,98.85
2,2025-01-01 21:13:01,98.41
2,2025-01-01 21:13:30,97.76
2,2025-01-01 21:14:00,97.73
2,2025-01-01 21:14:11,97.1
2,2025-01-01 21:14:29,97.23
2,2025-01-01 21:14:53,96.56
2,2025-01-01 21:15:16,96.51
2,2025-01-01 21:15:23,96.24
2,2025-01-01 21:15:44,97.23
2,2025-01-01 21:15:56,97.04
2,2025-01-01 21:16:04,96.71
2,2025-01-01 21:16:17,96.81
2,2025-01-01 21:16:22,96.6
2,2025-01-01 21:16:47,97.11
2,2025-01-01 21:17:02,96.54
2,2025-01-01 21:17:24,97.14
2,2025-01-01 21:17:32,96.33
2,2025-01-01 21:17:58,95.91
2,2025-01-01 21:18:09,95.53
2,2025-01-01 21:18:33,94.78
2,2025-01-01 21:18:49,95.23
2,2025-01-01 21:19:15,95.32
2,2025-01-01 21:19:34,94.59
2,2025-01-01 21:19:47,95.23
2,2025-01-01 21:20:11,95.36
2,2025-01-01 21:20:19,96.23
2,2025-01-01 21:20:45,95.81
2,2025-01-01 21:20:51,96.55
2,2025-01-01 21:20:57,96.48
2,2025-01-01 21:21:13,95.56
2,2025-01-01 21:21:22,96.21
2,2025-01-01 21:21:48,96.63
2,2025-01-01 21:21:56,96.33
2,2025-01-01 21:22:02,95.58
2,2025-01-01 21:22:26,95.57
2,2025-01-01 21:22:56,94.58
2,2025-01-01 21:23:07,94.48
2,2025-01-01 21:23:19,94.41
2,2025-01-01 21:23:41,93.97
2,2025-01-01 21:24:05,93.43
2,2025-01-01 21:24:32,92.48
2,2025-01-01 21:24:45,91.89
2,2025-01-01 21:25:14,92.87
2,2025-01-01 21:25:33,92.45
2,2025-01-01 21:25:51,91.66
2,2025-01-01 21:26:14,90.8
2,2025-01-01 21:26:23,91.64
2,2025-01-01 21:26:50,91.44
2,2025-01-01 21:27:16,91.85
2,2025-01-01 21:27:39,91.52
2,2025-01-01 21:28:05,90.53
2,2025-01-01 21:28:34,89.6
2,2025-01-01 21:28:57,89.27
2,2025-01-01 21:29:27,89.56
2,2025-01-01 21:29:42,90.07
2,2025-01-01 21:29:53,89.85
2,2025-01-01 21:30:08,90.68
2,2025-01-01 21:30:20,91.18
2,2025-01-01 21:30:42,92.12
2,2025-01-01 21:31:00,93.02
2,2025-01-01 21:31:11,93.37
2,2025-01-01 21:31:41,93.1
2,2025-01-01 21:31:58,93.41
2,2025-01-01 21:32:10,92.74
2,2025-01-01 21:32:31,91.97
2,2025-01-01 21:32:49,92.88
2,2025-01-01 21:32:55,92.04
2,2025-01-01 21:33:09,91.2
2,2025-01-01 21:33:30,90.44
2,2025-01-01 21:33:41,89.55
2,2025-01-01 21:33:52,89.08
2,2025-01-01 21:34:19,89.83
2,2025-01-01 21:34:39,89.37
2,2025-01-01 21:35:05,88.43
2,2025-01-01 21:35:13,87.82
2,2025-01-01 21:35:41,86.85
2,2025-01-01 21:35:49,86.85
2,2025-01-01 21:36:03,86.24
2,2025-01-01 21:36:31,85.7
2,2025-01-01 21:36:39,85.44
2,2025-01-01 21:36:47,85.01
2,2025-01-01 21:36:59,85.13
2,2025-01-01 21:37:13,85.97
2,2025-01-01 21:37:37,86.18
2,2025-01-01 21:38:04,85.47
2,2025-01-01 21:38:31,85.81
2,2025-01-01 21:39:01,85.98
2,2025-01-01 21:39:24,85.27
2,2025-01-01 21:39:54,84.88
2,2025-01-01 21:40:13,84.52
2,2025-01-01 21:40:29,84.69
2,2025-01-01 21:40:52,85.25
2,2025-01-01 21:41:03,84.27
2,2025-01-01 21:41:09,83.4
2,2025-01-01 21:41:17,82.5
2,2025-01-01 21:41:24,82.66
2,2025-01-01 21:41:43,83.2
2,2025-01-01 21:41:50,83.91
2,2025-01-01 21:42:05,84.71
2,2025-01-01 21:42:23,84.18
2,2025-01-01 21:42:43,84.74
2,2025-01-01 21:43:05,85.68
2,2025-01-01 21:43:29,84.96
2,2025-01-01 21:43:42,85.08
2,2025-01-01 21:43:54,85.6
2,2025-01-01 21:44:09,85.4
2,2025-01-01 21:44:27,85.05
2,2025-01-01 21:44:54,85.11
2,2025-01-01 21:45:03,84.66
2,2025-01-01 21:45:08,85.5
2,2025-01-01 21:45:26,86.5
2,2025-01-01 21:45:39,86.79
2,2025-01-01 21:46:05,85.91
2,2025-01-01 21:46:17,85.33
2,2025-01-01 21:46:31,85.9
2,2025-01-01 21:46:48,86.66
2,2025-01-01 21:47:00,86.99
2,2025-01-01 21:47:11,86.53
2,2025-01-01 21:47:34,85.54
2,2025-01-01 21:47:59,84.74
2,2025-01-01 21:48:23,85.35
2,2025-01-01 21:48:44,84.66
2,2025-01-01 21:49:13,84.53
2,2025-01-01 21:49:38,85.27
2,2025-01-01 21:49:58,84.97
2,2025-01-01 21:50:18,84.02
2,2025-01-01 21:50:25,84.32
2,2025-01-01 21:50:45,85.04
2,2025-01-01 21:50:58,85.63
2,2025-01-01 21:51:21,86.19
2,2025-01-01 21:51:41,85.49
2,2025-01-01 21:51:53,84.95
2,2025-01-01 21:52:06,85.44
2,2025-01-01 21:52:30,86.26
2,2025-01-01 21:52:51,85.31
2,2025-01-01 21:53:14,85.86
2,2025-01-01 21:53:19,86.04
2,2025-01-01 21:53:42,85.32
2,2025-01-01 21:53:56,84.46
2,2025-01-01 21:54:15,83.74
2,2025-01-01 21:54:29,83.46
2,2025-01-01 21:54:52,84.36
2,2025-01-01 21:55:06,85.17
2,2025-01-01 21:55:13,84.18
2,2025-01-01 21:55:36,84.52
2,2025-01-01 21:55:55,84.77
2,2025-01-01 21:56:19,85.13
2,2025-01-01 21:56:33,84.87
2,2025-01-01 21:56:53,85.49
2,2025-01-01 21:57:19,86.24
2,2025-01-01 21:57:32,86.71
2,2025-01-01 21:57:58,85.8
2,2025-01-01 21:58:08,85.6
2,2025-01-01 21:58:28,85.75
2,2025-01-01 21:58:36,85.82
2,2025-01-01 21:59:03,86.47
2,2025-01-01 21:59:27,87.22
2,2025-01-01 21:59:45,88.02
2,2025-01-01 21:59:57,87.69
2,2025-01-01 22:00:20,87.32
2,2025-01-01 22:00:34,87.93
2,2025-01-01 22:00:56,88.79
2,2025-01-01 22:01:21,89.54
2,2025-01-01 22:01:43,89.87
2,2025-01-01 22:01:55,88.98
2,2025-01-01 22:02:00,88.78
2,2025-01-01 22:02:27,88.36
2,2025-01-01 22:02:37,88.68
2,2025-01-01 22:02:44,88.13
2,2025-01-01 22:03:06,89.04
2,2025-01-01 22:03:21,89.0
2,2025-01-01 22:03:47,88.5
2,2025-01-01 22:04:14,87.66
2,2025-01-01 22:04:32,87.2
2,2025-01-01 22:04:41,87.71
2,2025-01-01 22:05:03,87.9
2,2025-01-01 22:05:15,88.18
2,2025-01-01 22:05:43,88.33
2,2025-01-01 22:06:10,89.08
2,2025-01-01 22:06:40,89.94
2,2025-01-01 22:06:49,90.82
2,2025-01-01 22:07:13,91.67
2,2025-01-01 22:07:23,91.81
2,2025-01-01 22:07:31,92.69
2,2025-01-01 22:07:46,92.34
2,2025-01-01 22:08:07,93.17
2,2025-01-01 22:08:32,94.0
2,2025-01-01 22:08:46,94.44
2,2025-01-01 22:08:53,94.25
2,2025-01-01 22:09:21,94.46
2,2025-01-01 22:09:31,93.82
2,2025-01-01 22:09:47,93.77
2,2025-01-01 22:10:04,92.92
2,2025-01-01 22:10:21,93.69
2,2025-01-01 22:10:38,93.97
2,2025-01-01 22:11:00,93.11
2,2025-01-01 22:11:05,92.37
2,2025-01-01 22:11:21,92.73
2,2025-01-01 22:11:36,93.51
2,2025-01-01 22:12:04,93.73
2,2025-01-01 22:12:12,94.62
2,2025-01-01 22:12:29,95.51
2,2025-01-01 22:12:38,94.55
2,2025-01-01 22:13:04,94.9
2,2025-01-01 22:13:14,94.1
2,2025-01-01 22:13:29,93.91
2,2025-01-01 22:13:48,93.59
2,2025-01-01 22:14:15,94.06
2,2025-01-01 22:14:25,94.61
2,2025-01-01 22:14:35,95.1
2,2025-01-01 22:14:45,94.49
2,2025-01-01 22:15:12,94.65
2,2025-01-01 22:15:25,94.03
2,2025-01-01 22:15:39,93.55
2,2025-01-01 22:16:03,92.59
2,2025-01-01 22:16:11,93.28
2,2025-01-01 22:16:38,93.15
2,2025-01-01 22:16:55,93.52
2,2025-01-01 22:17:07,93.35
2,2025-01-01 22:17:27,93.98
2,2025-01-01 22:17:56,93.85
2,2025-01-01 22:18:07,93.83
2,2025-01-01 22:18:15,93.9
2,2025-01-01 22:18:26,94.38
2,2025-01-01 22:18:45,95.14
2,2025-01-01 22:18:51,94.81
2,2025-01-01 22:19:04,94.11
2,2025-01-01 22:19:22,93.87
2,2025-01-01 22:19:43,93.46
2,2025-01-01 22:20:00,93.96
2,2025-01-01 22:20:11,94.53
2,2025-01-01 22:20:38,94.17
2,2025-01-01 22:21:06,94.64
2,2025-01-01 22:21:18,94.61
2,2025-01-01 22:21:29,94.71
2,2025-01-01 22:21:42,95.63
2,2025-01-01 22:21:58,95.35
2,2025-01-01 22:22:15,94.91
2,2025-01-01 22:22:44,94.31
2,2025-01-01 22:22:52,93.95
2,2025-01-01 22:23:13,93.69
2,2025-01-01 22:23:30,94.42
2,2025-01-01 22:23:45,94.44
2,2025-01-01 22:24:11,95.25
2,2025-01-01 22:24:26,95.87
2,2025-01-01 22:24:39,95.91
2,2025-01-01 22:25:06,95.91
2,2025-01-01 22:25:22,96.04
2,2025-01-01 22:25:48,96.21
2,2025-01-01 22:25:58,96.92
2,2025-01-01 22:26:26,96.19
2,2025-01-01 22:26:35,95.73
2,2025-01-01 22:26:49,95.91
2,2025-01-01 22:27:02,95.63
2,2025-01-01 22:27:26,95.17
2,2025-01-01 22:27:42,94.89
2,2025-01-01 22:28:02,94.02
2,2025-01-01 22:28:10,94.22
2,2025-01-01 22:28:28,94.16
2,2025-01-01 22:28:50,94.46
2,2025-01-01 22:29:13,93.51
2,2025-01-01 22:29:34,93.98
2,2025-01-01 22:29:50,94.6
2,2025-01-01 22:29:57,95.52
2,2025-01-01 22:30:23,96.05
2,2025-01-01 22:30:51,95.34
2,2025-01-01 22:31:19,95.63
2,2025-01-01 22:31:44,95.26
2,2025-01-01 22:31:55,94.36
2,2025-01-01 22:32:21,95.35
2,2025-01-01 22:32:28,94.83
2,2025-01-01 22:32:48,93.88
2,2025-01-01 22:33:10,93.92
2,2025-01-01 22:33:20,94.6
2,2025-01-01 22:33:25,94.18
2,2025-01-01 22:33:50,94.18
2,2025-01-01 22:34:18,94.73
2,2025-01-01 22:34:33,94.46
2,2025-01-01 22:34:43,93.72
2,2025-01-01 22:35:11,94.4
2,2025-01-01 22:35:17,95.26
2,2025-01-01 22:35:40,94.5
2,2025-01-01 22:35:57,94.24
2,2025-01-01 22:36:04,94.59
2,2025-01-01 22:36:23,94.43
2,2025-01-01 22:36:52,94.38
2,2025-01-01 22:37:02,94.4
2,2025-01-01 22:37:17,94.62
2,2025-01-01 22:37:29,94.96
2,2025-01-01 22:37:50,95.38
2,2025-01-01 22:38:02,95.64
2,2025-01-01 22:38:24,96.19
2,2025-01-01 22:38:46,96.45
2,2025-01-01 22:39:03,95.69
2,2025-01-01 22:39:12,94.82
2,2025-01-01 22:39:32,94.25
2,2025-01-01 22:39:51,93.47
2,2025-01-01 22:40:00,92.55
2,2025-01-01 22:40:11,91.67
2,2025-01-01 22:40:37,91.32
2,2025-01-01 22:41:03,91.54
2,2025-01-01 22:41:31,90.76
2,2025-01-01 22:41:56,90.69
2,2025-01-01 22:42:26,91.05
2,2025-01-01 22:42:53,90.51
2,2025-01-01 22:43:09,91.34
2,2025-01-01 22:43:17,91.83
2,2025-01-01 22:43:44,92.41
2,2025-01-01 22:44:03,91.81
2,2025-01-01 22:44:18,91.67
2,2025-01-01 22:44:26,92.01
2,2025-01-01 22:44:44,91.4
2,2025-01-01 22:44:50,92.39
2,2025-01-01 22:45:03,93.22
2,2025-01-01 22:45:30,92.5
2,2025-01-01 22:45:55,92.35
2,2025-01-01 22:46:15,91.44
2,2025-01-01 22:46:37,91.41
2,2025-01-01 22:46:50,90.85
2,2025-01-01 22:46:55,90.62
2,2025-01-01 22:47:22,90.46
2,2025-01-01 22:47:50,90.76
2,2025-01-01 22:48:19,89.89
2,2025-01-01 22:48:30,90.22
2,2025-01-01 22:48:59,89.35
2,2025-01-01 22:49:19,89.82
2,2025-01-01 22:49:42,89.64
2,2025-01-01 22:50:05,89.68
2,2025-01-01 22:50:22,88.74
2,2025-01-01 22:50:41,88.0
2,2025-01-01 22:51:05,87.24
2,2025-01-01 22:51:30,87.27
2,2025-01-01 22:51:57,86.6
2,2025-01-01 22:52:07,86.04
2,2025-01-01 22:52:26,86.28
2,2025-01-01 22:52:31,85.97
2,2025-01-01 22:52:52,86.96
2,2025-01-01 22:52:59,86.15
2,2025-01-01 22:53:25,85.51
2,2025-01-01 22:53:38,84.71
2,2025-01-01 22:54:07,85.11
2,2025-01-01 22:54:33,85.04
2,2025-01-01 22:54:45,84.85
2,2025-01-01 22:55:12,84.65
2,2025-01-01 22:55:41,84.09
2,2025-01-01 22:55:55,83.84
2,2025-01-01 22:56:08,83.98
2,2025-01-01 22:56:38,84.64
2,2025-01-01 22:56:45,84.59
2,2025-01-01 22:56:55,85.54
2,2025-01-01 22:57:10,86.5
2,2025-01-01 22:57:16,85.76
2,2025-01-01 22:57:25,85.19
2,2025-01-01 22:57:30,85.0
2,2025-01-01 22:57:41,85.9
2,2025-01-01 22:58:04,86.59
2,2025-01-01 22:58:16,86.92
2,2025-01-01 22:58:46,87.5
2,2025-01-01 22:59:15,87.03
2,2025-01-01 22:59:43,86.94
2,2025-01-01 22:59:51,87.38
2,2025-01-01 23:00:08,87.61
2,2025-01-01 23:00:34,88.55
2,2025-01-01 23:00:52,87.68
2,2025-01-01 23:01:06,88.59
2,2025-01-01 23:01:17,89.04
2,2025-01-01 23:01:39,89.2
2,2025-01-01 23:01:56,88.59
2,2025-01-01 23:02:18,88.01
2,2025-01-01 23:02:40,87.2
2,2025-01-01 23:02:51,88.06
2,2025-01-01 23:02:58,87.74
2,2025-01-01 23:03:28,86.83
2,2025-01-01 23:03:37,86.38
2,2025-01-01 23:03:49,87.02
2,2025-01-01 23:04:07,86.19
2,2025-01-01 23:04:26,85.99
2,2025-01-01 23:04:32,86.16
2,2025-01-01 23:04:53,86.44
2,2025-01-01 23:05:07,86.56
2,2025-01-01 23:05:36,86.2
2,2025-01-01 23:05:44,86.63
2,2025-01-01 23:06:11,87.15
2,2025-01-01 23:06:41,86.33
2,2025-01-01 23:06:59,86.35
2,2025-01-01 23:07:29,85.52
2,2025-01-01 23:07:50,84.75
2,2025-01-01 23:08:18,85.34
2,2025-01-01 23:08:39,85.34
2,2025-01-01 23:09:09,84.82
2,2025-01-01 23:09:30,84.8
2,2025-01-01 23:09:46,85.69
2,2025-01-01 23:10:03,84.98
2,2025-01-01 23:10:10,85.93
2,2025-01-01 23:10:18,85.59
2,2025-01-01 23:10:46,85.28
2,2025-01-01 23:11:13,85.03
2,2025-01-01 23:11:22,85.02
2,2025-01-01 23:11:51,84.4
2,2025-01-01 23:12:15,84.65
2,2025-01-01 23:12:24,85.12
2,2025-01-01 23:12:48,84.93
2,2025-01-01 23:13:06,85.8
2,2025-01-01 23:13:28,85.19
2,2025-01-01 23:13:41,85.38
2,2025-01-01 23:13:54,84.66
2,2025-01-01 23:14:05,84.01
2,2025-01-01 23:14:21,84.76
2,2025-01-01 23:14:40,85.29
2,2025-01-01 23:14:58,86.03
2,2025-01-01 23:15:04,85.45
2,2025-01-01 23:15:24,85.42
2,2025-01-01 23:15:49,85.97
2,2025-01-01 23:16:12,85.03
2,2025-01-01 23:16:33,84.31
2,2025-01-01 23:16:50,84.35
2,2025-01-01 23:17:00,83.97
2,2025-01-01 23:17:13,84.79
2,2025-01-01 23:17:34,85.02
2,2025-01-01 23:17:49,84.54
2,2025-01-01 23:17:58,85.5
2,2025-01-01 23:18:08,85.27
2,2025-01-01 23:18:23,86.03
2,2025-01-01 23:18:51,85.75
2,2025-01-01 23:19:02,86.38
2,2025-01-01 23:19:24,85.39
2,2025-01-01 23:19:39,85.52
2,2025-01-01 23:19:49,85.65
2,2025-01-01 23:20:03,84.73
2,2025-01-01 23:20:20,85.45
2,2025-01-01 23:20:44,85.88
2,2025-01-01 23:20:58,85.66
2,2025-01-01 23:21:23,85.35
2,2025-01-01 23:21:37,84.99
2,2025-01-01 23:21:43,85.98
2,2025-01-01 23:21:48,85.09
2,2025-01-01 23:21:56,84.93
2,2025-01-01 23:22:13,84.79
2,2025-01-01 23:22:32,85.68
2,2025-01-01 23:23:00,86.53
2,2025-01-01 23:23:22,86.04
2,2025-01-01 23:23:47,85.5
2,2025-01-01 23:24:03,85.47
2,2025-01-01 23:24:22,86.19
2,2025-01-01 23:24:50,86.15
2,2025-01-01 23:25:02,86.82
2,2025-01-01 23:25:24,85.96
2,2025-01-01 23:25:47,86.02
2,2025-01-01 23:25:59,86.85
2,2025-01-01 23:26:04,86.95
2,2025-01-01 23:26:32,87.48
2,2025-01-01 23:26:40,87.5
2,2025-01-01 23:27:03,87.42
2,2025-01-01 23:27:18,87.45
2,2025-01-01 23:27:32,87.58
2,2025-01-01 23:27:42,87.66
2,2025-01-01 23:28:10,87.57
2,2025-01-01 23:28:25,86.92
2,2025-01-01 23:28:37,87.69
2,2025-01-01 23:28:54,88.63
2,2025-01-01 23:29:03,89.3
2,2025-01-01 23:29:25,89.55
2,2025-01-01 23:29:52,89.06
2,2025-01-01 23:30:14,88.48
2,2025-01-01 23:30:23,87.61
2,2025-01-01 23:30:30,86.75
2,2025-01-01 23:31:00,87.11
2,2025-01-01 23:31:10,87.96
2,2025-01-01 23:31:19,87.21
2,2025-01-01 23:31:47,86.69
2,2025-01-01 23:32:10,86.87
2,2025-01-01 23:32:21,87.72
2,2025-01-01 23:32:42,87.28
2,2025-01-01 23:33:12,86.98
2,2025-01-01 23:33:40,86.87
2,2025-01-01 23:33:46,86.19
2,2025-01-01 23:33:55,87.14
2,2025-01-01 23:34:00,88.13
2,2025-01-01 23:34:21,87.33
2,2025-01-01 23:34:32,87.92
2,2025-01-01 23:34:40,87.9
2,2025-01-01 23:34:59,87.77
2,2025-01-01 23:35:28,88.19
2,2025-01-01 23:35:46,87.49
2,2025-01-01 23:35:55,86.9
2,2025-01-01 23:36:09,86.36
2,2025-01-01 23:36:24,85.55
2,2025-01-01 23:36:45,85.09
2,2025-01-01 23:37:07,84.32
2,2025-01-01 23:37:24,84.0
2,2025-01-01 23:37:53,83.25
2,2025-01-01 23:38:13,83.86
2,2025-01-01 23:38:42,84.07
2,2025-01-01 23:39:09,83.62
2,2025-01-01 23:39:15,83.36
2,2025-01-01 23:39:32,83.03
2,2025-01-01 23:39:46,82.39
2,2025-01-01 23:40:06,82.29
2,2025-01-01 23:40:22,81.39
2,2025-01-01 23:40:51,81.82
2,2025-01-01 23:41:11,81.78
2,2025-01-01 23:41:29,81.25
2,2025-01-01 23:41:45,82.24
2,2025-01-01 23:41:55,81.32
2,2025-01-01 23:42:08,82.13
2,2025-01-01 23:42:38,82.48
2,2025-01-01 23:43:03,82.24
2,2025-01-01 23:43:29,82.02
2,2025-01-01 23:43:39,82.18
2,2025-01-01 23:44:03,82.94
2,2025-01-01 23:44:33,82.78
2,2025-01-01 23:44:43,82.21
2,2025-01-01 23:44:52,82.65
2,2025-01-01 23:45:22,82.56
2,2025-01-01 23:45:36,81.56
2,2025-01-01 23:45:50,80.69
2,2025-01-01 23:46:04,81.0
2,2025-01-01 23:46:21,80.99
2,2025-01-01 23:46:37,80.5
2,2025-01-01 23:46:44,80.85
2,2025-01-01 23:46:58,80.28
2,2025-01-01 23:47:18,79.93
2,2025-01-01 23:47:47,80.5
2,2025-01-01 23:48:14,80.5
2,2025-01-01 23:48:44,79.84
2,2025-01-01 23:49:05,78.97
2,2025-01-01 23:49:33,77.98
2,2025-01-01 23:49:49,77.36
2,2025-01-01 23:50:17,77.29
2,2025-01-01 23:50:25,77.35
2,2025-01-01 23:50:47,78.04
2,2025-01-01 23:51:10,78.42
2,2025-01-01 23:51:37,79.02
2,2025-01-01 23:52:05,79.46
2,2025-01-01 23:52:27,80.42
2,2025-01-01 23:52:50,79.52
2,2025-01-01 23:53:13,80.16
2,2025-01-01 23:53:25,80.23
2,2025-01-01 23:53:55,79.77
2,2025-01-01 23:54:22,79.82
2,2025-01-01 23:54:43,80.75
2,2025-01-01 23:54:53,81.56
2,2025-01-01 23:55:04,80.86
2,2025-01-01 23:55:11,81.3
2,2025-01-01 23:55:16,80.78
2,2025-01-01 23:55:26,81.08
2,2025-01-01 23:55:43,81.17
2,2025-01-01 23:55:54,81.79
2,2025-01-01 23:56:09,81.75
2,2025-01-01 23:56:36,80.84
2,2025-01-01 23:56:42,80.43
2,2025-01-01 23:56:54,80.53
2,2025-01-01 23:57:19,79.6
2,2025-01-01 23:57:43,80.25
2,2025-01-01 23:57:55,79.86
2,2025-01-01 23:58:10,80.46
2,2025-01-01 23:58:22,80.16
2,2025-01-01 23:58:42,79.81
2,2025-01-01 23:58:53,78.83
2,2025-01-01 23:59:15,78.61
2,2025-01-01 23:59:22,78.2
2,2025-01-01 23:59:42,77.96
2,2025-01-02 00:00:06,77.82
2,2025-01-02 00:00:36,77.42
2,2025-01-02 00:00:44,78.07
2,2025-01-02 00:01:02,78.97
2,2025-01-02 00:01:30,79.94
2,2025-01-02 00:01:45,80.01
2,2025-01-02 00:01:56,79.99
2,2025-01-02 00:02:06,79.35
2,2025-01-02 00:02:12,80.22
2,2025-01-02 00:02:19,79.99
2,2025-01-02 00:02:29,80.05
2,2025-01-02 00:02:42,79.1
2,2025-01-02 00:03:12,79.9
2,2025-01-02 00:03:42,79.79
2,2025-01-02 00:04:00,79.29
2,2025-01-02 00:04:16,79.44
2,2025-01-02 00:04:21,79.41
2,2025-01-02 00:04:45,79.04
2,2025-01-02 00:05:15,79.26
2,2025-01-02 00:05:39,79.58
2,2025-01-02 00:06:09,80.35
2,2025-01-02 00:06:35,80.36
2,2025-01-02 00:06:52,80.82
2,2025-01-02 00:07:10,81.78
2,2025-01-02 00:07:33,81.93
2,2025-01-02 00:07:41,82.7
2,2025-01-02 00:07:52,82.18
2,2025-01-02 00:08:07,81.92
2,2025-01-02 00:08:30,82.22
2,2025-01-02 00:08:46,81.34
2,2025-01-02 00:09:06,80.61
2,2025-01-02 00:09:31,80.1
2,2025-01-02 00:09:41,80.29
2,2025-01-02 00:09:58,79.46
2,2025-01-02 00:10:27,79.52
2,2025-01-02 00:10:54,80.13
2,2025-01-02 00:11:06,79.26
2,2025-01-02 00:11:22,79.28
2,2025-01-02 00:11:51,78.34
2,2025-01-02 00:11:56,79.1
2,2025-01-02 00:12:23,79.38
2,2025-01-02 00:12:29,80.13
2,2025-01-02 00:12:48,81.09
2,2025-01-02 00:13:05,80.82
2,2025-01-02 00:13:30,81.0
2,2025-01-02 00:13:36,80.26
2,2025-01-02 00:13:55,79.98
2,2025-01-02 00:14:22,79.52
2,2025-01-02 00:14:34,80.38
2,2025-01-02 00:14:39,80.35
3,2025-01-01 00:00:00,37.0
3,2025-01-01 00:00:29,36.01
3,2025-01-01 00:00:56,36.62
3,2025-01-01 00:01:06,37.0
3,2025-01-01 00:01:21,36.51
3,2025-01-01 00:01:31,35.56
3,2025-01-01 00:01:58,35.38
3,2025-01-01 00:02:19,35.64
3,2025-01-01 00:02:37,35.85
3,2025-01-01 00:02:48,35.64
3,2025-01-01 00:03:16,36.36
3,2025-01-01 00:03:31,36.14
3,2025-01-01 00:03:48,36.66
3,2025-01-01 00:04:11,35.7
3,2025-01-01 00:04:17,35.32
3,2025-01-01 00:04:26,34.35
3,2025-01-01 00:04:56,33.81
3,2025-01-01 00:05:03,34.12
3,2025-01-01 00:05:11,34.66
3,2025-01-01 00:05:23,34.7
3,2025-01-01 00:05:36,34.42
3,2025-01-01 00:05:57,34.17
3,2025-01-01 00:06:24,33.32
3,2025-01-01 00:06:39,33.57
3,2025-01-01 00:06:58,33.25
3,2025-01-01 00:07:19,33.31
3,2025-01-01 00:07:30,33.4
3,2025-01-01 00:07:40,33.69
3,2025-01-01 00:07:54,33.06
3,2025-01-01 00:08:11,33.24
3,2025-01-01 00:08:21,33.22
3,2025-01-01 00:08:43,33.97
3,2025-01-01 00:09:04,34.47
3,2025-01-01 00:09:24,34.33
3,2025-01-01 00:09:37,34.46
3,2025-01-01 00:10:07,34.88
3,2025-01-01 00:10:25,34.13
3,2025-01-01 00:10:49,33.89
3,2025-01-01 00:11:11,33.1
3,2025-01-01 00:11:27,34.03
3,2025-01-01 00:11:54,34.75
3,2025-01-01 00:12:10,35.0
3,2025-01-01 00:12:16,35.42
3,2025-01-01 00:12:40,34.44
3,2025-01-01 00:12:49,34.56
3,2025-01-01 00:13:19,33.76
3,2025-01-01 00:13:42,34.61
3,2025-01-01 00:14:04,35.39
3,2025-01-01 00:14:17,36.2
3,2025-01-01 00:14:38,37.05
3,2025-01-01 00:14:43,37.19
3,2025-01-01 00:15:13,36.38
3,2025-01-01 00:15:31,35.48
3,2025-01-01 00:15:57,35.67
3,2025-01-01 00:16:08,36.66
3,2025-01-01 00:16:35,35.93
3,2025-01-01 00:16:55,35.08
3,2025-01-01 00:17:04,34.62
3,2025-01-01 00:17:16,35.2
3,2025-01-01 00:17:30,34.49
3,2025-01-01 00:17:43,35.09
3,2025-01-01 00:18:07,35.26
3,2025-01-01 00:18:13,34.8
3,2025-01-01 00:18:33,35.17
3,2025-01-01 00:18:57,34.55
3,2025-01-01 00:19:16,34.51
3,2025-01-01 00:19:40,34.22
3,2025-01-01 00:19:58,33.39
3,2025-01-01 00:20:27,34.08
3,2025-01-01 00:20:52,33.68
3,2025-01-01 00:21:22,34.55
3,2025-01-01 00:21:38,35.21
3,2025-01-01 00:21:44,34.38
3,2025-01-01 00:21:49,34.01
3,2025-01-01 00:22:17,33.15
3,2025-01-01 00:22:37,33.97
3,2025-01-01 00:22:46,32.97
3,2025-01-01 00:23:08,32.49
3,2025-01-01 00:23:26,31.85
3,2025-01-01 00:23:32,31.76
3,2025-01-01 00:23:42,32.58
3,2025-01-01 00:23:52,33.41
3,2025-01-01 00:24:05,33.82
3,2025-01-01 00:24:22,33.49
3,2025-01-01 00:24:51,33.88
3,2025-01-01 00:25:19,33.08
3,2025-01-01 00:25:27,33.7
3,2025-01-01 00:25:46,34.51
3,2025-01-01 00:26:13,34.84
3,2025-01-01 00:26:43,35.82
3,2025-01-01 00:27:06,35.14
3,2025-01-01 00:27:15,35.71
3,2025-01-01 00:27:38,35.97
3,2025-01-01 00:27:46,36.67
3,2025-01-01 00:27:56,35.8
3,2025-01-01 00:28:02,35.99
3,2025-01-01 00:28:18,36.97
3,2025-01-01 00:28:39,37.02
3,2025-01-01 00:28:56,36.19
3,2025-01-01 00:29:22,36.67
3,2025-01-01 00:29:47,37.37
3,2025-01-01 00:29:55,37.44
3,2025-01-01 00:30:22,37.39
3,2025-01-01 00:30:51,37.11
3,2025-01-01 00:30:56,37.76
3,2025-01-01 00:31:20,37.29
3,2025-01-01 00:31:35,38.25
3,2025-01-01 00:31:47,37.66
3,2025-01-01 00:32:07,36.93
3,2025-01-01 00:32:34,36.51
3,2025-01-01 00:32:41,35.76
3,2025-01-01 00:32:53,36.19
3,2025-01-01 00:33:07,36.76
3,2025-01-01 00:33:29,36.22
3,2025-01-01 00:33:38,36.02
3,2025-01-01 00:33:51,36.1
3,2025-01-01 00:34:18,36.05
3,2025-01-01 00:34:32,35.56
3,2025-01-01 00:34:57,34.97
3,2025-01-01 00:35:22,35.19
3,2025-01-01 00:35:34,35.16
3,2025-01-01 00:35:52,35.56
3,2025-01-01 00:36:05,35.39
3,2025-01-01 00:36:17,35.27
3,2025-01-01 00:36:36,35.37
3,2025-01-01 00:36:54,35.06
3,2025-01-01 00:37:04,34.79
3,2025-01-01 00:37:24,35.38
3,2025-01-01 00:37:34,34.76
3,2025-01-01 00:37:56,35.21
3,2025-01-01 00:38:09,35.78
3,2025-01-01 00:38:22,36.77
3,2025-01-01 00:38:52,37.44
3,2025-01-01 00:39:09,36.96
3,2025-01-01 00:39:16,36.76
3,2025-01-01 00:39:37,37.48
3,2025-01-01 00:40:03,38.2
3,2025-01-01 00:40:17,38.9
3,2025-01-01 00:40:42,39.87
3,2025-01-01 00:41:02,40.52
3,2025-01-01 00:41:11,39.74
3,2025-01-01 00:41:27,40.08
3,2025-01-01 00:41:55,40.56
3,2025-01-01 00:42:02,40.29
3,2025-01-01 00:42:14,40.63
3,2025-01-01 00:42:26,41.17
3,2025-01-01 00:42:52,40.64
3,2025-01-01 00:42:58,40.82
3,2025-01-01 00:43:19,41.52
3,2025-01-01 00:43:44,42.29
3,2025-01-01 00:43:54,42.96
3,2025-01-01 00:44:23,42.56
3,2025-01-01 00:44:53,42.72
3,2025-01-01 00:45:18,43.26
3,2025-01-01 00:45:28,43.88
3,2025-01-01 00:45:52,43.1
3,2025-01-01 00:46:09,43.57
3,2025-01-01 00:46:14,43.04
3,2025-01-01 00:46:39,43.42
3,2025-01-01 00:46:46,43.17
3,2025-01-01 00:46:55,43.67
3,2025-01-01 00:47:19,44.61
3,2025-01-01 00:47:47,44.07
3,2025-01-01 00:47:53,44.84
3,2025-01-01 00:48:16,44.87
3,2025-01-01 00:48:39,45.52
3,2025-01-01 00:48:46,45.0
3,2025-01-01 00:49:14,44.98
3,2025-01-01 00:49:39,44.26
3,2025-01-01 00:49:56,44.5
3,2025-01-01 00:50:18,44.96
3,2025-01-01 00:50:37,44.64
3,2025-01-01 00:50:43,45.58
3,2025-01-01 00:50:55,46.21
3,2025-01-01 00:51:15,47.07
3,2025-01-01 00:51:37,47.92
3,2025-01-01 00:52:07,47.43
3,2025-01-01 00:52:16,46.96
3,2025-01-01 00:52:37,46.47
3,2025-01-01 00:53:01,47.12
3,2025-01-01 00:53:24,46.79
3,2025-01-01 00:53:30,47.66
3,2025-01-01 00:53:58,48.28
3,2025-01-01 00:54:19,48.04
3,2025-01-01 00:54:43,48.74
3,2025-01-01 00:54:54,49.39
3,2025-01-01 00:55:12,50.25
3,2025-01-01 00:55:33,49.82
3,2025-01-01 00:55:53,50.05
3,2025-01-01 00:55:59,50.51
3,2025-01-01 00:56:06,49.62
3,2025-01-01 00:56:20,49.22
3,2025-01-01 00:56:30,49.54
3,2025-01-01 00:57:00,49.2
3,2025-01-01 00:57:10,49.2
3,2025-01-01 00:57:20,48.54
3,2025-01-01 00:57:37,48.34
3,2025-01-01 00:57:49,47.89
3,2025-01-01 00:58:18,48.88
3,2025-01-01 00:58:25,48.0
3,2025-01-01 00:58:37,47.14
3,2025-01-01 00:58:53,46.47
3,2025-01-01 00:59:08,46.94
3,2025-01-01 00:59:31,46.56
3,2025-01-01 00:59:48,47.06
3,2025-01-01 00:59:53,46.29
3,2025-01-01 01:00:12,46.66
3,2025-01-01 01:00:36,46.61
3,2025-01-01 01:00:58,45.86
3,2025-01-01 01:01:25,46.52
3,2025-01-01 01:01:51,47.45
3,2025-01-01 01:02:05,46.61
3,2025-01-01 01:02:11,46.2
3,2025-01-01 01:02:28,45.53
3,2025-01-01 01:02:53,44.97
3,2025-01-01 01:03:12,44.85
3,2025-01-01 01:03:40,44.24
3,2025-01-01 01:04:02,43.95
3,2025-01-01 01:04:22,44.53
3,2025-01-01 01:04:31,43.84
3,2025-01-01 01:04:36,44.0
3,2025-01-01 01:04:50,44.16
3,2025-01-01 01:05:20,44.53
3,2025-01-01 01:05:36,43.58
3,2025-01-01 01:05:41,43.39
3,2025-01-01 01:06:09,43.39
3,2025-01-01 01:06:36,44.31
3,2025-01-01 01:07:00,44.91
3,2025-01-01 01:07:24,45.46
3,2025-01-01 01:07:42,45.42
3,2025-01-01 01:08:04,45.57
3,2025-01-01 01:08:28,45.24
3,2025-01-01 01:08:49,45.21
3,2025-01-01 01:09:01,44.71
3,2025-01-01 01:09:28,43.81
3,2025-01-01 01:09:56,44.38
3,2025-01-01 01:10:12,44.38
3,2025-01-01 01:10:28,44.16
3,2025-01-01 01:10:42,44.57
3,2025-01-01 01:11:02,45.35
3,2025-01-01 01:11:18,45.22
3,2025-01-01 01:11:46,45.31
3,2025-01-01 01:11:51,44.44
3,2025-01-01 01:12:03,43.8
3,2025-01-01 01:12:32,43.38
3,2025-01-01 01:12:42,42.57
3,2025-01-01 01:12:56,42.22
3,2025-01-01 01:13:14,42.21
3,2025-01-01 01:13:40,42.06
3,2025-01-01 01:14:04,41.45
3,2025-01-01 01:14:34,41.48
3,2025-01-01 01:14:39,41.0
3,2025-01-01 01:15:07,41.82
3,2025-01-01 01:15:13,42.11
3,2025-01-01 01:15:21,42.27
3,2025-01-01 01:15:26,41.44
3,2025-01-01 01:15:51,42.04
3,2025-01-01 01:16:12,42.16
3,2025-01-01 01:16:42,41.24
3,2025-01-01 01:17:04,42.15
3,2025-01-01 01:17:13,41.56
3,2025-01-01 01:17:37,41.53
3,2025-01-01 01:18:05,40.84
3,2025-01-01 01:18:20,40.75
3,2025-01-01 01:18:41,41.6
3,2025-01-01 01:19:06,40.84
3,2025-01-01 01:19:16,41.76
3,2025-01-01 01:19:38,41.25
3,2025-01-01 01:20:02,41.36
3,2025-01-01 01:20:25,41.53
3,2025-01-01 01:20:32,40.91
3,2025-01-01 01:20:56,41.68
3,2025-01-01 01:21:03,41.09
3,2025-01-01 01:21:12,41.84
3,2025-01-01 01:21:36,41.39
3,2025-01-01 01:21:46,42.33
3,2025-01-01 01:22:15,43.01
3,2025-01-01 01:22:23,42.13
3,2025-01-01 01:22:46,42.25
3,2025-01-01 01:23:10,42.76
3,2025-01-01 01:23:33,42.92
3,2025-01-01 01:23:44,43.09
3,2025-01-01 01:24:04,43.5
3,2025-01-01 01:24:30,43.91
3,2025-01-01 01:24:48,44.54
3,2025-01-01 01:25:06,44.02
3,2025-01-01 01:25:30,43.37
3,2025-01-01 01:25:36,42.97
3,2025-01-01 01:25:52,42.01
3,2025-01-01 01:26:22,42.66
3,2025-01-01 01:26:29,42.67
3,2025-01-01 01:26:57,43.55
3,2025-01-01 01:27:26,43.83
3,2025-01-01 01:27:36,44.13
3,2025-01-01 01:27:54,43.43
3,2025-01-01 01:28:04,42.85
3,2025-01-01 01:28:09,43.08
3,2025-01-01 01:28:16,43.32
3,2025-01-01 01:28:40,43.12
3,2025-01-01 01:28:49,42.55
3,2025-01-01 01:29:06,42.45
3,2025-01-01 01:29:15,42.59
3,2025-01-01 01:29:26,42.2
3,2025-01-01 01:29:44,41.67
3,2025-01-01 01:29:51,42.19
3,2025-01-01 01:30:02,41.3
3,2025-01-01 01:30:11,41.98
3,2025-01-01 01:30:17,41.19
3,2025-01-01 01:30:32,42.03
3,2025-01-01 01:30:59,42.18
3,2025-01-01 01:31:21,41.33
3,2025-01-01 01:31:32,40.67
3,2025-01-01 01:31:50,39.9
3,2025-01-01 01:32:19,38.97
3,2025-01-01 01:32:28,39.8
3,2025-01-01 01:32:43,40.24
3,2025-01-01 01:32:59,39.63
3,2025-01-01 01:33:13,39.8
3,2025-01-01 01:33:43,39.76
3,2025-01-01 01:34:00,40.68
3,2025-01-01 01:34:19,40.12
3,2025-01-01 01:34:27,40.43
3,2025-01-01 01:34:56,39.45
3,2025-01-01 01:35:12,40.38
3,2025-01-01 01:35:26,41.25
3,2025-01-01 01:35:35,40.53
3,2025-01-01 01:35:43,41.01
3,2025-01-01 01:36:13,40.25
3,2025-01-01 01:36:22,41.24
3,2025-01-01 01:36:27,40.85
3,2025-01-01 01:36:38,40.97
3,2025-01-01 01:36:47,41.24
3,2025-01-01 01:37:06,41.1
3,2025-01-01 01:37:24,40.35
3,2025-01-01 01:37:44,40.21
3,2025-01-01 01:37:57,40.51
3,2025-01-01 01:38:26,41.39
3,2025-01-01 01:38:53,41.43
3,2025-01-01 01:39:12,41.61
3,2025-01-01 01:39:30,41.72
3,2025-01-01 01:40:00,41.85
3,2025-01-01 01:40:06,40.91
3,2025-01-01 01:40:11,41.44
3,2025-01-01 01:40:41,40.49
3,2025-01-01 01:41:04,40.12
3,2025-01-01 01:41:23,39.74
3,2025-01-01 01:41:42,39.99
3,2025-01-01 01:41:48,40.61
3,2025-01-01 01:42:16,40.31
3,2025-01-01 01:42:40,41.22
3,2025-01-01 01:43:09,40.64
3,2025-01-01 01:43:21,40.03
3,2025-01-01 01:43:49,39.99
3,2025-01-01 01:44:08,39.95
3,2025-01-01 01:44:14,39.7
3,2025-01-01 01:44:30,39.08
3,2025-01-01 01:44:59,38.45
3,2025-01-01 01:45:19,37.7
3,2025-01-01 01:45:33,38.16
3,2025-01-01 01:45:53,37.23
3,2025-01-01 01:46:07,36.97
3,2025-01-01 01:46:19,37.83
3,2025-01-01 01:46:33,37.43
3,2025-01-01 01:46:44,36.5
3,2025-01-01 01:47:02,36.55
3,2025-01-01 01:47:21,36.63
3,2025-01-01 01:47:30,37.42
3,2025-01-01 01:47:40,37.3
3,2025-01-01 01:48:05,38.08
3,2025-01-01 01:48:15,38.17
3,2025-01-01 01:48:23,38.74
3,2025-01-01 01:48:46,38.21
3,2025-01-01 01:49:16,37.68
3,2025-01-01 01:49:37,37.82
3,2025-01-01 01:49:56,37.94
3,2025-01-01 01:50:03,37.0
3,2025-01-01 01:50:09,36.65
3,2025-01-01 01:50:27,37.38
3,2025-01-01 01:50:53,37.5
3,2025-01-01 01:51:14,38.0
3,2025-01-01 01:51:20,37.22
3,2025-01-01 01:51:48,36.52
3,2025-01-01 01:52:10,36.45
3,2025-01-01 01:52:39,37.05
3,2025-01-01 01:52:52,37.34
3,2025-01-01 01:53:12,36.87
3,2025-01-01 01:53:30,36.1
3,2025-01-01 01:53:39,35.4
3,2025-01-01 01:53:54,35.98
3,2025-01-01 01:54:23,35.96
3,2025-01-01 01:54:39,35.31
3,2025-01-01 01:54:54,34.4
3,2025-01-01 01:55:19,34.4
3,2025-01-01 01:55:47,34.99
3,2025-01-01 01:56:15,34.97
3,2025-01-01 01:56:32,35.89
3,2025-01-01 01:56:54,35.25
3,2025-01-01 01:57:00,34.98
3,2025-01-01 01:57:17,35.95
3,2025-01-01 01:57:33,35.52
3,2025-01-01 01:57:43,35.48
3,2025-01-01 01:57:51,34.63
3,2025-01-01 01:58:01,34.98
3,2025-01-01 01:58:15,35.13
3,2025-01-01 01:58:45,36.1
3,2025-01-01 01:59:09,36.38
3,2025-01-01 01:59:17,36.9
3,2025-01-01 01:59:46,35.95
3,2025-01-01 02:00:05,35.79
3,2025-01-01 02:00:15,35.14
3,2025-01-01 02:00:37,34.71
3,2025-01-01 02:00:44,34.5
3,2025-01-01 02:00:57,34.54
3,2025-01-01 02:01:15,34.76
3,2025-01-01 02:01:22,35.05
3,2025-01-01 02:01:49,36.0
3,2025-01-01 02:02:14,36.47
3,2025-01-01 02:02:41,36.14
3,2025-01-01 02:03:00,35.6
3,2025-01-01 02:03:26,35.51
3,2025-01-01 02:03:41,35.37
3,2025-01-01 02:03:59,34.46
3,2025-01-01 02:04:17,34.96
3,2025-01-01 02:04:43,35.6
3,2025-01-01 02:05:02,36.44
3,2025-01-01 02:05:12,35.76
3,2025-01-01 02:05:18,35.13
3,2025-01-01 02:05:38,34.68
3,2025-01-01 02:05:59,35.2
3,2025-01-01 02:06:19,34.96
3,2025-01-01 02:06:44,35.18
3,2025-01-01 02:06:56,35.09
3,2025-01-01 02:07:07,34.68
3,2025-01-01 02:07:32,34.76
3,2025-01-01 02:07:56,35.3
3,2025-01-01 02:08:21,35.12
3,2025-01-01 02:08:42,34.97
3,2025-01-01 02:08:47,34.24
3,2025-01-01 02:09:03,34.28
3,2025-01-01 02:09:25,34.43
3,2025-01-01 02:09:54,34.47
3,2025-01-01 02:10:15,34.83
3,2025-01-01 02:10:21,35.42
3,2025-01-01 02:10:28,34.79
3,2025-01-01 02:10:55,35.33
3,2025-01-01 02:11:14,35.48
3,2025-01-01 02:11:33,36.31
3,2025-01-01 02:11:47,37.29
3,2025-01-01 02:12:07,36.54
3,2025-01-01 02:12:35,36.19
3,2025-01-01 02:12:52,36.78
3,2025-01-01 02:13:18,37.51
3,2025-01-01 02:13:40,37.57
3,2025-01-01 02:13:47,37.83
3,2025-01-01 02:14:13,38.44
3,2025-01-01 02:14:24,38.43
3,2025-01-01 02:14:34,37.85
3,2025-01-01 02:14:49,38.04
3,2025-01-01 02:14:55,37.09
3,2025-01-01 02:15:24,36.22
3,2025-01-01 02:15:50,35.55
3,2025-01-01 02:16:20,36.36
3,2025-01-01 02:16:30,35.84
3,2025-01-01 02:16:46,34.99
3,2025-01-01 02:17:13,35.43
3,2025-01-01 02:17:42,36.09
3,2025-01-01 02:17:57,36.15
3,2025-01-01 02:18:15,35.85
3,2025-01-01 02:18:24,35.84
3,2025-01-01 02:18:40,35.01
3,2025-01-01 02:18:52,34.46
3,2025-01-01 02:19:08,34.83
3,2025-01-01 02:19:17,34.15
3,2025-01-01 02:19:22,34.34
3,2025-01-01 02:19:44,33.45
3,2025-01-01 02:19:59,33.45
3,2025-01-01 02:20:14,33.27
3,2025-01-01 02:20:38,33.61
3,2025-01-01 02:20:44,34.1
3,2025-01-01 02:21:10,33.81
3,2025-01-01 02:21:29,32.86
3,2025-01-01 02:21:43,31.88
3,2025-01-01 02:22:00,30.93
3,2025-01-01 02:22:19,31.47
3,2025-01-01 02:22:30,30.6
3,2025-01-01 02:22:39,30.28
3,2025-01-01 02:22:50,30.66
3,2025-01-01 02:23:12,29.74
3,2025-01-01 02:23:30,29.5
3,2025-01-01 02:23:49,29.46
3,2025-01-01 02:24:07,30.09
3,2025-01-01 02:24:23,30.08
3,2025-01-01 02:24:53,30.77
3,2025-01-01 02:25:08,31.41
3,2025-01-01 02:25:19,31.38
3,2025-01-01 02:25:46,31.46
3,2025-01-01 02:26:09,32.0
3,2025-01-01 02:26:27,32.26
3,2025-01-01 02:26:51,32.99
3,2025-01-01 02:27:12,33.77
3,2025-01-01 02:27:40,33.08
3,2025-01-01 02:28:03,32.99
3,2025-01-01 02:28:17,33.92
3,2025-01-01 02:28:38,34.51
3,2025-01-01 02:28:58,34.42
3,2025-01-01 02:29:09,35.38
3,2025-01-01 02:29:21,36.02
3,2025-01-01 02:29:51,35.25
3,2025-01-01 02:30:05,35.57
3,2025-01-01 02:30:34,34.86
3,2025-01-01 02:30:53,33.97
3,2025-01-01 02:31:02,33.06
3,2025-01-01 02:31:23,33.14
3,2025-01-01 02:31:32,33.0
3,2025-01-01 02:31:37,32.45
3,2025-01-01 02:32:05,33.08
3,2025-01-01 02:32:21,34.0
3,2025-01-01 02:32:43,33.05
3,2025-01-01 02:33:00,32.97
3,2025-01-01 02:33:23,32.01
3,2025-01-01 02:33:38,32.11
3,2025-01-01 02:33:54,32.35
3,2025-01-01 02:34:08,31.89
3,2025-01-01 02:34:21,31.75
3,2025-01-01 02:34:51,32.03
3,2025-01-01 02:35:04,32.2
3,2025-01-01 02:35:12,33.09
3,2025-01-01 02:35:39,33.36
3,2025-01-01 02:36:05,34.32
3,2025-01-01 02:36:14,33.42
3,2025-01-01 02:36:38,33.49
3,2025-01-01 02:36:43,32.74
3,2025-01-01 02:37:01,32.79
3,2025-01-01 02:37:20,31.93
3,2025-01-01 02:37:44,32.64
3,2025-01-01 02:37:54,32.73
3,2025-01-01 02:38:08,33.43
3,2025-01-01 02:38:37,34.08
3,2025-01-01 02:38:58,34.1
3,2025-01-01 02:39:08,33.77
3,2025-01-01 02:39:28,34.15
3,2025-01-01 02:39:46,33.98
3,2025-01-01 02:40:08,34.69
3,2025-01-01 02:40:18,35.31
3,2025-01-01 02:40:29,34.63
3,2025-01-01 02:40:35,33.75
3,2025-01-01 02:40:54,33.38
3,2025-01-01 02:41:08,32.75
3,2025-01-01 02:41:16,33.25
3,2025-01-01 02:41:39,33.21
3,2025-01-01 02:41:49,33.17
3,2025-01-01 02:42:09,33.92
3,2025-01-01 02:42:24,34.92
3,2025-01-01 02:42:43,35.76
3,2025-01-01 02:42:58,35.71
3,2025-01-01 02:43:08,36.69
3,2025-01-01 02:43:15,35.84
3,2025-01-01 02:43:37,36.74
3,2025-01-01 02:43:59,35.92
3,2025-01-01 02:44:16,36.0
3,2025-01-01 02:44:30,36.89
3,2025-01-01 02:44:50,37.17
3,2025-01-01 02:45:05,38.12
3,2025-01-01 02:45:23,38.32
3,2025-01-01 02:45:34,37.7
3,2025-01-01 02:45:44,36.79
3,2025-01-01 02:45:54,36.97
3,2025-01-01 02:46:08,37.33
3,2025-01-01 02:46:34,36.79
3,2025-01-01 02:46:50,37.44
3,2025-01-01 02:47:09,37.58
3,2025-01-01 02:47:38,37.74
3,2025-01-01 02:48:07,38.14
3,2025-01-01 02:48:22,38.41
3,2025-01-01 02:48:34,38.15
3,2025-01-01 02:48:59,38.19
3,2025-01-01 02:49:07,37.37
3,2025-01-01 02:49:23,36.88
3,2025-01-01 02:49:51,37.74
3,2025-01-01 02:50:05,37.51
3,2025-01-01 02:50:11,37.94
3,2025-01-01 02:50:32,36.96
3,2025-01-01 02:50:53,37.34
3,2025-01-01 02:51:03,36.68
3,2025-01-01 02:51:19,37.58
3,2025-01-01 02:51:36,38.3
3,2025-01-01 02:51:48,37.95
3,2025-01-01 02:51:54,37.06
3,2025-01-01 02:52:24,37.21
3,2025-01-01 02:52:46,36.49
3,2025-01-01 02:52:55,35.5
3,2025-01-01 02:53:18,34.52
3,2025-01-01 02:53:30,35.4
3,2025-01-01 02:53:44,35.06
3,2025-01-01 02:53:55,34.61
3,2025-01-01 02:54:01,33.69
3,2025-01-01 02:54:08,34.47
3,2025-01-01 02:54:38,35.38
3,2025-01-01 02:55:08,36.35
3,2025-01-01 02:55:25,36.27
3,2025-01-01 02:55:30,36.9
3,2025-01-01 02:55:57,37.49
3,2025-01-01 02:56:08,37.6
3,2025-01-01 02:56:24,38.24
3,2025-01-01 02:56:32,38.59
3,2025-01-01 02:56:57,38.8
3,2025-01-01 02:57:12,39.33
3,2025-01-01 02:57:35,40.17
3,2025-01-01 02:57:57,39.95
3,2025-01-01 02:58:16,39.28
3,2025-01-01 02:58:45,39.19
3,2025-01-01 02:58:53,40.19
3,2025-01-01 02:59:20,40.31
3,2025-01-01 02:59:41,40.12
3,2025-01-01 02:59:52,40.38
3,2025-01-01 02:59:58,40.83
3,2025-01-01 03:00:20,40.22
3,2025-01-01 03:00:26,40.85
3,2025-01-01 03:00:33,40.66
3,2025-01-01 03:00:48,40.94
3,2025-01-01 03:00:55,41.29
3,2025-01-01 03:01:14,40.82
3,2025-01-01 03:01:29,40.14
3,2025-01-01 03:01:54,40.92
3,2025-01-01 03:02:18,40.75
3,2025-01-01 03:02:25,41.09
3,2025-01-01 03:02:32,42.03
3,2025-01-01 03:02:43,42.66
3,2025-01-01 03:02:57,42.91
3,2025-01-01 03:03:09,43.15
3,2025-01-01 03:03:15,42.92
3,2025-01-01 03:03:41,42.98
3,2025-01-01 03:03:52,43.5
3,2025-01-01 03:03:59,43.39
3,2025-01-01 03:04:15,43.92
3,2025-01-01 03:04:24,44.03
3,2025-01-01 03:04:42,44.06
3,2025-01-01 03:04:47,44.37
3,2025-01-01 03:04:53,43.94
3,2025-01-01 03:05:14,43.89
3,2025-01-01 03:05:37,44.05
3,2025-01-01 03:05:56,44.77
3,2025-01-01 03:06:17,44.25
3,2025-01-01 03:06:28,44.27
3,2025-01-01 03:06:51,44.3
3,2025-01-01 03:06:57,44.91
3,2025-01-01 03:07:14,45.78
3,2025-01-01 03:07:41,46.05
3,2025-01-01 03:07:53,46.83
3,2025-01-01 03:08:12,46.52
3,2025-01-01 03:08:36,47.12
3,2025-01-01 03:08:58,47.84
3,2025-01-01 03:09:18,48.53
3,2025-01-01 03:09:48,48.38
3,2025-01-01 03:10:10,47.6
3,2025-01-01 03:10:35,48.58
3,2025-01-01 03:10:57,48.85
3,2025-01-01 03:11:25,48.04
3,2025-01-01 03:11:46,48.63
3,2025-01-01 03:12:00,48.89
3,2025-01-01 03:12:17,48.51
3,2025-01-01 03:12:47,47.59
3,2025-01-01 03:13:16,47.53
3,2025-01-01 03:13:29,47.97
3,2025-01-01 03:13:47,47.92
3,2025-01-01 03:14:07,48.68
3,2025-01-01 03:14:13,47.73
3,2025-01-01 03:14:31,46.88
3,2025-01-01 03:14:52,46.47
3,2025-01-01 03:15:05,46.52
3,2025-01-01 03:15:20,46.93
3,2025-01-01 03:15:38,47.03
3,2025-01-01 03:15:59,46.92
3,2025-01-01 03:16:25,47.03
3,2025-01-01 03:16:41,47.79
3,2025-01-01 03:16:50,47.72
3,2025-01-01 03:17:03,48.57
3,2025-01-01 03:17:24,48.96
3,2025-01-01 03:17:44,48.22
3,2025-01-01 03:18:04,47.53
3,2025-01-01 03:18:19,48.29
3,2025-01-01 03:18:36,49.21
3,2025-01-01 03:18:58,49.15
3,2025-01-01 03:19:07,48.19
3,2025-01-01 03:19:23,47.27
3,2025-01-01 03:19:37,48.16
3,2025-01-01 03:20:06,48.51
3,2025-01-01 03:20:28,48.24
3,2025-01-01 03:20:36,48.1
3,2025-01-01 03:20:56,47.11
3,2025-01-01 03:21:16,46.12
3,2025-01-01 03:21:34,46.66
3,2025-01-01 03:22:03,46.24
3,2025-01-01 03:22:25,46.07
3,2025-01-01 03:22:45,46.26
3,2025-01-01 03:23:03,46.89
3,2025-01-01 03:23:29,47.22
3,2025-01-01 03:23:36,47.09
3,2025-01-01 03:23:55,47.26
3,2025-01-01 03:24:09,47.23
3,2025-01-01 03:24:26,46.83
3,2025-01-01 03:24:42,46.49
3,2025-01-01 03:25:01,45.82
3,2025-01-01 03:25:13,45.67
3,2025-01-01 03:25:41,46.31
3,2025-01-01 03:25:55,46.31
3,2025-01-01 03:26:21,45.72
3,2025-01-01 03:26:41,46.71
3,2025-01-01 03:27:00,46.76
3,2025-01-01 03:27:12,47.59
3,2025-01-01 03:27:33,47.97
3,2025-01-01 03:27:49,48.63
3,2025-01-01 03:28:10,48.42
3,2025-01-01 03:28:31,48.12
3,2025-01-01 03:28:56,48.57
3,2025-01-01 03:29:05,48.75
3,2025-01-01 03:29:28,49.42
3,2025-01-01 03:29:40,49.31
3,2025-01-01 03:29:56,50.1
3,2025-01-01 03:30:05,50.31
3,2025-01-01 03:30:28,49.8
3,2025-01-01 03:30:49,50.77
3,2025-01-01 03:31:03,50.98
3,2025-01-01 03:31:28,51.34
3,2025-01-01 03:31:54,50.45
3,2025-01-01 03:32:20,51.32
3,2025-01-01 03:32:46,51.55
3,2025-01-01 03:32:53,52.4
3,2025-01-01 03:33:19,52.72
3,2025-01-01 03:33:38,52.28
3,2025-01-01 03:33:43,52.32
3,2025-01-01 03:33:57,52.39
3,2025-01-01 03:34:06,52.14
3,2025-01-01 03:34:17,52.21
3,2025-01-01 03:34:39,52.15
3,2025-01-01 03:35:07,52.11
3,2025-01-01 03:35:14,51.58
3,2025-01-01 03:35:22,50.69
3,2025-01-01 03:35:41,50.04
3,2025-01-01 03:35:51,50.11
3,2025-01-01 03:36:13,49.32
3,2025-01-01 03:36:35,48.65
3,2025-01-01 03:37:03,48.74
3,2025-01-01 03:37:13,48.17
3,2025-01-01 03:37:18,47.28
3,2025-01-01 03:37:31,46.41
3,2025-01-01 03:37:45,46.63
3,2025-01-01 03:38:00,47.41
3,2025-01-01 03:38:30,46.86
3,2025-01-01 03:38:38,47.15
3,2025-01-01 03:38:50,47.87
3,2025-01-01 03:39:08,48.29
3,2025-01-01 03:39:28,48.68
3,2025-01-01 03:39:54,49.22
3,2025-01-01 03:40:02,49.47
3,2025-01-01 03:40:25,48.82
3,2025-01-01 03:40:48,48.91
3,2025-01-01 03:41:08,48.68
3,2025-01-01 03:41:16,49.37
3,2025-01-01 03:41:32,49.94
3,2025-01-01 03:41:48,50.78
3,2025-01-01 03:41:55,50.91
3,2025-01-01 03:42:03,50.6
3,2025-01-01 03:42:31,50.58
3,2025-01-01 03:42:49,50.06
3,2025-01-01 03:43:07,49.71
3,2025-01-01 03:43:37,50.39
3,2025-01-01 03:43:49,49.77
3,2025-01-01 03:44:16,50.17
3,2025-01-01 03:44:46,49.75
3,2025-01-01 03:44:55,49.75
3,2025-01-01 03:45:12,50.36
3,2025-01-01 03:45:28,50.11
3,2025-01-01 03:45:54,49.42
3,2025-01-01 03:46:09,49.15
3,2025-01-01 03:46:36,49.1
3,2025-01-01 03:46:56,49.12
3,2025-01-01 03:47:04,48.29
3,2025-01-01 03:47:27,47.45
3,2025-01-01 03:47:51,47.66
3,2025-01-01 03:48:05,46.85
3,2025-01-01 03:48:34,47.12
3,2025-01-01 03:48:40,47.72
3,2025-01-01 03:48:59,47.9
3,2025-01-01 03:49:21,47.31
3,2025-01-01 03:49:45,48.07
3,2025-01-01 03:50:10,48.34
3,2025-01-01 03:50:29,48.19
3,2025-01-01 03:50:44,48.67
3,2025-01-01 03:50:51,48.0
3,2025-01-01 03:51:07,48.71
3,2025-01-01 03:51:34,49.16
3,2025-01-01 03:51:53,49.2
3,2025-01-01 03:51:59,48.25
3,2025-01-01 03:52:16,48.16
3,2025-01-01 03:52:45,47.44
3,2025-01-01 03:52:57,47.33
3,2025-01-01 03:53:24,47.68
3,2025-01-01 03:53:36,47.17
3,2025-01-01 03:53:42,47.31
3,2025-01-01 03:53:47,48.06
3,2025-01-01 03:54:15,48.98
3,2025-01-01 03:54:44,48.38
3,2025-01-01 03:55:03,48.81
3,2025-01-01 03:55:21,49.64
3,2025-01-01 03:55:50,48.66
3,2025-01-01 03:55:55,48.79
3,2025-01-01 03:56:14,49.18
3,2025-01-01 03:56:29,49.98
3,2025-01-01 03:56:37,49.57
3,2025-01-01 03:56:59,48.97
3,2025-01-01 03:57:06,47.98
3,2025-01-01 03:57:29,47.24
3,2025-01-01 03:57:51,47.67
3,2025-01-01 03:58:07,47.09
3,2025-01-01 03:58:27,47.78
3,2025-01-01 03:58:34,47.48
3,2025-01-01 03:58:58,47.13
3,2025-01-01 03:59:05,47.35
3,2025-01-01 03:59:32,46.75
3,2025-01-01 03:59:41,47.6
3,2025-01-01 03:59:52,46.71
3,2025-01-01 04:00:21,47.46
3,2025-01-01 04:00:37,47.13
3,2025-01-01 04:00:49,47.47
3,2025-01-01 04:01:01,47.4
3,2025-01-01 04:01:13,47.83
3,2025-01-01 04:01:23,47.17
3,2025-01-01 04:01:43,47.22
3,2025-01-01 04:01:54,46.63
3,2025-01-01 04:01:59,45.69
3,2025-01-01 04:02:27,46.12
3,2025-01-01 04:02:54,45.32
3,2025-01-01 04:03:09,44.72
3,2025-01-01 04:03:33,44.56
3,2025-01-01 04:03:46,45.42
3,2025-01-01 04:04:16,45.81
3,2025-01-01 04:04:44,45.34
3,2025-01-01 04:05:14,44.81
3,2025-01-01 04:05:43,45.61
3,2025-01-01 04:05:57,46.56
3,2025-01-01 04:06:10,46.62
3,2025-01-01 04:06:17,47.04
3,2025-01-01 04:06:33,46.54
3,2025-01-01 04:06:52,46.46
3,2025-01-01 04:07:15,46.84
3,2025-01-01 04:07:33,47.04
3,2025-01-01 04:07:54,46.77
3,2025-01-01 04:08:06,47.6
3,2025-01-01 04:08:36,47.96
3,2025-01-01 04:09:04,47.22
3,2025-01-01 04:09:27,47.86
3,2025-01-01 04:09:56,47.9
3,2025-01-01 04:10:19,47.77
3,2025-01-01 04:10:37,48.55
3,2025-01-01 04:10:59,48.78
3,2025-01-01 04:11:09,48.26
3,2025-01-01 04:11:30,47.82
3,2025-01-01 04:11:52,48.07
3,2025-01-01 04:12:12,47.4
3,2025-01-01 04:12:19,47.21
3,2025-01-01 04:12:41,46.8
3,2025-01-01 04:12:46,46.2
3,2025-01-01 04:13:03,46.05
3,2025-01-01 04:13:23,46.89
3,2025-01-01 04:13:31,47.75
3,2025-01-01 04:13:56,47.1
3,2025-01-01 04:14:25,46.91
3,2025-01-01 04:14:52,47.36
3,2025-01-01 04:15:17,46.69
3,2025-01-01 04:15:37,46.44
3,2025-01-01 04:15:44,45.86
3,2025-01-01 04:15:56,45.25
3,2025-01-01 04:16:23,45.44
3,2025-01-01 04:16:42,45.32
3,2025-01-01 04:16:48,45.59
3,2025-01-01 04:17:02,44.85
3,2025-01-01 04:17:11,44.51
3,2025-01-01 04:17:26,44.68
3,2025-01-01 04:17:42,43.8
3,2025-01-01 04:17:53,43.85
3,2025-01-01 04:18:19,44.6
3,2025-01-01 04:18:38,43.83
3,2025-01-01 04:18:58,42.99
3,2025-01-01 04:19:28,43.75
3,2025-01-01 04:19:43,43.15
3,2025-01-01 04:19:55,43.02
3,2025-01-01 04:20:05,43.73
3,2025-01-01 04:20:29,44.2
3,2025-01-01 04:20:39,43.28
3,2025-01-01 04:21:09,44.14
3,2025-01-01 04:21:31,44.54
3,2025-01-01 04:21:49,44.56
3,2025-01-01 04:21:59,45.01
3,2025-01-01 04:22:26,45.19
3,2025-01-01 04:22:52,44.81
3,2025-01-01 04:23:05,45.01
3,2025-01-01 04:23:20,44.71
3,2025-01-01 04:23:43,45.51
3,2025-01-01 04:24:07,44.89
3,2025-01-01 04:24:21,45.09
3,2025-01-01 04:24:31,45.38
3,2025-01-01 04:24:41,46.25
3,2025-01-01 04:25:11,47.21
3,2025-01-01 04:25:35,46.64
3,2025-01-01 04:25:54,45.92
3,2025-01-01 04:26:19,46.67
3,2025-01-01 04:26:48,45.69
3,2025-01-01 04:27:08,45.2
3,2025-01-01 04:27:32,44.61
3,2025-01-01 04:27:48,44.48
3,2025-01-01 04:28:05,45.01
3,2025-01-01 04:28:34,44.25
3,2025-01-01 04:28:53,44.88
3,2025-01-01 04:29:21,44.05
3,2025-01-01 04:29:42,43.67
3,2025-01-01 04:30:10,42.85
3,2025-01-01 04:30:23,42.32
3,2025-01-01 04:30:44,43.1
3,2025-01-01 04:31:04,43.17
3,2025-01-01 04:31:17,42.42
3,2025-01-01 04:31:40,42.74
3,2025-01-01 04:32:01,42.82
3,2025-01-01 04:32:27,43.79
3,2025-01-01 04:32:35,43.77
3,2025-01-01 04:32:54,43.4
3,2025-01-01 04:33:22,42.78
3,2025-01-01 04:33:43,43.32
3,2025-01-01 04:33:49,43.44
3,2025-01-01 04:33:55,43.04
3,2025-01-01 04:34:22,43.55
3,2025-01-01 04:34:34,43.14
3,2025-01-01 04:34:58,42.62
3,2025-01-01 04:35:22,43.35
3,2025-01-01 04:35:37,44.26
3,2025-01-01 04:36:04,44.88
3,2025-01-01 04:36:30,44.2
3,2025-01-01 04:36:49,44.9
3,2025-01-01 04:37:17,45.66
3,2025-01-01 04:37:37,45.59
3,2025-01-01 04:37:56,45.21
3,2025-01-01 04:38:02,45.32
3,2025-01-01 04:38:22,45.83
3,2025-01-01 04:38:52,45.16
3,2025-01-01 04:39:13,44.21
3,2025-01-01 04:39:29,45.09
3,2025-01-01 04:39:52,44.81
3,2025-01-01 04:40:04,44.84
3,2025-01-01 04:40:20,44.81
3,2025-01-01 04:40:49,45.23
3,2025-01-01 04:40:56,44.24
3,2025-01-01 04:41:25,44.87
3,2025-01-01 04:41:47,44.93
3,2025-01-01 04:41:55,44.91
3,2025-01-01 04:42:04,45.02
3,2025-01-01 04:42:30,44.72
3,2025-01-01 04:42:44,44.7
3,2025-01-01 04:43:06,44.25
3,2025-01-01 04:43:28,43.25
3,2025-01-01 04:43:37,43.17
3,2025-01-01 04:43:57,43.1
3,2025-01-01 04:44:08,42.84
3,2025-01-01 04:44:26,42.11
3,2025-01-01 04:44:47,42.23
3,2025-01-01 04:45:00,42.51
3,2025-01-01 04:45:12,42.96
3,2025-01-01 04:45:25,42.64
3,2025-01-01 04:45:35,43.02
3,2025-01-01 04:45:47,43.56
3,2025-01-01 04:46:12,43.29
3,2025-01-01 04:46:20,44.12
3,2025-01-01 04:46:31,44.81
3,2025-01-01 04:46:51,44.33
3,2025-01-01 04:46:58,44.55
3,2025-01-01 04:47:13,45.02
3,2025-01-01 04:47:29,44.28
3,2025-01-01 04:47:42,43.9
3,2025-01-01 04:48:11,44.62
3,2025-01-01 04:48:19,43.85
3,2025-01-01 04:48:36,43.38
3,2025-01-01 04:48:55,44.18
3,2025-01-01 04:49:04,43.64
3,2025-01-01 04:49:31,42.81
3,2025-01-01 04:49:44,42.8
3,2025-01-01 04:50:03,43.35
3,2025-01-01 04:50:18,42.44
3,2025-01-01 04:50:33,43.05
3,2025-01-01 04:50:40,43.77
3,2025-01-01 04:51:03,43.68
3,2025-01-01 04:51:29,44.29
3,2025-01-01 04:51:55,43.7
3,2025-01-01 04:52:01,44.43
3,2025-01-01 04:52:19,44.84
3,2025-01-01 04:52:27,45.43
3,2025-01-01 04:52:57,46.2
3,2025-01-01 04:53:19,45.98
3,2025-01-01 04:53:47,45.55
3,2025-01-01 04:54:14,45.96
3,2025-01-01 04:54:20,46.46
3,2025-01-01 04:54:47,46.21
3,2025-01-01 04:55:08,45.92
3,2025-01-01 04:55:20,45.85
3,2025-01-01 04:55:41,46.29
3,2025-01-01 04:55:54,46.56
3,2025-01-01 04:56:21,47.48
3,2025-01-01 04:56:45,47.97
3,2025-01-01 04:57:03,48.21
3,2025-01-01 04:57:23,48.6
3,2025-01-01 04:57:30,48.28
3,2025-01-01 04:58:00,48.33
3,2025-01-01 04:58:15,48.19
3,2025-01-01 04:58:29,48.75
3,2025-01-01 04:58:54,47.81
3,2025-01-01 04:59:09,47.35
3,2025-01-01 04:59:26,48.19
3,2025-01-01 04:59:40,48.1
3,2025-01-01 04:59:55,48.91
3,2025-01-01 05:00:01,49.32
3,2025-01-01 05:00:21,49.03
3,2025-01-01 05:00:43,48.26
3,2025-01-01 05:01:12,48.76
3,2025-01-01 05:01:32,49.36
3,2025-01-01 05:01:50,49.2
3,2025-01-01 05:02:20,48.63
3,2025-01-01 05:02:25,48.83
3,2025-01-01 05:02:32,49.08
3,2025-01-01 05:02:39,49.91
3,2025-01-01 05:03:05,50.48
3,2025-01-01 05:03:18,50.51
3,2025-01-01 05:03:34,51.22
3,2025-01-01 05:03:44,50.75
3,2025-01-01 05:04:14,51.52
3,2025-01-01 05:04:43,51.8
3,2025-01-01 05:05:13,52.29
3,2025-01-01 05:05:21,51.93
3,2025-01-01 05:05:44,50.94
3,2025-01-01 05:05:56,51.57
3,2025-01-01 05:06:18,50.63
3,2025-01-01 05:06:45,50.55
3,2025-01-01 05:07:12,51.4
3,2025-01-01 05:07:19,51.1
3,2025-01-01 05:07:35,51.61
3,2025-01-01 05:08:00,50.83
3,2025-01-01 05:08:08,50.07
3,2025-01-01 05:08:28,50.68
3,2025-01-01 05:08:34,50.23
3,2025-01-01 05:08:51,50.43
3,2025-01-01 05:09:14,51.13
3,2025-01-01 05:09:28,50.78
3,2025-01-01 05:09:57,51.33
3,2025-01-01 05:10:25,50.75
3,2025-01-01 05:10:36,50.24
3,2025-01-01 05:10:48,50.66
3,2025-01-01 05:10:58,50.85
3,2025-01-01 05:11:11,51.78
3,2025-01-01 05:11:37,52.46
3,2025-01-01 05:11:55,51.87
3,2025-01-01 05:12:22,51.36
3,2025-01-01 05:12:29,51.89
3,2025-01-01 05:12:52,52.28
3,2025-01-01 05:13:01,52.07
3,2025-01-01 05:13:15,51.24
3,2025-01-01 05:13:42,50.48
3,2025-01-01 05:14:10,51.1
3,2025-01-01 05:14:15,51.62
3,2025-01-01 05:14:24,51.17
3,2025-01-01 05:14:54,50.18
3,2025-01-01 05:15:20,50.32
3,2025-01-01 05:15:29,50.38
3,2025-01-01 05:15:56,49.77
3,2025-01-01 05:16:10,49.94
3,2025-01-01 05:16:15,49.79
3,2025-01-01 05:16:36,50.66
3,2025-01-01 05:16:45,51.0
3,2025-01-01 05:16:51,51.09
3,2025-01-01 05:17:16,51.21
3,2025-01-01 05:17:39,50.24
3,2025-01-01 05:17:47,50.18
3,2025-01-01 05:17:55,50.97
3,2025-01-01 05:18:07,51.82
3,2025-01-01 05:18:27,51.25
3,2025-01-01 05:18:39,50.48
3,2025-01-01 05:18:55,50.38
3,2025-01-01 05:19:12,50.11
3,2025-01-01 05:19:21,50.68
3,2025-01-01 05:19:35,50.61
3,2025-01-01 05:19:52,51.09
3,2025-01-01 05:19:57,50.72
3,2025-01-01 05:20:04,50.45
3,2025-01-01 05:20:33,50.69
3,2025-01-01 05:20:54,50.18
3,2025-01-01 05:21:20,49.62
3,2025-01-01 05:21:27,50.44
3,2025-01-01 05:21:55,50.18
3,2025-01-01 05:22:15,50.93
3,2025-01-01 05:22:35,51.3
3,2025-01-01 05:22:41,51.18
3,2025-01-01 05:23:05,50.8
3,2025-01-01 05:23:12,51.45
3,2025-01-01 05:23:36,52.08
3,2025-01-01 05:23:52,51.96
3,2025-01-01 05:24:07,51.97
3,2025-01-01 05:24:27,52.31
3,2025-01-01 05:24:36,51.31
3,2025-01-01 05:24:57,51.19
3,2025-01-01 05:25:05,50.64
3,2025-01-01 05:25:11,51.15
3,2025-01-01 05:25:38,51.89
3,2025-01-01 05:26:00,52.77
3,2025-01-01 05:26:12,51.99
3,2025-01-01 05:26:42,51.47
3,2025-01-01 05:26:50,51.57
3,2025-01-01 05:26:58,52.11
3,2025-01-01 05:27:24,51.86
3,2025-01-01 05:27:32,51.11
3,2025-01-01 05:27:57,50.92
3,2025-01-01 05:28:03,51.58
3,2025-01-01 05:28:31,52.39
3,2025-01-01 05:28:45,52.9
3,2025-01-01 05:29:13,53.81
3,2025-01-01 05:29:32,53.0
3,2025-01-01 05:29:57,52.7
3,2025-01-01 05:30:13,53.67
3,2025-01-01 05:30:20,52.93
3,2025-01-01 05:30:35,52.44
3,2025-01-01 05:30:55,51.95
3,2025-01-01 05:31:07,51.24
3,2025-01-01 05:31:22,50.33
3,2025-01-01 05:31:45,51.06
3,2025-01-01 05:32:10,51.67
3,2025-01-01 05:32:30,51.85
3,2025-01-01 05:32:39,51.32
3,2025-01-01 05:32:50,51.23
3,2025-01-01 05:33:04,50.93
3,2025-01-01 05:33:31,50.86
3,2025-01-01 05:34:01,50.49
3,2025-01-01 05:34:08,49.93
3,2025-01-01 05:34:15,50.86
3,2025-01-01 05:34:45,51.1
3,2025-01-01 05:35:02,50.93
3,2025-01-01 05:35:07,50.57
3,2025-01-01 05:35:20,49.84
3,2025-01-01 05:35:27,50.46
3,2025-01-01 05:35:48,50.87
3,2025-01-01 05:35:58,50.31
3,2025-01-01 05:36:04,49.73
3,2025-01-01 05:36:26,48.98
3,2025-01-01 05:36:36,48.68
3,2025-01-01 05:36:49,48.82
3,2025-01-01 05:37:01,48.38
3,2025-01-01 05:37:20,48.6
3,2025-01-01 05:37:46,49.58
3,2025-01-01 05:38:16,49.43
3,2025-01-01 05:38:21,49.78
3,2025-01-01 05:38:47,50.46
3,2025-01-01 05:38:54,50.77
3,2025-01-01 05:39:18,50.81
3,2025-01-01 05:39:37,50.73
3,2025-01-01 05:39:55,50.63
3,2025-01-01 05:40:24,50.32
3,2025-01-01 05:40:42,50.61
3,2025-01-01 05:41:05,50.03
3,2025-01-01 05:41:35,50.06
3,2025-01-01 05:41:55,49.79
3,2025-01-01 05:42:14,50.63
3,2025-01-01 05:42:20,50.83
3,2025-01-01 05:42:30,51.3
3,2025-01-01 05:42:53,50.88
3,2025-01-01 05:43:01,51.29
3,2025-01-01 05:43:25,51.7
3,2025-01-01 05:43:49,51.36
3,2025-01-01 05:43:55,52.33
3,2025-01-01 05:44:21,53.32
3,2025-01-01 05:44:42,52.77
3,2025-01-01 05:44:47,53.72
3,2025-01-01 05:44:57,52.93
3,2025-01-01 05:45:10,52.29
3,2025-01-01 05:45:31,51.37
3,2025-01-01 05:45:58,50.38
3,2025-01-01 05:46:18,49.41
3,2025-01-01 05:46:43,49.09
3,2025-01-01 05:47:01,49.6
3,2025-01-01 05:47:06,49.54
3,2025-01-01 05:47:13,49.73
3,2025-01-01 05:47:34,50.6
3,2025-01-01 05:47:42,50.64
3,2025-01-01 05:48:05,50.05
3,2025-01-01 05:48:19,49.45
3,2025-01-01 05:48:49,50.42
3,2025-01-01 05:49:13,49.46
3,2025-01-01 05:49:24,49.51
3,2025-01-01 05:49:40,49.69
3,2025-01-01 05:49:51,50.27
3,2025-01-01 05:50:02,49.81
3,2025-01-01 05:50:10,49.37
3,2025-01-01 05:50:25,50.26
3,2025-01-01 05:50:53,50.24
3,2025-01-01 05:51:10,50.79
3,2025-01-01 05:51:26,49.94
3,2025-01-01 05:51:42,49.05
3,2025-01-01 05:52:07,48.48
3,2025-01-01 05:52:18,49.45
3,2025-01-01 05:52:29,49.65
3,2025-01-01 05:52:43,49.9
3,2025-01-01 05:52:58,49.77
3,2025-01-01 05:53:23,49.95
3,2025-01-01 05:53:31,48.96
3,2025-01-01 05:53:58,49.52
3,2025-01-01 05:54:21,48.94
3,2025-01-01 05:54:35,49.18
3,2025-01-01 05:54:47,48.62
3,2025-01-01 05:54:55,48.2
3,2025-01-01 05:55:00,48.96
3,2025-01-01 05:55:19,49.35
3,2025-01-01 05:55:41,48.99
3,2025-01-01 05:55:57,49.97
3,2025-01-01 05:56:11,50.74
3,2025-01-01 05:56:19,50.55
3,2025-01-01 05:56:29,50.01
3,2025-01-01 05:56:36,50.08
3,2025-01-01 05:57:01,50.32
3,2025-01-01 05:57:16,50.91
3,2025-01-01 05:57:26,50.33
3,2025-01-01 05:57:52,49.59
3,2025-01-01 05:58:00,48.68
3,2025-01-01 05:58:16,48.06
3,2025-01-01 05:58:26,48.32
3,2025-01-01 05:58:50,48.25
3,2025-01-01 05:58:55,47.39
3,2025-01-01 05:59:20,47.66
3,2025-01-01 05:59:45,47.11
3,2025-01-01 05:59:58,48.07
3,2025-01-01 06:00:09,47.79
3,2025-01-01 06:00:20,48.72
3,2025-01-01 06:00:47,48.23
3,2025-01-01 06:01:06,48.21
3,2025-01-01 06:01:28,47.56
3,2025-01-01 06:01:55,46.89
3,2025-01-01 06:02:19,45.98
3,2025-01-01 06:02:39,46.91
3,2025-01-01 06:03:09,46.05
3,2025-01-01 06:03:34,45.51
3,2025-01-01 06:03:46,45.41
3,2025-01-01 06:03:53,45.46
3,2025-01-01 06:04:02,46.14
3,2025-01-01 06:04:29,46.66
3,2025-01-01 06:04:57,47.53
3,2025-01-01 06:05:06,47.98
3,2025-01-01 06:05:21,48.85
3,2025-01-01 06:05:28,48.19
3,2025-01-01 06:05:39,47.29
3,2025-01-01 06:05:45,46.87
3,2025-01-01 06:06:02,46.14
3,2025-01-01 06:06:11,46.98
3,2025-01-01 06:06:24,47.37
3,2025-01-01 06:06:51,46.64
3,2025-01-01 06:06:58,46.34
3,2025-01-01 06:07:15,46.96
3,2025-01-01 06:07:33,46.81
3,2025-01-01 06:07:48,47.14
3,2025-01-01 06:08:16,46.98
3,2025-01-01 06:08:42,47.9
3,2025-01-01 06:08:51,47.61
3,2025-01-01 06:09:09,47.33
3,2025-01-01 06:09:39,47.77
3,2025-01-01 06:09:49,47.36
3,2025-01-01 06:10:01,47.93
3,2025-01-01 06:10:30,47.7
3,2025-01-01 06:10:50,48.43
3,2025-01-01 06:11:03,48.63
3,2025-01-01 06:11:15,48.16
3,2025-01-01 06:11:20,48.8
3,2025-01-01 06:11:28,48.68
3,2025-01-01 06:11:47,47.89
3,2025-01-01 06:12:07,47.8
3,2025-01-01 06:12:30,47.76
3,2025-01-01 06:12:50,48.19
3,2025-01-01 06:13:19,47.5
3,2025-01-01 06:13:47,46.75
3,2025-01-01 06:13:52,47.68
3,2025-01-01 06:14:15,46.85
3,2025-01-01 06:14:27,46.34
3,2025-01-01 06:14:38,45.72
3,2025-01-01 06:15:08,44.78
3,2025-01-01 06:15:37,45.57
3,2025-01-01 06:16:05,45.38
3,2025-01-01 06:16:21,45.07
3,2025-01-01 06:16:47,45.76
3,2025-01-01 06:17:13,45.57
3,2025-01-01 06:17:38,45.35
3,2025-01-01 06:18:04,46.03
3,2025-01-01 06:18:11,46.9
3,2025-01-01 06:18:21,47.7
3,2025-01-01 06:18:41,48.39
3,2025-01-01 06:18:56,47.94
3,2025-01-01 06:19:12,48.69
3,2025-01-01 06:19:32,48.36
3,2025-01-01 06:19:43,48.75
3,2025-01-01 06:20:01,49.26
3,2025-01-01 06:20:16,48.42
3,2025-01-01 06:20:28,47.48
3,2025-01-01 06:20:51,48.4
3,2025-01-01 06:21:05,47.99
3,2025-01-01 06:21:27,48.43
3,2025-01-01 06:21:40,47.52
3,2025-01-01 06:22:06,46.82
3,2025-01-01 06:22:13,46.28
3,2025-01-01 06:22:35,46.68
3,2025-01-01 06:22:51,46.08
3,2025-01-01 06:23:00,45.69
3,2025-01-01 06:23:06,45.47
3,2025-01-01 06:23:17,46.3
3,2025-01-01 06:23:37,46.22
3,2025-01-01 06:24:04,45.54
3,2025-01-01 06:24:27,45.16
3,2025-01-01 06:24:44,46.11
3,2025-01-01 06:25:01,46.61
3,2025-01-01 06:25:24,46.47
3,2025-01-01 06:25:48,47.15
3,2025-01-01 06:26:12,46.59
3,2025-01-01 06:26:38,47.43
3,2025-01-01 06:27:08,46.58
3,2025-01-01 06:27:23,47.29
3,2025-01-01 06:27:34,46.32
3,2025-01-01 06:27:50,46.72
3,2025-01-01 06:28:17,47.52
3,2025-01-01 06:28:44,47.96
3,2025-01-01 06:28:59,48.0
3,2025-01-01 06:29:21,47.13
3,2025-01-01 06:29:26,46.25
3,2025-01-01 06:29:52,46.52
3,2025-01-01 06:30:03,46.67
3,2025-01-01 06:30:29,47.62
3,2025-01-01 06:30:41,47.56
3,2025-01-01 06:31:01,46.79
3,2025-01-01 06:31:10,46.26
3,2025-01-01 06:31:28,45.45
3,2025-01-01 06:31:54,44.65
3,2025-01-01 06:32:04,43.75
3,2025-01-01 06:32:23,43.78
3,2025-01-01 06:32:48,43.83
3,2025-01-01 06:32:53,44.51
3,2025-01-01 06:33:02,43.64
3,2025-01-01 06:33:22,43.24
3,2025-01-01 06:33:37,42.83
3,2025-01-01 06:33:57,43.02
3,2025-01-01 06:34:22,43.9
3,2025-01-01 06:34:46,43.17
3,2025-01-01 06:35:14,43.55
3,2025-01-01 06:35:23,43.01
3,2025-01-01 06:35:38,43.75
3,2025-01-01 06:36:07,42.9
3,2025-01-01 06:36:20,42.26
3,2025-01-01 06:36:33,42.07
3,2025-01-01 06:36:46,42.7
3,2025-01-01 06:36:53,42.28
3,2025-01-01 06:37:16,42.69
3,2025-01-01 06:37:26,42.21
3,2025-01-01 06:37:43,42.42
3,2025-01-01 06:38:05,42.62
3,2025-01-01 06:38:20,42.1
3,2025-01-01 06:38:35,42.68
3,2025-01-01 06:38:53,42.68
3,2025-01-01 06:39:21,43.48
3,2025-01-01 06:39:38,43.42
3,2025-01-01 06:39:45,43.65
3,2025-01-01 06:40:06,43.55
3,2025-01-01 06:40:17,44.32
3,2025-01-01 06:40:37,43.64
3,2025-01-01 06:40:52,42.95
3,2025-01-01 06:41:16,42.71
3,2025-01-01 06:41:33,43.61
3,2025-01-01 06:41:55,44.33
3,2025-01-01 06:42:15,44.64
3,2025-01-01 06:42:28,45.47
3,2025-01-01 06:42:56,44.49
3,2025-01-01 06:43:08,44.07
3,2025-01-01 06:43:34,43.6
3,2025-01-01 06:43:43,44.48
3,2025-01-01 06:44:07,45.21
3,2025-01-01 06:44:29,45.78
3,2025-01-01 06:44:47,45.52
3,2025-01-01 06:44:58,45.6
3,2025-01-01 06:45:10,44.75
3,2025-01-01 06:45:36,44.41
3,2025-01-01 06:46:06,44.05
3,2025-01-01 06:46:32,43.22
3,2025-01-01 06:46:58,42.74
3,2025-01-01 06:47:15,42.94
3,2025-01-01 06:47:22,41.99
3,2025-01-01 06:47:41,42.87
3,2025-01-01 06:48:09,43.23
3,2025-01-01 06:48:19,43.71
3,2025-01-01 06:48:49,44.24
3,2025-01-01 06:49:17,43.31
3,2025-01-01 06:49:33,43.75
3,2025-01-01 06:49:57,44.55
3,2025-01-01 06:50:17,43.58
3,2025-01-01 06:50:26,42.92
3,2025-01-01 06:50:33,43.57
3,2025-01-01 06:50:46,42.82
3,2025-01-01 06:50:59,43.55
3,2025-01-01 06:51:22,43.57
3,2025-01-01 06:51:43,44.38
3,2025-01-01 06:51:55,44.84
3,2025-01-01 06:52:22,45.03
3,2025-01-01 06:52:35,45.35
3,2025-01-01 06:52:52,46.06
3,2025-01-01 06:53:03,45.81
3,2025-01-01 06:53:26,46.02
3,2025-01-01 06:53:53,46.6
3,2025-01-01 06:54:02,46.17
3,2025-01-01 06:54:24,45.65
3,2025-01-01 06:54:43,45.93
3,2025-01-01 06:55:01,46.42
3,2025-01-01 06:55:31,46.66
3,2025-01-01 06:55:37,47.24
3,2025-01-01 06:55:50,47.18
3,2025-01-01 06:56:14,47.95
3,2025-01-01 06:56:25,47.72
3,2025-01-01 06:56:44,48.47
3,2025-01-01 06:56:54,49.34
3,2025-01-01 06:57:21,48.81
3,2025-01-01 06:57:38,48.75
3,2025-01-01 06:58:06,48.03
3,2025-01-01 06:58:24,48.16
3,2025-01-01 06:58:35,48.76
3,2025-01-01 06:58:41,49.55
3,2025-01-01 06:59:10,50.07
3,2025-01-01 06:59:35,49.16
3,2025-01-01 06:59:59,49.31
3,2025-01-01 07:00:19,49.05
3,2025-01-01 07:00:32,49.75
3,2025-01-01 07:00:56,48.8
3,2025-01-01 07:01:24,48.72
3,2025-01-01 07:01:42,47.97
3,2025-01-01 07:02:08,47.8
3,2025-01-01 07:02:22,48.32
3,2025-01-01 07:02:34,48.45
3,2025-01-01 07:02:48,49.08
3,2025-01-01 07:02:55,48.4
3,2025-01-01 07:03:12,49.21
3,2025-01-01 07:03:21,50.19
3,2025-01-01 07:03:41,51.16
3,2025-01-01 07:03:57,50.59
3,2025-01-01 07:04:07,50.18
3,2025-01-01 07:04:25,50.71
3,2025-01-01 07:04:49,50.45
3,2025-01-01 07:05:15,51.28
3,2025-01-01 07:05:41,51.28
3,2025-01-01 07:05:56,51.49
3,2025-01-01 07:06:01,52.25
3,2025-01-01 07:06:17,52.64
3,2025-01-01 07:06:36,52.04
3,2025-01-01 07:06:55,51.22
3,2025-01-01 07:07:20,50.37
3,2025-01-01 07:07:42,49.49
3,2025-01-01 07:08:09,49.34
3,2025-01-01 07:08:17,50.06
3,2025-01-01 07:08:24,49.15
3,2025-01-01 07:08:29,48.32
3,2025-01-01 07:08:54,49.29
3,2025-01-01 07:09:14,48.8
3,2025-01-01 07:09:41,49.4
3,2025-01-01 07:09:58,50.39
3,2025-01-01 07:10:08,49.74
3,2025-01-01 07:10:33,50.16
3,2025-01-01 07:10:38,50.58
3,2025-01-01 07:11:06,51.14
3,2025-01-01 07:11:16,51.07
3,2025-01-01 07:11:37,50.78
3,2025-01-01 07:11:59,50.53
3,2025-01-01 07:12:27,51.18
3,2025-01-01 07:12:49,51.93
3,2025-01-01 07:13:04,52.85
3,2025-01-01 07:13:27,53.41
3,2025-01-01 07:13:51,53.51
3,2025-01-01 07:14:05,52.88
3,2025-01-01 07:14:24,53.39
3,2025-01-01 07:14:35,54.11
3,2025-01-01 07:14:59,53.35
3,2025-01-01 07:15:05,53.14
3,2025-01-01 07:15:13,52.63
3,2025-01-01 07:15:23,52.07
3,2025-01-01 07:15:39,51.71
3,2025-01-01 07:15:45,51.08
3,2025-01-01 07:16:07,51.93
3,2025-01-01 07:16:21,51.81
3,2025-01-01 07:16:34,51.32
3,2025-01-01 07:16:51,52.26
3,2025-01-01 07:17:15,52.19
3,2025-01-01 07:17:32,51.28
3,2025-01-01 07:17:45,51.17
3,2025-01-01 07:18:03,50.77
3,2025-01-01 07:18:33,50.53
3,2025-01-01 07:18:40,50.02
3,2025-01-01 07:19:07,49.03
3,2025-01-01 07:19:13,48.57
3,2025-01-01 07:19:34,47.93
3,2025-01-01 07:19:56,47.61
3,2025-01-01 07:20:19,48.11
3,2025-01-01 07:20:29,49.07
3,2025-01-01 07:20:45,48.34
3,2025-01-01 07:21:11,48.09
3,2025-01-01 07:21:21,47.23
3,2025-01-01 07:21:30,46.66
3,2025-01-01 07:21:42,45.91
3,2025-01-01 07:22:11,45.78
3,2025-01-01 07:22:24,46.68
3,2025-01-01 07:22:49,46.57
3,2025-01-01 07:23:12,45.91
3,2025-01-01 07:23:36,45.75
3,2025-01-01 07:23:47,45.76
3,2025-01-01 07:24:16,46.32
3,2025-01-01 07:24:40,46.11
3,2025-01-01 07:25:01,46.53
3,2025-01-01 07:25:25,45.85
3,2025-01-01 07:25:37,46.55
3,2025-01-01 07:25:49,46.96
3,2025-01-01 07:26:02,47.91
3,2025-01-01 07:26:17,46.98
3,2025-01-01 07:26:39,47.9
3,2025-01-01 07:27:06,46.94
3,2025-01-01 07:27:21,47.54
3,2025-01-01 07:27:34,48.19
3,2025-01-01 07:27:58,49.04
3,2025-01-01 07:28:03,48.62
3,2025-01-01 07:28:28,47.69
3,2025-01-01 07:28:53,48.64
3,2025-01-01 07:29:13,48.72
3,2025-01-01 07:29:43,49.64
3,2025-01-01 07:29:51,49.09
3,2025-01-01 07:30:01,49.38
3,2025-01-01 07:30:27,48.69
3,2025-01-01 07:30:39,47.74
3,2025-01-01 07:31:07,47.42
3,2025-01-01 07:31:35,47.02
3,2025-01-01 07:31:56,47.76
3,2025-01-01 07:32:08,48.56
3,2025-01-01 07:32:25,49.1
3,2025-01-01 07:32:47,49.97
3,2025-01-01 07:33:01,49.83
3,2025-01-01 07:33:16,50.49
3,2025-01-01 07:33:35,49.7
3,2025-01-01 07:34:02,49.36
3,2025-01-01 07:34:08,49.57
3,2025-01-01 07:34:27,48.91
3,2025-01-01 07:34:53,49.56
3,2025-01-01 07:35:06,49.66
3,2025-01-01 07:35:28,49.54
3,2025-01-01 07:35:51,49.58
3,2025-01-01 07:36:21,50.01
3,2025-01-01 07:36:50,50.49
3,2025-01-01 07:37:06,49.57
3,2025-01-01 07:37:36,48.6
3,2025-01-01 07:37:51,48.11
3,2025-01-01 07:37:56,48.3
3,2025-01-01 07:38:25,48.71
3,2025-01-01 07:38:55,47.84
3,2025-01-01 07:39:07,47.43
3,2025-01-01 07:39:27,47.77
3,2025-01-01 07:39:32,47.16
3,2025-01-01 07:39:47,47.19
3,2025-01-01 07:40:01,46.84
3,2025-01-01 07:40:09,46.83
3,2025-01-01 07:40:17,46.33
3,2025-01-01 07:40:29,46.22
3,2025-01-01 07:40:45,45.62
3,2025-01-01 07:41:06,44.81
3,2025-01-01 07:41:33,45.0
3,2025-01-01 07:41:51,44.11
3,2025-01-01 07:42:08,44.81
3,2025-01-01 07:42:18,43.83
3,2025-01-01 07:42:40,42.91
3,2025-01-01 07:42:48,43.81
3,2025-01-01 07:42:55,44.04
3,2025-01-01 07:43:10,44.49
3,2025-01-01 07:43:25,44.8
3,2025-01-01 07:43:33,44.05
3,2025-01-01 07:43:41,43.6
3,2025-01-01 07:43:52,43.49
3,2025-01-01 07:44:17,42.83
3,2025-01-01 07:44:23,42.39
3,2025-01-01 07:44:52,42.07
3,2025-01-01 07:45:19,41.81
3,2025-01-01 07:45:48,41.35
3,2025-01-01 07:46:17,41.5
3,2025-01-01 07:46:39,41.57
3,2025-01-01 07:47:03,41.05
3,2025-01-01 07:47:08,41.16
3,2025-01-01 07:47:34,41.59
3,2025-01-01 07:47:44,42.01
3,2025-01-01 07:48:07,41.27
3,2025-01-01 07:48:17,40.84
3,2025-01-01 07:48:46,40.23
3,2025-01-01 07:49:15,39.68
3,2025-01-01 07:49:21,39.72
3,2025-01-01 07:49:36,39.34
3,2025-01-01 07:50:01,40.05
3,2025-01-01 07:50:13,40.67
3,2025-01-01 07:50:27,40.27
3,2025-01-01 07:50:47,40.47
3,2025-01-01 07:50:55,39.58
3,2025-01-01 07:51:17,39.47
3,2025-01-01 07:51:47,39.99
3,2025-01-01 07:51:54,40.28
3,2025-01-01 07:52:20,39.34
3,2025-01-01 07:52:42,39.61
3,2025-01-01 07:53:10,38.86
3,2025-01-01 07:53:36,39.47
3,2025-01-01 07:53:56,39.88
3,2025-01-01 07:54:02,39.19
3,2025-01-01 07:54:19,40.09
3,2025-01-01 07:54:41,39.27
3,2025-01-01 07:54:53,38.84
3,2025-01-01 07:55:04,39.15
3,2025-01-01 07:55:26,39.82
3,2025-01-01 07:55:47,39.1
3,2025-01-01 07:56:00,40.05
3,2025-01-01 07:56:12,39.44
3,2025-01-01 07:56:19,40.43
3,2025-01-01 07:56:41,41.24
3,2025-01-01 07:56:58,40.64
3,2025-01-01 07:57:24,40.63
3,2025-01-01 07:57:38,40.48
3,2025-01-01 07:57:53,39.83
3,2025-01-01 07:58:01,39.37
3,2025-01-01 07:58:27,38.83
3,2025-01-01 07:58:51,39.47
3,2025-01-01 07:59:06,38.51
3,2025-01-01 07:59:33,38.36
3,2025-01-01 07:59:45,37.65
3,2025-01-01 07:59:51,37.36
3,2025-01-01 08:00:04,37.48
3,2025-01-01 08:00:33,36.95
3,2025-01-01 08:01:00,37.35
3,2025-01-01 08:01:10,36.9
3,2025-01-01 08:01:28,36.06
3,2025-01-01 08:01:43,36.54
3,2025-01-01 08:01:48,35.63
3,2025-01-01 08:02:01,34.76
3,2025-01-01 08:02:20,34.17
3,2025-01-01 08:02:37,34.57
3,2025-01-01 08:02:46,34.68
3,2025-01-01 08:03:13,34.5
3,2025-01-01 08:03:34,33.56
3,2025-01-01 08:03:46,33.15
3,2025-01-01 08:04:02,32.79
3,2025-01-01 08:04:25,32.05
3,2025-01-01 08:04:53,31.41
3,2025-01-01 08:05:12,32.08
3,2025-01-01 08:05:32,31.84
3,2025-01-01 08:06:02,31.98
3,2025-01-01 08:06:27,32.1
3,2025-01-01 08:06:46,32.97
3,2025-01-01 08:07:08,33.13
3,2025-01-01 08:07:27,33.62
3,2025-01-01 08:07:54,33.58
3,2025-01-01 08:08:06,34.3
3,2025-01-01 08:08:19,34.84
3,2025-01-01 08:08:24,35.72
3,2025-01-01 08:08:44,36.15
3,2025-01-01 08:08:51,35.36
3,2025-01-01 08:08:56,35.78
3,2025-01-01 08:09:18,35.01
3,2025-01-01 08:09:23,35.13
3,2025-01-01 08:09:50,34.56
3,2025-01-01 08:10:19,33.76
3,2025-01-01 08:10:38,33.63
3,2025-01-01 08:10:43,32.8
3,2025-01-01 08:10:50,33.56
3,2025-01-01 08:11:16,33.27
3,2025-01-01 08:11:40,33.83
3,2025-01-01 08:11:51,33.02
3,2025-01-01 08:12:03,32.03
3,2025-01-01 08:12:25,32.58
3,2025-01-01 08:12:32,32.94
3,2025-01-01 08:12:59,32.72
3,2025-01-01 08:13:29,31.94
3,2025-01-01 08:13:44,32.61
3,2025-01-01 08:13:59,32.23
3,2025-01-01 08:14:15,33.15
3,2025-01-01 08:14:44,33.83
3,2025-01-01 08:15:11,34.75
3,2025-01-01 08:15:17,34.35
3,2025-01-01 08:15:38,34.02
3,2025-01-01 08:15:48,34.6
3,2025-01-01 08:16:13,34.52
3,2025-01-01 08:16:34,34.08
3,2025-01-01 08:16:59,33.74
3,2025-01-01 08:17:10,32.85
3,2025-01-01 08:17:30,31.99
3,2025-01-01 08:17:55,31.53
3,2025-01-01 08:18:07,31.57
3,2025-01-01 08:18:31,32.47
3,2025-01-01 08:19:00,32.99
3,2025-01-01 08:19:10,32.65
3,2025-01-01 08:19:25,31.98
3,2025-01-01 08:19:54,32.52
3,2025-01-01 08:20:18,33.42
3,2025-01-01 08:20:38,33.13
3,2025-01-01 08:20:52,33.3
3,2025-01-01 08:21:12,33.05
3,2025-01-01 08:21:29,33.74
3,2025-01-01 08:21:51,33.13
3,2025-01-01 08:21:58,33.08
3,2025-01-01 08:22:08,34.01
3,2025-01-01 08:22:26,34.37
3,2025-01-01 08:22:48,35.04
3,2025-01-01 08:23:05,35.77
3,2025-01-01 08:23:31,36.58
3,2025-01-01 08:23:53,36.57
3,2025-01-01 08:23:59,36.49
3,2025-01-01 08:24:22,37.04
3,2025-01-01 08:24:28,37.32
3,2025-01-01 08:24:45,37.56
3,2025-01-01 08:25:01,36.69
3,2025-01-01 08:25:16,37.62
3,2025-01-01 08:25:29,37.4
3,2025-01-01 08:25:44,37.48
3,2025-01-01 08:26:00,37.67
3,2025-01-01 08:26:30,37.06
3,2025-01-01 08:26:39,36.88
3,2025-01-01 08:27:07,36.12
3,2025-01-01 08:27:32,37.06
3,2025-01-01 08:28:00,36.87
3,2025-01-01 08:28:30,37.49
3,2025-01-01 08:28:40,37.89
3,2025-01-01 08:28:57,37.27
3,2025-01-01 08:29:14,38.0
3,2025-01-01 08:29:29,38.85
3,2025-01-01 08:29:46,38.13
3,2025-01-01 08:30:10,37.52
3,2025-01-01 08:30:27,38.37
3,2025-01-01 08:30:45,37.48
3,2025-01-01 08:31:12,37.8
3,2025-01-01 08:31:23,38.15
3,2025-01-01 08:31:53,37.91
3,2025-01-01 08:32:01,36.92
3,2025-01-01 08:32:23,37.65
3,2025-01-01 08:32:44,37.84
3,2025-01-01 08:33:11,38.1
3,2025-01-01 08:33:33,39.01
3,2025-01-01 08:33:59,38.89
3,2025-01-01 08:34:26,39.09
3,2025-01-01 08:34:54,39.51
3,2025-01-01 08:35:20,39.6
3,2025-01-01 08:35:44,39.13
3,2025-01-01 08:35:55,39.09
3,2025-01-01 08:36:18,38.64
3,2025-01-01 08:36:33,39.24
3,2025-01-01 08:36:40,38.63
3,2025-01-01 08:36:49,39.3
3,2025-01-01 08:37:09,38.71
3,2025-01-01 08:37:15,39.16
3,2025-01-01 08:37:34,39.11
3,2025-01-01 08:37:55,38.3
3,2025-01-01 08:38:25,37.59
3,2025-01-01 08:38:53,37.13
3,2025-01-01 08:39:13,37.9
3,2025-01-01 08:39:41,37.59
3,2025-01-01 08:39:46,37.07
3,2025-01-01 08:39:58,36.5
3,2025-01-01 08:40:18,36.86
3,2025-01-01 08:40:28,37.73
3,2025-01-01 08:40:38,38.63
3,2025-01-01 08:40:52,37.92
3,2025-01-01 08:41:17,38.16
3,2025-01-01 08:41:26,39.09
3,2025-01-01 08:41:56,38.36
3,2025-01-01 08:42:04,38.51
3,2025-01-01 08:42:16,38.17
3,2025-01-01 08:42:38,39.07
3,2025-01-01 08:43:06,38.32
3,2025-01-01 08:43:29,37.6
3,2025-01-01 08:43:37,37.96
3,2025-01-01 08:44:01,38.71
3,2025-01-01 08:44:30,38.36
3,2025-01-01 08:44:42,39.24
3,2025-01-01 08:44:50,38.31
3,2025-01-01 08:45:13,38.49
3,2025-01-01 08:45:19,38.48
3,2025-01-01 08:45:35,38.19
3,2025-01-01 08:45:49,37.43
3,2025-01-01 08:46:07,37.36
3,2025-01-01 08:46:30,37.3
3,2025-01-01 08:46:43,37.34
3,2025-01-01 08:47:11,37.99
3,2025-01-01 08:47:39,37.06
3,2025-01-01 08:47:50,36.84
3,2025-01-01 08:47:59,37.55
3,2025-01-01 08:48:23,38.39
3,2025-01-01 08:48:36,37.85
3,2025-01-01 08:49:01,36.89
3,2025-01-01 08:49:31,37.3
3,2025-01-01 08:49:58,37.46
3,2025-01-01 08:50:27,38.05
3,2025-01-01 08:50:45,37.11
3,2025-01-01 08:51:15,38.04
3,2025-01-01 08:51:35,38.13
3,2025-01-01 08:51:48,38.36
3,2025-01-01 08:51:53,39.26
3,2025-01-01 08:52:16,38.86
3,2025-01-01 08:52:22,38.3
3,2025-01-01 08:52:43,37.37
3,2025-01-01 08:53:06,37.8
3,2025-01-01 08:53:36,37.68
3,2025-01-01 08:53:48,37.69
3,2025-01-01 08:53:57,38.58
3,2025-01-01 08:54:14,38.16
3,2025-01-01 08:54:42,39.09
3,2025-01-01 08:55:07,39.57
3,2025-01-01 08:55:34,40.04
3,2025-01-01 08:56:03,39.86
3,2025-01-01 08:56:10,40.34
3,2025-01-01 08:56:21,40.57
3,2025-01-01 08:56:32,41.34
3,2025-01-01 08:56:51,42.24
3,2025-01-01 08:57:09,43.07
3,2025-01-01 08:57:22,43.49
3,2025-01-01 08:57:45,44.37
3,2025-01-01 08:58:04,44.06
3,2025-01-01 08:58:22,43.82
3,2025-01-01 08:58:39,44.25
3,2025-01-01 08:58:46,44.13
3,2025-01-01 08:59:13,44.95
3,2025-01-01 08:59:37,45.8
3,2025-01-01 08:59:46,45.4
3,2025-01-01 09:00:05,45.63
3,2025-01-01 09:00:21,45.0
3,2025-01-01 09:00:32,44.43
3,2025-01-01 09:00:42,45.26
3,2025-01-01 09:00:49,45.16
3,2025-01-01 09:01:18,45.21
3,2025-01-01 09:01:35,46.21
3,2025-01-01 09:02:03,46.83
3,2025-01-01 09:02:26,47.06
3,2025-01-01 09:02:50,47.33
3,2025-01-01 09:02:59,46.93
3,2025-01-01 09:03:09,46.82
3,2025-01-01 09:03:18,45.96
3,2025-01-01 09:03:37,45.29
3,2025-01-01 09:03:50,45.93
3,2025-01-01 09:04:03,45.04
3,2025-01-01 09:04:29,44.55
3,2025-01-01 09:04:42,44.04
3,2025-01-01 09:05:03,44.3
3,2025-01-01 09:05:24,45.05
3,2025-01-01 09:05:31,45.68
3,2025-01-01 09:05:58,45.54
3,2025-01-01 09:06:19,45.61
3,2025-01-01 09:06:34,45.68
3,2025-01-01 09:06:55,46.1
3,2025-01-01 09:07:07,45.68
3,2025-01-01 09:07:35,44.96
3,2025-01-01 09:08:04,45.86
3,2025-01-01 09:08:22,45.72
3,2025-01-01 09:08:46,46.47
3,2025-01-01 09:08:57,46.07
3,2025-01-01 09:09:27,45.91
3,2025-01-01 09:09:45,45.69
3,2025-01-01 09:09:57,45.46
3,2025-01-01 09:10:06,44.78
3,2025-01-01 09:10:26,43.97
3,2025-01-01 09:10:37,44.39
3,2025-01-01 09:10:58,44.92
3,2025-01-01 09:11:21,44.36
3,2025-01-01 09:11:43,44.32
3,2025-01-01 09:11:55,43.4
3,2025-01-01 09:12:14,43.5
3,2025-01-01 09:12:22,43.0
3,2025-01-01 09:12:45,42.37
3,2025-01-01 09:12:51,43.32
3,2025-01-01 09:13:08,42.4
3,2025-01-01 09:13:16,42.43
3,2025-01-01 09:13:45,42.39
3,2025-01-01 09:14:07,41.6
3,2025-01-01 09:14:14,41.41
3,2025-01-01 09:14:37,42.38
3,2025-01-01 09:14:56,42.51
3,2025-01-01 09:15:15,42.39
3,2025-01-01 09:15:39,41.5
3,2025-01-01 09:15:58,42.19
3,2025-01-01 09:16:07,42.48
3,2025-01-01 09:16:22,42.1
3,2025-01-01 09:16:47,41.83
3,2025-01-01 09:16:54,42.21
3,2025-01-01 09:17:20,41.34
3,2025-01-01 09:17:31,41.36
3,2025-01-01 09:17:44,41.6
3,2025-01-01 09:18:09,41.25
3,2025-01-01 09:18:39,41.57
3,2025-01-01 09:18:56,41.15
3,2025-01-01 09:19:09,41.46
3,2025-01-01 09:19:37,42.29
3,2025-01-01 09:19:54,42.21
3,2025-01-01 09:20:23,41.58
3,2025-01-01 09:20:52,41.33
3,2025-01-01 09:21:11,42.29
3,2025-01-01 09:21:36,42.03
3,2025-01-01 09:21:51,42.1
3,2025-01-01 09:22:05,42.35
3,2025-01-01 09:22:14,42.56
3,2025-01-01 09:22:41,43.28
3,2025-01-01 09:22:48,43.66
3,2025-01-01 09:22:58,44.51
3,2025-01-01 09:23:27,44.93
3,2025-01-01 09:23:32,45.51
3,2025-01-01 09:23:53,45.09
3,2025-01-01 09:24:05,45.79
3,2025-01-01 09:24:20,45.57
3,2025-01-01 09:24:38,44.97
3,2025-01-01 09:24:48,44.79
3,2025-01-01 09:24:58,45.55
3,2025-01-01 09:25:10,46.26
3,2025-01-01 09:25:22,46.09
3,2025-01-01 09:25:27,46.39
3,2025-01-01 09:25:50,45.81
3,2025-01-01 09:25:57,46.64
3,2025-01-01 09:26:19,46.27
3,2025-01-01 09:26:41,46.79
3,2025-01-01 09:26:55,47.06
3,2025-01-01 09:27:24,47.31
3,2025-01-01 09:27:32,46.44
3,2025-01-01 09:27:43,47.35
3,2025-01-01 09:28:12,47.22
3,2025-01-01 09:28:21,46.89
3,2025-01-01 09:28:50,46.99
3,2025-01-01 09:29:05,46.61
3,2025-01-01 09:29:12,46.38
3,2025-01-01 09:29:34,46.63
3,2025-01-01 09:30:03,46.7
3,2025-01-01 09:30:18,47.38
3,2025-01-01 09:30:44,47.94
3,2025-01-01 09:30:56,47.09
3,2025-01-01 09:31:08,46.59
3,2025-01-01 09:31:30,46.97
3,2025-01-01 09:31:45,46.37
3,2025-01-01 09:32:12,45.39
3,2025-01-01 09:32:40,44.58
3,2025-01-01 09:32:59,45.13
3,2025-01-01 09:33:11,44.42
3,2025-01-01 09:33:16,44.36
3,2025-01-01 09:33:22,44.11
3,2025-01-01 09:33:29,44.11
3,2025-01-01 09:33:35,44.7
3,2025-01-01 09:33:49,44.04
3,2025-01-01 09:34:19,44.96
3,2025-01-01 09:34:39,44.02
3,2025-01-01 09:35:07,43.36
3,2025-01-01 09:35:19,42.56
3,2025-01-01 09:35:24,42.96
3,2025-01-01 09:35:42,42.33
3,2025-01-01 09:35:52,41.53
3,2025-01-01 09:36:07,41.59
3,2025-01-01 09:36:14,41.12
3,2025-01-01 09:36:37,41.74
3,2025-01-01 09:36:42,42.23
3,2025-01-01 09:37:07,42.51
3,2025-01-01 09:37:26,42.68
3,2025-01-01 09:37:46,42.62
3,2025-01-01 09:38:04,42.73
3,2025-01-01 09:38:30,42.28
3,2025-01-01 09:38:45,42.68
3,2025-01-01 09:38:51,42.31
3,2025-01-01 09:39:21,43.05
3,2025-01-01 09:39:26,43.01
3,2025-01-01 09:39:41,43.47
3,2025-01-01 09:40:11,43.61
3,2025-01-01 09:40:22,43.35
3,2025-01-01 09:40:50,44.09
3,2025-01-01 09:41:20,44.78
3,2025-01-01 09:41:41,45.61
3,2025-01-01 09:42:09,44.99
3,2025-01-01 09:42:16,44.9
3,2025-01-01 09:42:29,45.45
3,2025-01-01 09:42:43,44.51
3,2025-01-01 09:43:01,43.98
3,2025-01-01 09:43:28,43.25
3,2025-01-01 09:43:41,43.29
3,2025-01-01 09:43:47,43.17
3,2025-01-01 09:44:13,42.97
3,2025-01-01 09:44:26,43.02
3,2025-01-01 09:44:39,43.43
3,2025-01-01 09:44:56,44.26
3,2025-01-01 09:45:14,43.56
3,2025-01-01 09:45:22,43.93
3,2025-01-01 09:45:48,43.02
3,2025-01-01 09:46:14,43.54
3,2025-01-01 09:46:39,42.56
3,2025-01-01 09:47:09,41.98
3,2025-01-01 09:47:19,42.9
3,2025-01-01 09:47:45,43.64
3,2025-01-01 09:48:00,42.94
3,2025-01-01 09:48:15,42.35
3,2025-01-01 09:48:39,42.55
3,2025-01-01 09:48:49,42.89
3,2025-01-01 09:49:19,42.48
3,2025-01-01 09:49:34,42.75
3,2025-01-01 09:50:04,43.43
3,2025-01-01 09:50:27,42.54
3,2025-01-01 09:50:45,41.66
3,2025-01-01 09:50:58,41.32
3,2025-01-01 09:51:28,40.94
3,2025-01-01 09:51:58,40.68
3,2025-01-01 09:52:20,41.6
3,2025-01-01 09:52:46,40.73
3,2025-01-01 09:53:02,41.11
3,2025-01-01 09:53:24,41.89
3,2025-01-01 09:53:54,41.3
3,2025-01-01 09:54:02,41.04
3,2025-01-01 09:54:29,40.13
3,2025-01-01 09:54:41,39.67
3,2025-01-01 09:55:02,38.67
3,2025-01-01 09:55:27,38.89
3,2025-01-01 09:55:36,38.15
3,2025-01-01 09:56:00,37.36
3,2025-01-01 09:56:18,36.84
3,2025-01-01 09:56:27,37.82
3,2025-01-01 09:56:45,38.51
3,2025-01-01 09:56:56,38.19
3,2025-01-01 09:57:02,37.45
3,2025-01-01 09:57:21,36.68
3,2025-01-01 09:57:28,36.48
3,2025-01-01 09:57:52,36.26
3,2025-01-01 09:57:59,36.35
3,2025-01-01 09:58:20,36.14
3,2025-01-01 09:58:41,35.93
3,2025-01-01 09:59:00,35.6
3,2025-01-01 09:59:28,36.28
3,2025-01-01 09:59:58,35.32
3,2025-01-01 10:00:17,36.22
3,2025-01-01 10:00:39,35.64
3,2025-01-01 10:01:02,35.41
3,2025-01-01 10:01:28,35.57
3,2025-01-01 10:01:53,35.21
3,2025-01-01 10:02:12,34.84
3,2025-01-01 10:02:26,34.04
3,2025-01-01 10:02:51,34.42
3,2025-01-01 10:03:10,33.64
3,2025-01-01 10:03:27,34.11
3,2025-01-01 10:03:46,33.31
3,2025-01-01 10:03:57,33.09
3,2025-01-01 10:04:13,33.81
3,2025-01-01 10:04:30,32.89
3,2025-01-01 10:04:36,33.61
3,2025-01-01 10:05:04,34.5
3,2025-01-01 10:05:23,34.72
3,2025-01-01 10:05:31,35.14
3,2025-01-01 10:05:47,36.11
3,2025-01-01 10:05:58,35.44
3,2025-01-01 10:06:19,34.91
3,2025-01-01 10:06:39,34.06
3,2025-01-01 10:07:09,33.45
3,2025-01-01 10:07:30,32.65
3,2025-01-01 10:07:54,32.79
3,2025-01-01 10:08:23,33.32
3,2025-01-01 10:08:35,33.8
3,2025-01-01 10:08:49,33.88
3,2025-01-01 10:09:11,34.84
3,2025-01-01 10:09:35,34.75
3,2025-01-01 10:09:40,34.41
3,2025-01-01 10:10:02,35.02
3,2025-01-01 10:10:14,34.61
3,2025-01-01 10:10:31,33.88
3,2025-01-01 10:10:39,34.73
3,2025-01-01 10:10:53,33.81
3,2025-01-01 10:11:15,33.08
3,2025-01-01 10:11:27,33.12
3,2025-01-01 10:11:41,32.16
3,2025-01-01 10:12:01,32.35
3,2025-01-01 10:12:07,31.75
3,2025-01-01 10:12:35,32.18
3,2025-01-01 10:12:50,32.34
3,2025-01-01 10:13:15,31.72
3,2025-01-01 10:13:43,32.05
3,2025-01-01 10:13:51,32.84
3,2025-01-01 10:14:02,32.44
3,2025-01-01 10:14:15,32.08
3,2025-01-01 10:14:25,31.97
3,2025-01-01 10:14:46,31.82
3,2025-01-01 10:15:10,32.6
3,2025-01-01 10:15:27,31.96
3,2025-01-01 10:15:42,31.46
3,2025-01-01 10:16:12,31.57
3,2025-01-01 10:16:41,31.62
3,2025-01-01 10:17:07,32.49
3,2025-01-01 10:17:26,32.42
3,2025-01-01 10:17:45,32.72
3,2025-01-01 10:17:54,32.9
3,2025-01-01 10:18:06,31.98
3,2025-01-01 10:18:32,31.99
3,2025-01-01 10:18:57,31.91
3,2025-01-01 10:19:26,31.52
3,2025-01-01 10:19:31,32.38
3,2025-01-01 10:19:56,31.47
3,2025-01-01 10:20:23,30.59
3,2025-01-01 10:20:51,30.41
3,2025-01-01 10:20:56,29.7
3,2025-01-01 10:21:01,30.68
3,2025-01-01 10:21:07,30.41
3,2025-01-01 10:21:33,30.56
3,2025-01-01 10:21:51,30.27
3,2025-01-01 10:22:21,30.25
3,2025-01-01 10:22:49,30.72
3,2025-01-01 10:23:17,31.08
3,2025-01-01 10:23:30,31.36
3,2025-01-01 10:23:36,31.57
3,2025-01-01 10:24:06,30.61
3,2025-01-01 10:24:30,30.84
3,2025-01-01 10:24:48,30.86
3,2025-01-01 10:24:56,30.09
3,2025-01-01 10:25:25,30.3
3,2025-01-01 10:25:36,29.7
3,2025-01-01 10:26:00,29.28
3,2025-01-01 10:26:10,29.45
3,2025-01-01 10:26:25,29.1
3,2025-01-01 10:26:49,28.92
3,2025-01-01 10:26:55,27.94
3,2025-01-01 10:27:01,28.13
3,2025-01-01 10:27:10,27.87
3,2025-01-01 10:27:34,27.65
3,2025-01-01 10:27:49,28.44
3,2025-01-01 10:27:54,29.06
3,2025-01-01 10:27:59,28.87
3,2025-01-01 10:28:24,28.84
3,2025-01-01 10:28:42,28.91
3,2025-01-01 10:29:06,28.61
3,2025-01-01 10:29:12,28.59
3,2025-01-01 10:29:31,27.69
3,2025-01-01 10:29:58,27.28
3,2025-01-01 10:30:04,26.56
3,2025-01-01 10:30:18,26.83
3,2025-01-01 10:30:24,26.48
3,2025-01-01 10:30:49,26.94
3,2025-01-01 10:31:09,26.81
3,2025-01-01 10:31:20,26.24
3,2025-01-01 10:31:36,25.56
3,2025-01-01 10:31:51,25.31
3,2025-01-01 10:32:08,26.19
3,2025-01-01 10:32:19,27.13
3,2025-01-01 10:32:29,26.7
3,2025-01-01 10:32:59,26.04
3,2025-01-01 10:33:12,25.13
3,2025-01-01 10:33:33,25.49
3,2025-01-01 10:33:52,25.71
3,2025-01-01 10:34:18,25.13
3,2025-01-01 10:34:48,25.17
3,2025-01-01 10:35:00,26.15
3,2025-01-01 10:35:26,25.3
3,2025-01-01 10:35:40,25.88
3,2025-01-01 10:35:50,26.71
3,2025-01-01 10:36:10,26.81
3,2025-01-01 10:36:30,25.99
3,2025-01-01 10:36:55,25.03
3,2025-01-01 10:37:08,24.71
3,2025-01-01 10:37:32,25.45
3,2025-01-01 10:38:02,25.27
3,2025-01-01 10:38:11,26.02
3,2025-01-01 10:38:35,26.12
3,2025-01-01 10:39:01,25.69
3,2025-01-01 10:39:17,24.99
3,2025-01-01 10:39:35,24.93
3,2025-01-01 10:39:54,24.98
3,2025-01-01 10:40:09,24.45
3,2025-01-01 10:40:29,23.54
3,2025-01-01 10:40:53,24.42
3,2025-01-01 10:40:58,24.53
3,2025-01-01 10:41:28,24.47
3,2025-01-01 10:41:34,23.99
3,2025-01-01 10:41:58,23.22
3,2025-01-01 10:42:19,23.21
3,2025-01-01 10:42:38,22.57
3,2025-01-01 10:43:02,22.53
3,2025-01-01 10:43:15,21.55
3,2025-01-01 10:43:29,20.97
3,2025-01-01 10:43:41,20.57
3,2025-01-01 10:44:10,21.37
3,2025-01-01 10:44:21,20.93
3,2025-01-01 10:44:28,20.06
3,2025-01-01 10:44:50,20.67
3,2025-01-01 10:45:05,21.11
3,2025-01-01 10:45:16,20.68
3,2025-01-01 10:45:25,19.99
3,2025-01-01 10:45:38,19.84
3,2025-01-01 10:46:05,19.75
3,2025-01-01 10:46:22,20.16
3,2025-01-01 10:46:49,19.28
3,2025-01-01 10:46:59,18.85
3,2025-01-01 10:47:22,19.34
3,2025-01-01 10:47:28,19.7
3,2025-01-01 10:47:36,19.63
3,2025-01-01 10:47:46,20.5
3,2025-01-01 10:48:11,21.02
3,2025-01-01 10:48:37,20.21
3,2025-01-01 10:49:05,20.91
3,2025-01-01 10:49:19,20.05
3,2025-01-01 10:49:40,20.68
3,2025-01-01 10:49:53,20.29
3,2025-01-01 10:50:21,20.64
3,2025-01-01 10:50:28,21.52
3,2025-01-01 10:50:58,21.34
3,2025-01-01 10:51:16,20.81
3,2025-01-01 10:51:22,20.44
3,2025-01-01 10:51:50,20.52
3,2025-01-01 10:52:16,20.76
3,2025-01-01 10:52:29,21.65
3,2025-01-01 10:52:38,21.83
3,2025-01-01 10:53:06,21.97
3,2025-01-01 10:53:20,22.28
3,2025-01-01 10:53:50,22.04
3,2025-01-01 10:53:56,22.7
3,2025-01-01 10:54:25,22.48
3,2025-01-01 10:54:31,22.57
3,2025-01-01 10:54:55,23.07
3,2025-01-01 10:55:04,22.13
3,2025-01-01 10:55:09,21.93
3,2025-01-01 10:55:39,20.96
3,2025-01-01 10:55:58,20.07
3,2025-01-01 10:56:06,20.62
3,2025-01-01 10:56:20,20.22
3,2025-01-01 10:56:50,20.03
3,2025-01-01 10:56:57,20.63
3,2025-01-01 10:57:06,20.51
3,2025-01-01 10:57:35,19.98
3,2025-01-01 10:57:48,19.17
3,2025-01-01 10:58:01,19.91
3,2025-01-01 10:58:25,19.2
3,2025-01-01 10:58:35,18.53
3,2025-01-01 10:58:45,18.38
3,2025-01-01 10:59:09,18.42
3,2025-01-01 10:59:19,17.75
3,2025-01-01 10:59:33,16.9
3,2025-01-01 10:59:45,17.78
3,2025-01-01 11:00:02,17.04
3,2025-01-01 11:00:14,17.35
3,2025-01-01 11:00:37,16.75
3,2025-01-01 11:01:07,16.39
3,2025-01-01 11:01:13,16.55
3,2025-01-01 11:01:23,16.28
3,2025-01-01 11:01:50,17.04
3,2025-01-01 11:02:19,16.46
3,2025-01-01 11:02:40,17.28
3,2025-01-01 11:02:55,17.54
3,2025-01-01 11:03:14,17.41
3,2025-01-01 11:03:39,17.72
3,2025-01-01 11:04:03,17.3
3,2025-01-01 11:04:09,18.23
3,2025-01-01 11:04:39,19.08
3,2025-01-01 11:04:54,19.52
3,2025-01-01 11:05:22,19.58
3,2025-01-01 11:05:51,18.7
3,2025-01-01 11:06:20,18.03
3,2025-01-01 11:06:42,18.17
3,2025-01-01 11:06:49,18.71
3,2025-01-01 11:07:06,18.78
3,2025-01-01 11:07:24,19.13
3,2025-01-01 11:07:38,19.13
3,2025-01-01 11:08:07,20.0
3,2025-01-01 11:08:21,20.13
3,2025-01-01 11:08:26,21.09
3,2025-01-01 11:08:51,21.74
3,2025-01-01 11:09:00,21.76
3,2025-01-01 11:09:20,22.07
3,2025-01-01 11:09:46,22.47
3,2025-01-01 11:09:59,21.73
3,2025-01-01 11:10:06,21.18
3,2025-01-01 11:10:30,21.46
3,2025-01-01 11:10:36,21.53
3,2025-01-01 11:10:57,22.28
3,2025-01-01 11:11:14,22.91
3,2025-01-01 11:11:31,22.73
3,2025-01-01 11:12:00,22.46
3,2025-01-01 11:12:19,23.04
3,2025-01-01 11:12:45,23.27
3,2025-01-01 11:13:14,23.68
3,2025-01-01 11:13:32,24.01
3,2025-01-01 11:13:44,23.8
3,2025-01-01 11:13:54,24.14
3,2025-01-01 11:14:14,23.73
3,2025-01-01 11:14:43,22.95
3,2025-01-01 11:15:00,21.97
3,2025-01-01 11:15:09,22.5
3,2025-01-01 11:15:38,22.6
3,2025-01-01 11:16:02,23.56
3,2025-01-01 11:16:12,24.53
3,2025-01-01 11:16:25,23.91
3,2025-01-01 11:16:55,23.1
3,2025-01-01 11:17:16,24.09
3,2025-01-01 11:17:43,23.24
3,2025-01-01 11:17:54,22.89
3,2025-01-01 11:18:10,22.64
3,2025-01-01 11:18:15,21.69
3,2025-01-01 11:18:38,21.35
3,2025-01-01 11:19:03,21.17
3,2025-01-01 11:19:33,21.38
3,2025-01-01 11:19:39,20.52
3,2025-01-01 11:19:47,20.77
3,2025-01-01 11:20:08,20.04
3,2025-01-01 11:20:32,19.27
3,2025-01-01 11:21:01,19.32
3,2025-01-01 11:21:07,18.48
3,2025-01-01 11:21:20,18.22
3,2025-01-01 11:21:48,18.99
3,2025-01-01 11:21:58,19.07
3,2025-01-01 11:22:09,19.66
3,2025-01-01 11:22:22,20.25
3,2025-01-01 11:22:43,19.55
3,2025-01-01 11:23:04,20.31
3,2025-01-01 11:23:23,21.18
3,2025-01-01 11:23:52,20.7
3,2025-01-01 11:24:18,19.93
3,2025-01-01 11:24:46,19.74
3,2025-01-01 11:24:57,20.32
3,2025-01-01 11:25:16,20.95
3,2025-01-01 11:25:44,20.27
3,2025-01-01 11:26:09,20.14
3,2025-01-01 11:26:32,20.37
3,2025-01-01 11:26:44,20.56
3,2025-01-01 11:26:49,20.53
3,2025-01-01 11:27:17,20.13
3,2025-01-01 11:27:37,20.95
3,2025-01-01 11:28:06,20.38
3,2025-01-01 11:28:32,19.68
3,2025-01-01 11:28:50,19.57
3,2025-01-01 11:29:12,20.51
3,2025-01-01 11:29:38,20.12
3,2025-01-01 11:29:46,20.82
3,2025-01-01 11:30:10,21.09
3,2025-01-01 11:30:39,21.61
3,2025-01-01 11:30:59,21.04
3,2025-01-01 11:31:18,21.76
3,2025-01-01 11:31:32,22.15
3,2025-01-01 11:32:02,21.91
3,2025-01-01 11:32:18,21.04
3,2025-01-01 11:32:33,21.46
3,2025-01-01 11:32:43,20.64
3,2025-01-01 11:33:06,20.8
3,2025-01-01 11:33:32,19.9
3,2025-01-01 11:33:49,19.23
3,2025-01-01 11:34:18,19.61
3,2025-01-01 11:34:30,19.98
3,2025-01-01 11:34:39,19.49
3,2025-01-01 11:34:48,18.58
3,2025-01-01 11:35:16,19.1
3,2025-01-01 11:35:39,18.44
3,2025-01-01 11:35:59,18.28
3,2025-01-01 11:36:13,19.08
3,2025-01-01 11:36:37,18.58
3,2025-01-01 11:36:54,18.97
3,2025-01-01 11:37:02,19.5
3,2025-01-01 11:37:32,20.32
3,2025-01-01 11:38:02,20.01
3,2025-01-01 11:38:30,19.58
3,2025-01-01 11:38:45,19.83
3,2025-01-01 11:39:06,19.74
3,2025-01-01 11:39:35,18.77
3,2025-01-01 11:39:53,18.21
3,2025-01-01 11:40:03,19.06
3,2025-01-01 11:40:29,19.55
3,2025-01-01 11:40:46,19.43
3,2025-01-01 11:40:56,19.16
3,2025-01-01 11:41:21,19.88
3,2025-01-01 11:41:50,19.09
3,2025-01-01 11:42:05,18.42
3,2025-01-01 11:42:19,18.96
3,2025-01-01 11:42:25,19.46
3,2025-01-01 11:42:52,20.22
3,2025-01-01 11:43:01,20.2
3,2025-01-01 11:43:10,20.93
3,2025-01-01 11:43:20,20.26
3,2025-01-01 11:43:42,21.22
3,2025-01-01 11:44:12,20.41
3,2025-01-01 11:44:40,20.04
3,2025-01-01 11:44:50,20.94
3,2025-01-01 11:45:16,20.59
3,2025-01-01 11:45:33,19.8
3,2025-01-01 11:45:52,19.48
3,2025-01-01 11:45:57,19.32
3,2025-01-01 11:46:11,19.1
3,2025-01-01 11:46:23,18.24
3,2025-01-01 11:46:43,17.76
3,2025-01-01 11:47:03,18.65
3,2025-01-01 11:47:19,18.88
3,2025-01-01 11:47:46,19.51
3,2025-01-01 11:47:55,18.57
3,2025-01-01 11:48:15,17.95
3,2025-01-01 11:48:41,18.6
3,2025-01-01 11:48:54,19.54
3,2025-01-01 11:49:04,20.19
3,2025-01-01 11:49:28,19.44
3,2025-01-01 11:49:52,18.51
3,2025-01-01 11:49:58,19.06
3,2025-01-01 11:50:26,19.79
3,2025-01-01 11:50:40,19.09
3,2025-01-01 11:50:54,18.31
3,2025-01-01 11:51:00,18.41
3,2025-01-01 11:51:30,18.18
3,2025-01-01 11:51:52,18.94
3,2025-01-01 11:52:22,19.93
3,2025-01-01 11:52:50,20.35
3,2025-01-01 11:53:00,20.48
3,2025-01-01 11:53:10,21.22
3,2025-01-01 11:53:27,21.14
3,2025-01-01 11:53:41,21.24
3,2025-01-01 11:53:58,20.32
3,2025-01-01 11:54:14,20.62
3,2025-01-01 11:54:23,19.8
3,2025-01-01 11:54:46,20.46
3,2025-01-01 11:55:13,21.13
3,2025-01-01 11:55:38,20.8
3,2025-01-01 11:55:45,20.42
3,2025-01-01 11:55:59,20.08
3,2025-01-01 11:56:08,20.13
3,2025-01-01 11:56:21,21.01
3,2025-01-01 11:56:38,21.07
3,2025-01-01 11:57:03,20.23
3,2025-01-01 11:57:12,19.85
3,2025-01-01 11:57:24,20.22
3,2025-01-01 11:57:48,20.84
3,2025-01-01 11:58:00,21.43
3,2025-01-01 11:58:07,21.43
3,2025-01-01 11:58:19,20.73
3,2025-01-01 11:58:48,21.49
3,2025-01-01 11:59:14,22.41
3,2025-01-01 11:59:43,22.89
3,2025-01-01 12:00:13,22.57
3,2025-01-01 12:00:26,22.44
3,2025-01-01 12:00:36,22.56
3,2025-01-01 12:00:43,21.65
3,2025-01-01 12:01:01,22.1
3,2025-01-01 12:01:29,22.64
3,2025-01-01 12:01:34,22.29
3,2025-01-01 12:01:43,21.9
3,2025-01-01 12:02:09,21.45
3,2025-01-01 12:02:32,22.22
3,2025-01-01 12:02:55,21.88
3,2025-01-01 12:03:05,22.82
3,2025-01-01 12:03:17,23.59
3,2025-01-01 12:03:35,23.04
3,2025-01-01 12:03:48,22.46
3,2025-01-01 12:04:10,22.92
3,2025-01-01 12:04:37,21.93
3,2025-01-01 12:04:56,22.83
3,2025-01-01 12:05:23,22.31
3,2025-01-01 12:05:51,22.99
3,2025-01-01 12:05:59,23.71
3,2025-01-01 12:06:12,24.3
3,2025-01-01 12:06:36,23.46
3,2025-01-01 12:06:45,23.0
3,2025-01-01 12:07:03,23.59
3,2025-01-01 12:07:14,23.43
3,2025-01-01 12:07:26,22.77
3,2025-01-01 12:07:56,23.52
3,2025-01-01 12:08:21,23.58
3,2025-01-01 12:08:36,22.6
3,2025-01-01 12:09:00,23.49
3,2025-01-01 12:09:07,24.12
3,2025-01-01 12:09:32,24.33
3,2025-01-01 12:09:56,23.86
3,2025-01-01 12:10:09,23.41
3,2025-01-01 12:10:19,23.33
3,2025-01-01 12:10:41,23.57
3,2025-01-01 12:10:56,22.76
3,2025-01-01 12:11:08,22.71
3,2025-01-01 12:11:35,23.65
3,2025-01-01 12:12:05,22.84
3,2025-01-01 12:12:15,22.52
3,2025-01-01 12:12:39,22.55
3,2025-01-01 12:12:54,22.64
3,2025-01-01 12:13:21,22.47
3,2025-01-01 12:13:39,21.66
3,2025-01-01 12:13:59,21.45
3,2025-01-01 12:14:07,21.72
3,2025-01-01 12:14:20,22.27
3,2025-01-01 12:14:49,22.64
3,2025-01-01 12:15:11,22.07
3,2025-01-01 12:15:31,21.79
3,2025-01-01 12:15:44,22.55
3,2025-01-01 12:16:14,21.8
3,2025-01-01 12:16:43,21.19
3,2025-01-01 12:16:54,20.27
3,2025-01-01 12:17:20,20.71
3,2025-01-01 12:17:44,21.58
3,2025-01-01 12:17:55,21.65
3,2025-01-01 12:18:11,21.96
3,2025-01-01 12:18:25,21.81
3,2025-01-01 12:18:49,22.58
3,2025-01-01 12:19:18,23.48
3,2025-01-01 12:19:43,22.93
3,2025-01-01 12:19:49,22.15
3,2025-01-01 12:20:15,22.07
3,2025-01-01 12:20:29,21.36
3,2025-01-01 12:20:49,22.01
3,2025-01-01 12:20:59,22.16
3,2025-01-01 12:21:14,22.97
3,2025-01-01 12:21:33,22.41
3,2025-01-01 12:21:50,23.05
3,2025-01-01 12:21:56,22.43
3,2025-01-01 12:22:18,22.15
3,2025-01-01 12:22:32,22.22
3,2025-01-01 12:22:53,23.21
3,2025-01-01 12:23:22,22.42
3,2025-01-01 12:23:36,22.33
3,2025-01-01 12:23:41,22.31
3,2025-01-01 12:24:09,22.07
3,2025-01-01 12:24:30,22.45
3,2025-01-01 12:24:47,21.78
3,2025-01-01 12:25:11,21.46
3,2025-01-01 12:25:16,21.8
3,2025-01-01 12:25:30,22.01
3,2025-01-01 12:25:35,22.08
3,2025-01-01 12:25:54,22.02
3,2025-01-01 12:26:13,22.88
3,2025-01-01 12:26:43,23.69
3,2025-01-01 12:27:04,24.66
3,2025-01-01 12:27:32,25.01
3,2025-01-01 12:27:45,25.6
3,2025-01-01 12:27:59,25.5
3,2025-01-01 12:28:08,25.45
3,2025-01-01 12:28:31,26.12
3,2025-01-01 12:28:59,25.15
3,2025-01-01 12:29:20,25.05
3,2025-01-01 12:29:32,25.04
3,2025-01-01 12:29:53,26.03
3,2025-01-01 12:30:14,25.99
3,2025-01-01 12:30:35,25.1
3,2025-01-01 12:31:03,25.57
3,2025-01-01 12:31:32,25.83
3,2025-01-01 12:31:48,26.06
3,2025-01-01 12:32:14,25.15
3,2025-01-01 12:32:19,24.54
3,2025-01-01 12:32:28,24.21
3,2025-01-01 12:32:44,23.5
3,2025-01-01 12:33:08,23.73
3,2025-01-01 12:33:13,23.13
3,2025-01-01 12:33:20,22.84
3,2025-01-01 12:33:32,22.34
3,2025-01-01 12:33:43,21.41
3,2025-01-01 12:34:07,20.57
3,2025-01-01 12:34:20,21.56
3,2025-01-01 12:34:35,21.41
3,2025-01-01 12:34:51,21.56
3,2025-01-01 12:35:00,21.89
3,2025-01-01 12:35:16,21.59
3,2025-01-01 12:35:34,22.39
3,2025-01-01 12:35:59,21.5
3,2025-01-01 12:36:17,21.35
3,2025-01-01 12:36:47,20.93
3,2025-01-01 12:36:58,20.44
3,2025-01-01 12:37:15,19.73
3,2025-01-01 12:37:32,18.92
3,2025-01-01 12:37:42,18.37
3,2025-01-01 12:37:51,18.88
3,2025-01-01 12:38:07,19.7
3,2025-01-01 12:38:21,19.9
3,2025-01-01 12:38:34,19.44
3,2025-01-01 12:38:51,19.99
3,2025-01-01 12:38:56,19.96
3,2025-01-01 12:39:25,18.99
3,2025-01-01 12:39:41,19.65
3,2025-01-01 12:39:51,20.53
3,2025-01-01 12:40:02,21.0
3,2025-01-01 12:40:31,21.76
3,2025-01-01 12:40:40,21.29
3,2025-01-01 12:40:58,20.7
3,2025-01-01 12:41:04,19.9
3,2025-01-01 12:41:16,20.36
3,2025-01-01 12:41:45,19.61
3,2025-01-01 12:41:50,18.9
3,2025-01-01 12:41:57,18.78
3,2025-01-01 12:42:10,17.88
3,2025-01-01 12:42:40,17.77
3,2025-01-01 12:43:02,18.09
3,2025-01-01 12:43:09,18.43
3,2025-01-01 12:43:27,18.2
3,2025-01-01 12:43:51,18.78
3,2025-01-01 12:44:09,17.93
3,2025-01-01 12:44:17,17.48
3,2025-01-01 12:44:31,17.94
3,2025-01-01 12:44:49,18.7
3,2025-01-01 12:44:55,18.65
3,2025-01-01 12:45:05,19.58
3,2025-01-01 12:45:28,20.32
3,2025-01-01 12:45:58,20.9
3,2025-01-01 12:46:08,20.97
3,2025-01-01 12:46:21,20.03
3,2025-01-01 12:46:26,20.28
3,2025-01-01 12:46:43,19.96
3,2025-01-01 12:46:56,20.79
3,2025-01-01 12:47:17,20.08
3,2025-01-01 12:47:41,19.8
3,2025-01-01 12:48:07,20.8
3,2025-01-01 12:48:35,20.11
3,2025-01-01 12:49:05,19.29
3,2025-01-01 12:49:28,18.9
3,2025-01-01 12:49:50,18.34
3,2025-01-01 12:50:18,17.7
3,2025-01-01 12:50:34,17.24
3,2025-01-01 12:51:03,16.69
3,2025-01-01 12:51:30,16.19
3,2025-01-01 12:51:35,16.62
3,2025-01-01 12:51:43,16.48
3,2025-01-01 12:52:02,16.0
3,2025-01-01 12:52:24,16.32
3,2025-01-01 12:52:53,17.3
3,2025-01-01 12:53:23,17.42
3,2025-01-01 12:53:53,18.3
3,2025-01-01 12:54:17,17.61
3,2025-01-01 12:54:41,18.07
3,2025-01-01 12:55:03,18.18
3,2025-01-01 12:55:24,17.71
3,2025-01-01 12:55:53,17.74
3,2025-01-01 12:56:22,18.01
3,2025-01-01 12:56:52,18.74
3,2025-01-01 12:57:10,18.15
3,2025-01-01 12:57:37,18.56
3,2025-01-01 12:58:05,18.47
3,2025-01-01 12:58:32,18.74
3,2025-01-01 12:58:50,17.77
3,2025-01-01 12:58:55,17.68
3,2025-01-01 12:59:22,18.48
3,2025-01-01 12:59:40,18.97
3,2025-01-01 13:00:09,18.99
3,2025-01-01 13:00:14,19.76
3,2025-01-01 13:00:41,20.75
3,2025-01-01 13:01:00,20.17
3,2025-01-01 13:01:24,19.71
3,2025-01-01 13:01:32,20.27
3,2025-01-01 13:01:43,19.93
3,2025-01-01 13:02:01,20.27
3,2025-01-01 13:02:18,20.85
3,2025-01-01 13:02:43,21.02
3,2025-01-01 13:02:51,20.32
3,2025-01-01 13:03:11,19.96
3,2025-01-01 13:03:29,19.41
3,2025-01-01 13:03:43,19.35
3,2025-01-01 13:04:04,19.66
3,2025-01-01 13:04:31,19.0
3,2025-01-01 13:04:51,18.74
3,2025-01-01 13:05:16,19.74
3,2025-01-01 13:05:44,18.99
3,2025-01-01 13:06:08,19.74
3,2025-01-01 13:06:32,18.99
3,2025-01-01 13:06:59,18.78
3,2025-01-01 13:07:25,18.74
3,2025-01-01 13:07:39,18.41
3,2025-01-01 13:07:52,18.39
3,2025-01-01 13:08:07,19.2
3,2025-01-01 13:08:19,19.0
3,2025-01-01 13:08:46,19.81
3,2025-01-01 13:08:58,19.6
3,2025-01-01 13:09:11,19.37
3,2025-01-01 13:09:28,20.05
3,2025-01-01 13:09:34,19.23
3,2025-01-01 13:09:50,18.86
3,2025-01-01 13:10:11,18.34
3,2025-01-01 13:10:23,19.12
3,2025-01-01 13:10:29,19.07
3,2025-01-01 13:10:51,18.15
3,2025-01-01 13:11:00,18.17
3,2025-01-01 13:11:26,19.03
3,2025-01-01 13:11:40,19.79
3,2025-01-01 13:12:10,19.82
3,2025-01-01 13:12:27,19.42
3,2025-01-01 13:12:34,19.64
3,2025-01-01 13:12:55,19.75
3,2025-01-01 13:13:00,19.07
3,2025-01-01 13:13:28,19.2
3,2025-01-01 13:13:33,19.18
3,2025-01-01 13:13:47,19.76
3,2025-01-01 13:14:12,20.06
3,2025-01-01 13:14:29,19.61
3,2025-01-01 13:14:54,18.68
3,2025-01-01 13:15:21,17.89
3,2025-01-01 13:15:51,17.45
3,2025-01-01 13:16:07,18.02
3,2025-01-01 13:16:30,18.6
3,2025-01-01 13:16:52,19.59
3,2025-01-01 13:17:08,18.89
3,2025-01-01 13:17:27,17.98
3,2025-01-01 13:17:36,17.77
3,2025-01-01 13:17:46,17.04
3,2025-01-01 13:18:07,17.73
3,2025-01-01 13:18:33,17.27
3,2025-01-01 13:18:44,17.49
3,2025-01-01 13:18:59,18.47
3,2025-01-01 13:19:21,17.75
3,2025-01-01 13:19:45,16.88
3,2025-01-01 13:19:58,16.8
3,2025-01-01 13:20:15,16.89
3,2025-01-01 13:20:40,16.89
3,2025-01-01 13:20:47,16.27
3,2025-01-01 13:21:07,16.48
3,2025-01-01 13:21:23,16.35
3,2025-01-01 13:21:40,15.57
3,2025-01-01 13:21:59,16.17
3,2025-01-01 13:22:15,16.07
3,2025-01-01 13:22:20,15.44
3,2025-01-01 13:22:29,15.71
3,2025-01-01 13:22:43,16.2
3,2025-01-01 13:22:57,16.22
3,2025-01-01 13:23:27,15.92
3,2025-01-01 13:23:49,15.84
3,2025-01-01 13:24:06,15.18
3,2025-01-01 13:24:24,15.48
3,2025-01-01 13:24:34,15.18
3,2025-01-01 13:24:41,15.95
3,2025-01-01 13:24:48,15.0
3,2025-01-01 13:25:18,14.6
3,2025-01-01 13:25:45,15.12
3,2025-01-01 13:25:50,15.1
3,2025-01-01 13:26:14,15.65
3,2025-01-01 13:26:25,15.94
3,2025-01-01 13:26:41,16.13
3,2025-01-01 13:27:08,16.79
3,2025-01-01 13:27:28,16.27
3,2025-01-01 13:27:35,15.66
3,2025-01-01 13:27:49,15.31
3,2025-01-01 13:28:06,14.78
3,2025-01-01 13:28:32,13.85
3,2025-01-01 13:28:40,14.82
3,2025-01-01 13:28:55,14.34
3,2025-01-01 13:29:18,14.19
3,2025-01-01 13:29:36,14.72
3,2025-01-01 13:29:42,15.54
3,2025-01-01 13:30:01,14.99
3,2025-01-01 13:30:28,15.2
3,2025-01-01 13:30:44,15.03
3,2025-01-01 13:31:07,15.15
3,2025-01-01 13:31:23,14.56
3,2025-01-01 13:31:37,14.6
3,2025-01-01 13:31:46,14.05
3,2025-01-01 13:32:11,13.93
3,2025-01-01 13:32:19,14.72
3,2025-01-01 13:32:41,15.15
3,2025-01-01 13:33:03,14.8
3,2025-01-01 13:33:15,15.06
3,2025-01-01 13:33:44,15.82
3,2025-01-01 13:33:56,15.55
3,2025-01-01 13:34:07,15.86
3,2025-01-01 13:34:32,15.4
3,2025-01-01 13:34:54,16.24
3,2025-01-01 13:35:06,15.5
3,2025-01-01 13:35:13,16.2
3,2025-01-01 13:35:27,15.69
3,2025-01-01 13:35:38,15.32
3,2025-01-01 13:36:00,14.36
3,2025-01-01 13:36:26,14.01
3,2025-01-01 13:36:36,13.05
3,2025-01-01 13:37:02,12.74
3,2025-01-01 13:37:18,12.73
3,2025-01-01 13:37:45,11.76
3,2025-01-01 13:38:08,11.0
3,2025-01-01 13:38:31,11.67
3,2025-01-01 13:38:45,11.52
3,2025-01-01 13:38:58,10.97
3,2025-01-01 13:39:11,10.31
3,2025-01-01 13:39:36,10.49
3,2025-01-01 13:39:43,9.76
3,2025-01-01 13:40:13,10.52
3,2025-01-01 13:40:24,11.01
3,2025-01-01 13:40:42,10.52
3,2025-01-01 13:40:59,9.75
3,2025-01-01 13:41:23,10.26
3,2025-01-01 13:41:53,10.01
3,2025-01-01 13:42:19,9.83
3,2025-01-01 13:42:29,9.69
3,2025-01-01 13:42:38,10.0
3,2025-01-01 13:43:04,10.81
3,2025-01-01 13:43:13,11.47
3,2025-01-01 13:43:26,11.01
3,2025-01-01 13:43:41,11.72
3,2025-01-01 13:43:59,12.41
3,2025-01-01 13:44:28,13.13
3,2025-01-01 13:44:47,13.77
3,2025-01-01 13:45:11,13.54
3,2025-01-01 13:45:33,13.63
3,2025-01-01 13:45:39,13.63
3,2025-01-01 13:46:05,14.12
3,2025-01-01 13:46:19,13.82
3,2025-01-01 13:46:43,14.02
3,2025-01-01 13:46:51,14.11
3,2025-01-01 13:47:03,13.68
3,2025-01-01 13:47:30,14.19
3,2025-01-01 13:47:59,13.54
3,2025-01-01 13:48:20,12.91
3,2025-01-01 13:48:45,12.53
3,2025-01-01 13:48:56,12.98
3,2025-01-01 13:49:07,12.46
3,2025-01-01 13:49:24,11.65
3,2025-01-01 13:49:52,11.16
3,2025-01-01 13:50:10,10.33
3,2025-01-01 13:50:26,11.32
3,2025-01-01 13:50:34,11.38
3,2025-01-01 13:50:51,12.38
3,2025-01-01 13:51:08,13.07
3,2025-01-01 13:51:28,12.88
3,2025-01-01 13:51:45,13.27
3,2025-01-01 13:51:51,13.01
3,2025-01-01 13:52:18,13.35
3,2025-01-01 13:52:37,14.15
3,2025-01-01 13:52:51,14.05
3,2025-01-01 13:52:58,15.04
3,2025-01-01 13:53:23,14.73
3,2025-01-01 13:53:28,14.3
3,2025-01-01 13:53:42,13.42
3,2025-01-01 13:54:06,12.76
3,2025-01-01 13:54:23,13.18
3,2025-01-01 13:54:34,13.09
3,2025-01-01 13:54:50,12.84
3,2025-01-01 13:55:01,12.82
3,2025-01-01 13:55:29,12.92
3,2025-01-01 13:55:53,12.49
3,2025-01-01 13:56:03,12.25
3,2025-01-01 13:56:32,11.35
3,2025-01-01 13:56:55,11.13
3,2025-01-01 13:57:20,10.32
3,2025-01-01 13:57:38,11.23
3,2025-01-01 13:57:49,12.07
3,2025-01-01 13:57:57,12.05
3,2025-01-01 13:58:19,11.86
3,2025-01-01 13:58:46,12.64
3,2025-01-01 13:59:16,13.26
3,2025-01-01 13:59:24,12.42
3,2025-01-01 13:59:34,11.97
3,2025-01-01 14:00:00,11.51
3,2025-01-01 14:00:17,10.83
3,2025-01-01 14:00:28,10.94
3,2025-01-01 14:00:41,10.26
3,2025-01-01 14:00:46,11.18
3,2025-01-01 14:00:59,10.28
3,2025-01-01 14:01:16,9.4
3,2025-01-01 14:01:26,9.48
3,2025-01-01 14:01:35,9.55
3,2025-01-01 14:01:57,9.94
3,2025-01-01 14:02:27,10.94
3,2025-01-01 14:02:54,10.7
3,2025-01-01 14:03:16,11.01
3,2025-01-01 14:03:31,11.3
3,2025-01-01 14:03:50,11.11
3,2025-01-01 14:04:07,10.84
3,2025-01-01 14:04:27,11.09
3,2025-01-01 14:04:52,10.91
3,2025-01-01 14:05:18,11.22
3,2025-01-01 14:05:23,11.2
3,2025-01-01 14:05:46,10.64
3,2025-01-01 14:06:10,11.13
3,2025-01-01 14:06:28,10.32
3,2025-01-01 14:06:44,10.9
3,2025-01-01 14:06:54,11.52
3,2025-01-01 14:07:16,11.24
3,2025-01-01 14:07:32,11.52
3,2025-01-01 14:07:50,11.82
3,2025-01-01 14:07:56,11.69
3,2025-01-01 14:08:17,11.43
3,2025-01-01 14:08:36,12.19
3,2025-01-01 14:09:02,11.96
3,2025-01-01 14:09:20,12.9
3,2025-01-01 14:09:40,12.74
3,2025-01-01 14:09:45,11.96
3,2025-01-01 14:10:12,11.01
3,2025-01-01 14:10:18,10.65
3,2025-01-01 14:10:38,10.87
3,2025-01-01 14:10:57,11.02
3,2025-01-01 14:11:23,11.34
3,2025-01-01 14:11:53,12.28
3,2025-01-01 14:12:15,12.32
3,2025-01-01 14:12:37,11.75
3,2025-01-01 14:12:46,11.96
3,2025-01-01 14:13:15,12.32
3,2025-01-01 14:13:30,13.13
3,2025-01-01 14:13:37,13.42
3,2025-01-01 14:13:42,12.67
3,2025-01-01 14:13:48,13.3
3,2025-01-01 14:14:18,13.57
3,2025-01-01 14:14:31,14.39
3,2025-01-01 14:15:00,13.91
3,2025-01-01 14:15:24,13.01
3,2025-01-01 14:15:45,12.73
3,2025-01-01 14:15:50,13.63
3,2025-01-01 14:15:55,13.66
3,2025-01-01 14:16:09,13.9
3,2025-01-01 14:16:19,14.87
3,2025-01-01 14:16:28,15.07
3,2025-01-01 14:16:51,15.55
3,2025-01-01 14:16:59,16.06
3,2025-01-01 14:17:11,15.09
3,2025-01-01 14:17:27,14.56
3,2025-01-01 14:17:57,15.45
3,2025-01-01 14:18:11,15.92
3,2025-01-01 14:18:36,15.28
3,2025-01-01 14:19:00,14.7
3,2025-01-01 14:19:15,14.36
3,2025-01-01 14:19:40,15.06
3,2025-01-01 14:20:07,15.52
3,2025-01-01 14:20:29,16.22
3,2025-01-01 14:20:58,16.42
3,2025-01-01 14:21:10,15.78
3,2025-01-01 14:21:19,15.83
3,2025-01-01 14:21:49,15.31
3,2025-01-01 14:22:10,15.71
3,2025-01-01 14:22:36,15.12
3,2025-01-01 14:22:52,14.97
3,2025-01-01 14:23:09,14.35
3,2025-01-01 14:23:23,14.78
3,2025-01-01 14:23:29,15.75
3,2025-01-01 14:23:43,16.66
3,2025-01-01 14:23:57,15.72
3,2025-01-01 14:24:12,16.46
3,2025-01-01 14:24:20,16.54
3,2025-01-01 14:24:33,15.94
3,2025-01-01 14:24:58,16.74
3,2025-01-01 14:25:11,17.17
3,2025-01-01 14:25:38,17.49
3,2025-01-01 14:25:46,17.3
3,2025-01-01 14:26:09,17.76
3,2025-01-01 14:26:15,17.53
3,2025-01-01 14:26:42,17.69
3,2025-01-01 14:26:54,17.56
3,2025-01-01 14:27:17,17.02
3,2025-01-01 14:27:36,17.6
3,2025-01-01 14:27:55,16.88
3,2025-01-01 14:28:19,17.15
3,2025-01-01 14:28:28,16.77
3,2025-01-01 14:28:54,17.66
3,2025-01-01 14:29:19,17.71
3,2025-01-01 14:29:43,17.57
3,2025-01-01 14:30:08,18.07
3,2025-01-01 14:30:38,18.15
3,2025-01-01 14:30:58,17.58
3,2025-01-01 14:31:06,17.1
3,2025-01-01 14:31:21,17.05
3,2025-01-01 14:31:40,16.69
3,2025-01-01 14:32:08,16.62
3,2025-01-01 14:32:16,16.04
3,2025-01-01 14:32:45,15.63
3,2025-01-01 14:32:56,15.32
3,2025-01-01 14:33:21,15.29
3,2025-01-01 14:33:28,15.97
3,2025-01-01 14:33:38,16.44
3,2025-01-01 14:34:05,17.02
3,2025-01-01 14:34:34,17.4
3,2025-01-01 14:34:45,17.64
3,2025-01-01 14:35:13,18.05
3,2025-01-01 14:35:28,18.64
3,2025-01-01 14:35:55,17.95
3,2025-01-01 14:36:01,18.61
3,2025-01-01 14:36:31,18.1
3,2025-01-01 14:36:49,19.07
3,2025-01-01 14:37:02,19.51
3,2025-01-01 14:37:32,19.52
3,2025-01-01 14:37:42,19.92
3,2025-01-01 14:37:56,20.61
3,2025-01-01 14:38:23,19.83
3,2025-01-01 14:38:31,20.09
3,2025-01-01 14:38:50,19.56
3,2025-01-01 14:39:12,18.6
3,2025-01-01 14:39:41,18.46
3,2025-01-01 14:39:47,17.95
3,2025-01-01 14:40:13,17.57
3,2025-01-01 14:40:37,16.9
3,2025-01-01 14:40:52,17.44
3,2025-01-01 14:41:19,17.65
3,2025-01-01 14:41:46,17.62
3,2025-01-01 14:42:12,17.42
3,2025-01-01 14:42:28,18.31
3,2025-01-01 14:42:43,17.56
3,2025-01-01 14:43:03,17.46
3,2025-01-01 14:43:14,16.52
3,2025-01-01 14:43:19,17.08
3,2025-01-01 14:43:30,17.05
3,2025-01-01 14:43:35,17.62
3,2025-01-01 14:43:52,18.08
3,2025-01-01 14:44:04,17.17
3,2025-01-01 14:44:30,17.74
3,2025-01-01 14:44:57,17.76
3,2025-01-01 14:45:18,18.39
3,2025-01-01 14:45:26,18.45
3,2025-01-01 14:45:43,19.13
3,2025-01-01 14:46:03,18.2
3,2025-01-01 14:46:21,18.95
3,2025-01-01 14:46:40,18.42
3,2025-01-01 14:47:07,18.33
3,2025-01-01 14:47:35,18.97
3,2025-01-01 14:47:45,18.66
3,2025-01-01 14:48:13,19.12
3,2025-01-01 14:48:25,19.28
3,2025-01-01 14:48:39,19.62
3,2025-01-01 14:48:45,19.79
3,2025-01-01 14:48:51,20.71
3,2025-01-01 14:49:05,19.88
3,2025-01-01 14:49:31,19.58
3,2025-01-01 14:49:51,19.27
3,2025-01-01 14:50:18,18.92
3,2025-01-01 14:50:28,19.61
3,2025-01-01 14:50:37,19.54
3,2025-01-01 14:51:01,19.21
3,2025-01-01 14:51:07,18.37
3,2025-01-01 14:51:20,18.53
3,2025-01-01 14:51:31,19.28
3,2025-01-01 14:51:36,18.89
3,2025-01-01 14:51:59,18.11
3,2025-01-01 14:52:17,18.88
3,2025-01-01 14:52:36,19.3
3,2025-01-01 14:53:04,18.55
3,2025-01-01 14:53:11,19.0
3,2025-01-01 14:53:34,18.41
3,2025-01-01 14:53:58,18.63
3,2025-01-01 14:54:19,18.78
3,2025-01-01 14:54:24,18.72
3,2025-01-01 14:54:48,17.79
3,2025-01-01 14:55:09,17.22
3,2025-01-01 14:55:31,16.57
3,2025-01-01 14:55:41,16.36
3,2025-01-01 14:56:08,16.56
3,2025-01-01 14:56:14,15.84
3,2025-01-01 14:56:34,16.63
3,2025-01-01 14:56:53,16.75
3,2025-01-01 14:57:01,16.21
3,2025-01-01 14:57:25,15.34
3,2025-01-01 14:57:46,16.17
3,2025-01-01 14:58:06,15.89
3,2025-01-01 14:58:17,16.32
3,2025-01-01 14:58:42,15.54
3,2025-01-01 14:58:51,15.8
3,2025-01-01 14:59:11,15.22
3,2025-01-01 14:59:37,14.75
3,2025-01-01 15:00:03,14.47
3,2025-01-01 15:00:20,14.23
3,2025-01-01 15:00:41,13.37
3,2025-01-01 15:00:50,13.07
3,2025-01-01 15:01:01,12.71
3,2025-01-01 15:01:19,12.79
3,2025-01-01 15:01:44,13.59
3,2025-01-01 15:02:03,13.67
3,2025-01-01 15:02:08,13.53
3,2025-01-01 15:02:26,12.81
3,2025-01-01 15:02:36,11.91
3,2025-01-01 15:02:52,11.09
3,2025-01-01 15:03:00,10.47
3,2025-01-01 15:03:06,10.35
3,2025-01-01 15:03:29,9.73
3,2025-01-01 15:03:56,9.51
3,2025-01-01 15:04:12,9.83
3,2025-01-01 15:04:18,10.2
3,2025-01-01 15:04:40,9.38
3,2025-01-01 15:04:55,9.86
3,2025-01-01 15:05:19,9.95
3,2025-01-01 15:05:30,9.25
3,2025-01-01 15:05:59,10.2
3,2025-01-01 15:06:19,9.97
3,2025-01-01 15:06:48,10.68
3,2025-01-01 15:07:08,10.43
3,2025-01-01 15:07:19,10.73
3,2025-01-01 15:07:24,10.77
3,2025-01-01 15:07:31,9.84
3,2025-01-01 15:07:55,9.36
3,2025-01-01 15:08:12,8.98
3,2025-01-01 15:08:30,9.6
3,2025-01-01 15:08:38,9.83
3,2025-01-01 15:08:51,10.67
3,2025-01-01 15:08:58,10.44
3,2025-01-01 15:09:12,9.91
3,2025-01-01 15:09:35,10.54
3,2025-01-01 15:10:04,10.68
3,2025-01-01 15:10:21,11.16
3,2025-01-01 15:10:27,10.58
3,2025-01-01 15:10:42,10.83
3,2025-01-01 15:10:54,11.03
3,2025-01-01 15:11:09,10.61
3,2025-01-01 15:11:31,10.41
3,2025-01-01 15:11:40,11.34
3,2025-01-01 15:12:06,10.42
3,2025-01-01 15:12:36,10.29
3,2025-01-01 15:13:02,11.03
3,2025-01-01 15:13:28,10.45
3,2025-01-01 15:13:54,9.49
3,2025-01-01 15:14:03,10.3
3,2025-01-01 15:14:12,10.13
3,2025-01-01 15:14:24,10.53
3,2025-01-01 15:14:45,9.98
3,2025-01-01 15:14:50,9.06
3,2025-01-01 15:15:08,8.58
3,2025-01-01 15:15:30,9.47
3,2025-01-01 15:15:57,9.64
3,2025-01-01 15:16:15,9.75
3,2025-01-01 15:16:32,10.19
3,2025-01-01 15:16:43,10.83
3,2025-01-01 15:17:08,10.72
3,2025-01-01 15:17:19,11.17
3,2025-01-01 15:17:40,11.97
3,2025-01-01 15:18:09,12.4
3,2025-01-01 15:18:20,13.08
3,2025-01-01 15:18:25,12.4
3,2025-01-01 15:18:32,12.43
3,2025-01-01 15:18:42,12.14
3,2025-01-01 15:19:06,12.1
3,2025-01-01 15:19:31,11.65
3,2025-01-01 15:19:36,12.37
3,2025-01-01 15:19:56,12.44
3,2025-01-01 15:20:11,12.3
3,2025-01-01 15:20:37,12.85
3,2025-01-01 15:20:51,13.04
3,2025-01-01 15:21:02,13.69
3,2025-01-01 15:21:21,13.56
3,2025-01-01 15:21:49,13.68
3,2025-01-01 15:22:01,14.53
3,2025-01-01 15:22:12,15.47
3,2025-01-01 15:22:20,14.95
3,2025-01-01 15:22:48,13.96
3,2025-01-01 15:22:58,13.88
3,2025-01-01 15:23:22,13.15
3,2025-01-01 15:23:28,12.41
3,2025-01-01 15:23:44,11.93
3,2025-01-01 15:23:52,11.59
3,2025-01-01 15:23:57,12.34
3,2025-01-01 15:24:13,13.04
3,2025-01-01 15:24:33,13.36
3,2025-01-01 15:24:56,13.46
3,2025-01-01 15:25:09,14.3
3,2025-01-01 15:25:32,13.67
3,2025-01-01 15:26:01,12.88
3,2025-01-01 15:26:28,12.72
3,2025-01-01 15:26:37,12.44
3,2025-01-01 15:27:01,13.15
3,2025-01-01 15:27:18,13.74
3,2025-01-01 15:27:29,13.28
3,2025-01-01 15:27:42,14.1
3,2025-01-01 15:28:02,13.54
3,2025-01-01 15:28:32,13.45
3,2025-01-01 15:28:40,13.73
3,2025-01-01 15:29:05,13.69
3,2025-01-01 15:29:30,13.52
3,2025-01-01 15:29:51,14.45
3,2025-01-01 15:30:07,14.11
3,2025-01-01 15:30:15,13.77
3,2025-01-01 15:30:20,13.24
3,2025-01-01 15:30:29,12.27
3,2025-01-01 15:30:45,12.43
3,2025-01-01 15:30:55,13.22
3,2025-01-01 15:31:12,14.07
3,2025-01-01 15:31:31,13.8
3,2025-01-01 15:31:43,14.74
3,2025-01-01 15:32:10,15.14
3,2025-01-01 15:32:38,15.56
3,2025-01-01 15:32:53,15.87
3,2025-01-01 15:33:07,15.59
3,2025-01-01 15:33:36,15.93
3,2025-01-01 15:34:01,15.28
3,2025-01-01 15:34:27,15.27
3,2025-01-01 15:34:52,14.63
3,2025-01-01 15:35:20,15.4
3,2025-01-01 15:35:50,15.21
3,2025-01-01 15:36:15,16.05
3,2025-01-01 15:36:23,16.49
3,2025-01-01 15:36:51,16.81
3,2025-01-01 15:37:13,17.07
3,2025-01-01 15:37:24,18.02
3,2025-01-01 15:37:42,17.54
3,2025-01-01 15:38:00,18.11
3,2025-01-01 15:38:15,18.61
3,2025-01-01 15:38:31,18.55
3,2025-01-01 15:38:54,18.57
3,2025-01-01 15:39:11,18.42
3,2025-01-01 15:39:35,17.83
3,2025-01-01 15:39:49,17.14
3,2025-01-01 15:39:54,17.78
3,2025-01-01 15:40:07,16.99
3,2025-01-01 15:40:36,16.87
3,2025-01-01 15:40:55,17.83
3,2025-01-01 15:41:22,17.93
3,2025-01-01 15:41:37,18.31
3,2025-01-01 15:41:44,18.39
3,2025-01-01 15:42:11,18.19
3,2025-01-01 15:42:36,17.54
3,2025-01-01 15:42:47,17.14
3,2025-01-01 15:43:04,17.03
3,2025-01-01 15:43:26,16.06
3,2025-01-01 15:43:52,16.95
3,2025-01-01 15:44:08,17.91
3,2025-01-01 15:44:17,17.52
3,2025-01-01 15:44:42,18.44
3,2025-01-01 15:45:09,17.58
3,2025-01-01 15:45:32,17.93
3,2025-01-01 15:46:02,18.44
3,2025-01-01 15:46:26,18.9
3,2025-01-01 15:46:47,19.33
3,2025-01-01 15:46:59,20.12
3,2025-01-01 15:47:10,21.08
3,2025-01-01 15:47:21,21.29
3,2025-01-01 15:47:43,20.44
3,2025-01-01 15:47:54,20.04
3,2025-01-01 15:48:17,20.16
3,2025-01-01 15:48:23,21.12
3,2025-01-01 15:48:35,20.87
3,2025-01-01 15:48:55,20.33
3,2025-01-01 15:49:22,20.83
3,2025-01-01 15:49:35,20.21
3,2025-01-01 15:50:01,20.63
3,2025-01-01 15:50:17,20.46
3,2025-01-01 15:50:47,20.14
3,2025-01-01 15:50:56,20.91
3,2025-01-01 15:51:19,21.57
3,2025-01-01 15:51:38,21.91
3,2025-01-01 15:52:07,22.7
3,2025-01-01 15:52:25,22.45
3,2025-01-01 15:52:35,22.0
3,2025-01-01 15:52:48,21.85
3,2025-01-01 15:53:11,20.95
3,2025-01-01 15:53:16,21.24
3,2025-01-01 15:53:32,20.33
3,2025-01-01 15:53:37,20.4
3,2025-01-01 15:54:07,21.28
3,2025-01-01 15:54:19,20.47
3,2025-01-01 15:54:24,20.02
3,2025-01-01 15:54:46,19.45
3,2025-01-01 15:55:15,20.23
3,2025-01-01 15:55:44,21.08
3,2025-01-01 15:55:56,20.69
3,2025-01-01 15:56:20,20.25
3,2025-01-01 15:56:42,21.05
3,2025-01-01 15:57:02,20.62
3,2025-01-01 15:57:14,19.84
3,2025-01-01 15:57:33,20.28
3,2025-01-01 15:57:58,20.88
3,2025-01-01 15:58:14,21.71
3,2025-01-01 15:58:20,20.94
3,2025-01-01 15:58:32,21.76
3,2025-01-01 15:58:56,22.02
3,2025-01-01 15:59:18,21.03
3,2025-01-01 15:59:32,20.06
3,2025-01-01 15:59:44,20.26
3,2025-01-01 15:59:51,20.59
3,2025-01-01 16:00:00,19.73
3,2025-01-01 16:00:16,18.79
3,2025-01-01 16:00:43,19.44
3,2025-01-01 16:00:50,20.14
3,2025-01-01 16:01:08,19.63
3,2025-01-01 16:01:18,18.81
3,2025-01-01 16:01:35,17.82
3,2025-01-01 16:02:04,18.24
3,2025-01-01 16:02:33,17.52
3,2025-01-01 16:02:50,17.94
3,2025-01-01 16:03:09,17.51
3,2025-01-01 16:03:35,17.54
3,2025-01-01 16:03:43,17.78
3,2025-01-01 16:04:06,17.98
3,2025-01-01 16:04:13,17.63
3,2025-01-01 16:04:40,18.24
3,2025-01-01 16:04:52,18.91
3,2025-01-01 16:05:10,18.96
3,2025-01-01 16:05:22,18.89
3,2025-01-01 16:05:44,18.94
3,2025-01-01 16:06:00,19.72
3,2025-01-01 16:06:25,19.43
3,2025-01-01 16:06:40,19.17
3,2025-01-01 16:06:56,18.77
3,2025-01-01 16:07:23,18.93
3,2025-01-01 16:07:40,18.36
3,2025-01-01 16:07:46,17.69
3,2025-01-01 16:07:54,18.3
3,2025-01-01 16:08:20,17.61
3,2025-01-01 16:08:28,18.1
3,2025-01-01 16:08:36,17.44
3,2025-01-01 16:09:01,16.7
3,2025-01-01 16:09:20,16.33
3,2025-01-01 16:09:36,16.07
3,2025-01-01 16:10:06,15.44
3,2025-01-01 16:10:31,16.29
3,2025-01-01 16:10:47,15.83
3,2025-01-01 16:11:15,15.83
3,2025-01-01 16:11:44,16.1
3,2025-01-01 16:11:57,16.06
3,2025-01-01 16:12:22,15.64
3,2025-01-01 16:12:51,14.67
3,2025-01-01 16:13:08,14.16
3,2025-01-01 16:13:33,14.76
3,2025-01-01 16:13:47,14.54
3,2025-01-01 16:14:01,13.73
3,2025-01-01 16:14:31,14.55
3,2025-01-01 16:14:42,14.05
3,2025-01-01 16:14:49,13.95
3,2025-01-01 16:15:08,13.38
3,2025-01-01 16:15:17,12.46
3,2025-01-01 16:15:39,12.4
3,2025-01-01 16:15:53,11.77
3,2025-01-01 16:16:19,11.1
3,2025-01-01 16:16:25,11.95
3,2025-01-01 16:16:45,12.25
3,2025-01-01 16:17:13,13.05
3,2025-01-01 16:17:25,13.52
3,2025-01-01 16:17:36,13.38
3,2025-01-01 16:18:01,13.89
3,2025-01-01 16:18:07,14.85
3,2025-01-01 16:18:25,13.99
3,2025-01-01 16:18:48,13.44
3,2025-01-01 16:19:14,13.45
3,2025-01-01 16:19:35,13.18
3,2025-01-01 16:19:46,12.34
3,2025-01-01 16:19:56,12.17
3,2025-01-01 16:20:17,12.31
3,2025-01-01 16:20:45,12.23
3,2025-01-01 16:20:52,12.43
3,2025-01-01 16:21:03,11.58
3,2025-01-01 16:21:11,12.21
3,2025-01-01 16:21:31,11.88
3,2025-01-01 16:21:42,10.88
3,2025-01-01 16:21:47,11.11
3,2025-01-01 16:22:09,12.02
3,2025-01-01 16:22:16,11.06
3,2025-01-01 16:22:35,11.12
3,2025-01-01 16:23:02,10.32
3,2025-01-01 16:23:19,10.46
3,2025-01-01 16:23:35,9.67
3,2025-01-01 16:23:57,9.98
3,2025-01-01 16:24:22,8.98
3,2025-01-01 16:24:42,9.64
3,2025-01-01 16:25:01,9.41
3,2025-01-01 16:25:15,8.56
3,2025-01-01 16:25:40,8.99
3,2025-01-01 16:26:07,9.71
3,2025-01-01 16:26:17,9.18
3,2025-01-01 16:26:32,9.13
3,2025-01-01 16:26:49,9.43
3,2025-01-01 16:27:06,9.84
3,2025-01-01 16:27:11,10.39
3,2025-01-01 16:27:41,9.67
3,2025-01-01 16:28:08,9.7
3,2025-01-01 16:28:25,8.85
3,2025-01-01 16:28:30,8.49
3,2025-01-01 16:28:56,7.63
3,2025-01-01 16:29:10,6.84
3,2025-01-01 16:29:30,5.89
3,2025-01-01 16:29:46,5.86
3,2025-01-01 16:30:09,5.69
3,2025-01-01 16:30:38,6.47
3,2025-01-01 16:30:56,5.6
3,2025-01-01 16:31:03,5.36
3,2025-01-01 16:31:14,4.45
3,2025-01-01 16:31:43,5.01
3,2025-01-01 16:32:08,5.55
3,2025-01-01 16:32:32,6.47
3,2025-01-01 16:32:39,6.85
3,2025-01-01 16:32:53,6.72
3,2025-01-01 16:33:10,6.39
3,2025-01-01 16:33:19,6.49
3,2025-01-01 16:33:44,5.94
3,2025-01-01 16:34:02,4.95
3,2025-01-01 16:34:12,5.81
3,2025-01-01 16:34:42,5.46
3,2025-01-01 16:34:54,5.36
3,2025-01-01 16:35:08,6.3
3,2025-01-01 16:35:32,7.22
3,2025-01-01 16:35:48,7.14
3,2025-01-01 16:36:09,6.24
3,2025-01-01 16:36:34,5.27
3,2025-01-01 16:36:52,4.45
3,2025-01-01 16:37:03,3.95
3,2025-01-01 16:37:19,3.82
3,2025-01-01 16:37:47,3.19
3,2025-01-01 16:38:09,3.76
3,2025-01-01 16:38:35,4.01
3,2025-01-01 16:38:40,4.71
3,2025-01-01 16:39:06,4.52
3,2025-01-01 16:39:16,5.09
3,2025-01-01 16:39:30,4.57
3,2025-01-01 16:39:44,4.91
3,2025-01-01 16:39:51,4.51
3,2025-01-01 16:40:06,5.3
3,2025-01-01 16:40:26,6.14
3,2025-01-01 16:40:47,6.02
3,2025-01-01 16:40:53,5.41
3,2025-01-01 16:41:02,4.94
3,2025-01-01 16:41:23,4.19
3,2025-01-01 16:41:48,4.43
3,2025-01-01 16:42:15,4.6
3,2025-01-01 16:42:20,4.85
3,2025-01-01 16:42:30,5.06
3,2025-01-01 16:42:35,5.22
3,2025-01-01 16:42:46,5.2
3,2025-01-01 16:42:57,6.07
3,2025-01-01 16:43:18,5.14
3,2025-01-01 16:43:25,5.18
3,2025-01-01 16:43:44,4.32
3,2025-01-01 16:44:11,4.88
3,2025-01-01 16:44:22,4.09
3,2025-01-01 16:44:40,5.03
3,2025-01-01 16:44:52,4.63
3,2025-01-01 16:45:04,4.47
3,2025-01-01 16:45:32,4.39
3,2025-01-01 16:45:37,4.62
3,2025-01-01 16:45:50,4.37
3,2025-01-01 16:46:19,4.94
3,2025-01-01 16:46:35,4.6
3,2025-01-01 16:46:52,4.87
3,2025-01-01 16:47:15,4.43
3,2025-01-01 16:47:37,4.84
3,2025-01-01 16:47:47,5.14
3,2025-01-01 16:47:55,5.4
3,2025-01-01 16:48:15,5.65
3,2025-01-01 16:48:43,5.94
3,2025-01-01 16:48:59,6.46
3,2025-01-01 16:49:11,5.83
3,2025-01-01 16:49:41,5.12
3,2025-01-01 16:49:50,5.23
3,2025-01-01 16:50:20,4.79
3,2025-01-01 16:50:38,5.47
3,2025-01-01 16:50:52,5.52
3,2025-01-01 16:51:12,4.63
3,2025-01-01 16:51:41,5.55
3,2025-01-01 16:52:05,6.38
3,2025-01-01 16:52:16,6.7
3,2025-01-01 16:52:44,6.85
3,2025-01-01 16:53:04,6.41
3,2025-01-01 16:53:32,6.77
3,2025-01-01 16:53:39,7.74
3,2025-01-01 16:53:44,6.93
3,2025-01-01 16:53:49,6.34
3,2025-01-01 16:54:00,5.73
3,2025-01-01 16:54:09,5.02
3,2025-01-01 16:54:35,4.31
3,2025-01-01 16:55:00,4.07
3,2025-01-01 16:55:22,3.73
3,2025-01-01 16:55:30,3.61
3,2025-01-01 16:56:00,3.45
3,2025-01-01 16:56:06,4.44
3,2025-01-01 16:56:16,4.53
3,2025-01-01 16:56:38,3.97
3,2025-01-01 16:57:07,3.98
3,2025-01-01 16:57:15,3.13
3,2025-01-01 16:57:34,3.25
3,2025-01-01 16:57:42,2.73
3,2025-01-01 16:57:56,2.7
3,2025-01-01 16:58:03,3.12
3,2025-01-01 16:58:11,3.05
3,2025-01-01 16:58:34,2.33
3,2025-01-01 16:58:43,2.06
3,2025-01-01 16:59:05,2.36
3,2025-01-01 16:59:31,1.8
3,2025-01-01 17:00:00,1.49
3,2025-01-01 17:00:29,1.72
3,2025-01-01 17:00:46,2.23
3,2025-01-01 17:01:16,2.03
3,2025-01-01 17:01:31,2.01
3,2025-01-01 17:01:50,2.89
3,2025-01-01 17:02:15,1.89
3,2025-01-01 17:02:22,2.4
3,2025-01-01 17:02:28,2.04
3,2025-01-01 17:02:43,1.17
3,2025-01-01 17:03:09,0.65
3,2025-01-01 17:03:14,-0.0
3,2025-01-01 17:03:27,0.9
3,2025-01-01 17:03:36,0.39
3,2025-01-01 17:03:56,-0.18
3,2025-01-01 17:04:14,-0.45
3,2025-01-01 17:04:43,-1.22
3,2025-01-01 17:05:01,-1.05
3,2025-01-01 17:05:08,-1.09
3,2025-01-01 17:05:31,-0.45
3,2025-01-01 17:05:49,-1.13
3,2025-01-01 17:06:15,-0.53
3,2025-01-01 17:06:31,-0.82
3,2025-01-01 17:06:51,-1.15
3,2025-01-01 17:06:58,-1.57
3,2025-01-01 17:07:11,-1.69
3,2025-01-01 17:07:41,-0.93
3,2025-01-01 17:07:55,-1.8
3,2025-01-01 17:08:14,-1.54
3,2025-01-01 17:08:43,-0.93
3,2025-01-01 17:09:02,-0.33
3,2025-01-01 17:09:21,-0.17
3,2025-01-01 17:09:47,0.67
3,2025-01-01 17:10:11,1.37
3,2025-01-01 17:10:31,0.57
3,2025-01-01 17:10:58,1.55
3,2025-01-01 17:11:22,1.41
3,2025-01-01 17:11:44,1.09
3,2025-01-01 17:12:08,1.21
3,2025-01-01 17:12:29,0.22
3,2025-01-01 17:12:35,-0.43
3,2025-01-01 17:12:45,-1.01
3,2025-01-01 17:13:09,-0.27
3,2025-01-01 17:13:19,0.26
3,2025-01-01 17:13:26,-0.34
3,2025-01-01 17:13:32,0.44
3,2025-01-01 17:14:01,0.83
3,2025-01-01 17:14:18,0.41
3,2025-01-01 17:14:40,0.8
3,2025-01-01 17:14:53,1.55
3,2025-01-01 17:15:18,2.25
3,2025-01-01 17:15:45,2.17
3,2025-01-01 17:16:11,3.15
3,2025-01-01 17:16:41,2.18
3,2025-01-01 17:16:47,2.25
3,2025-01-01 17:17:05,2.25
3,2025-01-01 17:17:16,1.41
3,2025-01-01 17:17:30,0.78
3,2025-01-01 17:17:55,1.3
3,2025-01-01 17:18:05,2.07
3,2025-01-01 17:18:33,2.93
3,2025-01-01 17:18:51,2.68
3,2025-01-01 17:19:01,1.86
3,2025-01-01 17:19:25,1.96
3,2025-01-01 17:19:42,1.87
3,2025-01-01 17:19:54,2.42
3,2025-01-01 17:20:24,3.32
3,2025-01-01 17:20:48,3.56
3,2025-01-01 17:21:10,4.32
3,2025-01-01 17:21:20,5.15
3,2025-01-01 17:21:47,4.41
3,2025-01-01 17:22:11,4.32
3,2025-01-01 17:22:35,3.9
3,2025-01-01 17:23:01,4.68
3,2025-01-01 17:23:25,4.29
3,2025-01-01 17:23:31,5.0
3,2025-01-01 17:23:40,4.7
3,2025-01-01 17:24:01,4.09
3,2025-01-01 17:24:27,3.11
3,2025-01-01 17:24:33,4.05
3,2025-01-01 17:25:02,4.76
3,2025-01-01 17:25:26,4.59
3,2025-01-01 17:25:31,5.14
3,2025-01-01 17:25:41,5.49
3,2025-01-01 17:26:05,6.22
3,2025-01-01 17:26:20,5.79
3,2025-01-01 17:26:28,5.35
3,2025-01-01 17:26:47,4.47
3,2025-01-01 17:26:58,4.14
3,2025-01-01 17:27:22,4.9
3,2025-01-01 17:27:42,5.72
3,2025-01-01 17:28:02,4.9
3,2025-01-01 17:28:24,5.59
3,2025-01-01 17:28:34,5.22
3,2025-01-01 17:28:45,6.11
3,2025-01-01 17:28:59,5.45
3,2025-01-01 17:29:15,5.82
3,2025-01-01 17:29:32,6.32
3,2025-01-01 17:29:44,6.76
3,2025-01-01 17:29:58,6.21
3,2025-01-01 17:30:05,6.33
3,2025-01-01 17:30:15,7.26
3,2025-01-01 17:30:34,7.33
3,2025-01-01 17:30:41,8.13
3,2025-01-01 17:30:59,8.36
3,2025-01-01 17:31:18,8.99
3,2025-01-01 17:31:48,9.11
3,2025-01-01 17:31:54,8.21
3,2025-01-01 17:32:09,9.03
3,2025-01-01 17:32:17,9.31
3,2025-01-01 17:32:30,9.78
3,2025-01-01 17:32:38,10.29
3,2025-01-01 17:33:08,10.97
3,2025-01-01 17:33:31,10.22
3,2025-01-01 17:33:48,9.8
3,2025-01-01 17:33:54,9.91
3,2025-01-01 17:34:02,9.35
3,2025-01-01 17:34:30,10.14
3,2025-01-01 17:34:41,9.8
3,2025-01-01 17:35:10,10.18
3,2025-01-01 17:35:31,10.04
3,2025-01-01 17:35:47,10.06
3,2025-01-01 17:36:07,10.36
3,2025-01-01 17:36:28,10.57
3,2025-01-01 17:36:35,10.4
3,2025-01-01 17:37:05,9.85
3,2025-01-01 17:37:25,9.94
3,2025-01-01 17:37:36,10.24
3,2025-01-01 17:38:03,10.39
3,2025-01-01 17:38:27,9.41
3,2025-01-01 17:38:39,10.15
3,2025-01-01 17:38:45,9.66
3,2025-01-01 17:39:11,9.25
3,2025-01-01 17:39:30,10.0
3,2025-01-01 17:39:39,9.1
3,2025-01-01 17:39:54,8.61
3,2025-01-01 17:40:11,7.69
3,2025-01-01 17:40:35,8.0
3,2025-01-01 17:41:03,7.51
3,2025-01-01 17:41:12,7.0
3,2025-01-01 17:41:29,7.04
3,2025-01-01 17:41:49,7.9
3,2025-01-01 17:42:15,7.07
3,2025-01-01 17:42:22,6.16
3,2025-01-01 17:42:37,6.8
3,2025-01-01 17:42:54,6.77
3,2025-01-01 17:43:10,6.24
3,2025-01-01 17:43:21,6.53
3,2025-01-01 17:43:33,6.32
3,2025-01-01 17:43:50,5.51
3,2025-01-01 17:44:18,6.47
3,2025-01-01 17:44:37,5.77
3,2025-01-01 17:45:07,6.18
3,2025-01-01 17:45:20,5.56
3,2025-01-01 17:45:50,5.39
3,2025-01-01 17:46:05,5.42
3,2025-01-01 17:46:17,4.9
3,2025-01-01 17:46:42,3.92
3,2025-01-01 17:47:12,2.99
3,2025-01-01 17:47:17,3.02
3,2025-01-01 17:47:25,2.55
3,2025-01-01 17:47:37,2.58
3,2025-01-01 17:48:07,2.09
3,2025-01-01 17:48:28,1.88
3,2025-01-01 17:48:55,1.31
3,2025-01-01 17:49:01,1.14
3,2025-01-01 17:49:12,0.78
3,2025-01-01 17:49:30,1.76
3,2025-01-01 17:49:56,2.17
3,2025-01-01 17:50:03,2.2
3,2025-01-01 17:50:20,2.09
3,2025-01-01 17:50:38,1.39
3,2025-01-01 17:50:48,1.44
3,2025-01-01 17:51:16,1.41
3,2025-01-01 17:51:43,1.33
3,2025-01-01 17:52:06,0.87
3,2025-01-01 17:52:16,1.23
3,2025-01-01 17:52:23,1.09
3,2025-01-01 17:52:53,0.68
3,2025-01-01 17:53:11,0.87
3,2025-01-01 17:53:34,0.25
3,2025-01-01 17:53:43,-0.66
3,2025-01-01 17:54:05,-0.64
3,2025-01-01 17:54:30,0.27
3,2025-01-01 17:54:59,-0.03
3,2025-01-01 17:55:04,0.52
3,2025-01-01 17:55:19,-0.03
3,2025-01-01 17:55:46,0.73
3,2025-01-01 17:55:51,0.48
3,2025-01-01 17:56:09,0.46
3,2025-01-01 17:56:36,-0.14
3,2025-01-01 17:56:47,-0.17
3,2025-01-01 17:57:04,0.41
3,2025-01-01 17:57:12,0.36
3,2025-01-01 17:57:42,0.41
3,2025-01-01 17:58:12,-0.53
3,2025-01-01 17:58:22,0.36
3,2025-01-01 17:58:38,-0.39
3,2025-01-01 17:58:58,-0.79
3,2025-01-01 17:59:22,-0.62
3,2025-01-01 17:59:51,-0.14
3,2025-01-01 18:00:10,-0.51
3,2025-01-01 18:00:16,-0.06
3,2025-01-01 18:00:36,-0.7
3,2025-01-01 18:01:03,-0.67
3,2025-01-01 18:01:17,0.28
3,2025-01-01 18:01:35,0.61
3,2025-01-01 18:02:01,1.55
3,2025-01-01 18:02:13,2.42
3,2025-01-01 18:02:28,2.01
3,2025-01-01 18:02:46,1.44
3,2025-01-01 18:03:06,1.34
3,2025-01-01 18:03:21,2.24
3,2025-01-01 18:03:41,1.63
3,2025-01-01 18:03:50,1.22
3,2025-01-01 18:04:06,1.07
3,2025-01-01 18:04:32,2.04
3,2025-01-01 18:04:50,2.88
3,2025-01-01 18:04:57,3.71
3,2025-01-01 18:05:13,3.69
3,2025-01-01 18:05:18,2.94
3,2025-01-01 18:05:27,3.0
3,2025-01-01 18:05:42,2.14
3,2025-01-01 18:06:11,1.24
3,2025-01-01 18:06:24,1.0
3,2025-01-01 18:06:32,0.53
3,2025-01-01 18:06:45,1.22
3,2025-01-01 18:06:59,1.56
3,2025-01-01 18:07:26,1.1
3,2025-01-01 18:07:49,0.52
3,2025-01-01 18:07:58,-0.11
3,2025-01-01 18:08:04,0.82
3,2025-01-01 18:08:14,0.38
3,2025-01-01 18:08:43,0.4
3,2025-01-01 18:09:03,0.98
3,2025-01-01 18:09:11,0.39
3,2025-01-01 18:09:24,0.61
3,2025-01-01 18:09:42,0.08
3,2025-01-01 18:09:55,-0.38
3,2025-01-01 18:10:20,0.34
3,2025-01-01 18:10:36,-0.19
3,2025-01-01 18:10:44,-0.93
3,2025-01-01 18:10:56,-0.82
3,2025-01-01 18:11:08,-1.02
3,2025-01-01 18:11:25,-1.64
3,2025-01-01 18:11:47,-0.65
3,2025-01-01 18:11:59,-0.68
3,2025-01-01 18:12:14,-1.26
3,2025-01-01 18:12:44,-1.58
3,2025-01-01 18:12:54,-1.72
3,2025-01-01 18:13:11,-1.75
3,2025-01-01 18:13:29,-1.74
3,2025-01-01 18:13:36,-1.78
3,2025-01-01 18:13:53,-2.19
3,2025-01-01 18:14:02,-3.19
3,2025-01-01 18:14:32,-3.8
3,2025-01-01 18:15:01,-4.59
3,2025-01-01 18:15:17,-4.97
3,2025-01-01 18:15:39,-4.37
3,2025-01-01 18:15:54,-4.09
3,2025-01-01 18:16:08,-4.52
3,2025-01-01 18:16:21,-3.54
3,2025-01-01 18:16:28,-3.54
3,2025-01-01 18:16:49,-4.44
3,2025-01-01 18:17:07,-3.52
3,2025-01-01 18:17:12,-4.03
3,2025-01-01 18:17:22,-4.46
3,2025-01-01 18:17:45,-4.07
3,2025-01-01 18:17:56,-3.75
3,2025-01-01 18:18:17,-3.0
3,2025-01-01 18:18:42,-3.87
3,2025-01-01 18:18:59,-4.79
3,2025-01-01 18:19:24,-4.0
3,2025-01-01 18:19:34,-4.29
3,2025-01-01 18:19:56,-4.11
3,2025-01-01 18:20:22,-4.27
3,2025-01-01 18:20:32,-4.52
3,2025-01-01 18:20:52,-4.49
3,2025-01-01 18:21:16,-4.65
3,2025-01-01 18:21:31,-4.43
3,2025-01-01 18:21:52,-3.49
3,2025-01-01 18:22:18,-3.03
3,2025-01-01 18:22:46,-2.09
3,2025-01-01 18:22:54,-2.0
3,2025-01-01 18:23:14,-1.83
3,2025-01-01 18:23:42,-2.17
3,2025-01-01 18:23:55,-2.66
3,2025-01-01 18:24:10,-2.34
3,2025-01-01 18:24:29,-2.05
3,2025-01-01 18:24:45,-1.12
3,2025-01-01 18:25:01,-0.23
3,2025-01-01 18:25:20,-0.87
3,2025-01-01 18:25:42,-0.37
3,2025-01-01 18:25:48,-1.02
3,2025-01-01 18:25:58,-0.68
3,2025-01-01 18:26:20,-0.67
3,2025-01-01 18:26:50,-1.65
3,2025-01-01 18:27:18,-0.73
3,2025-01-01 18:27:28,-0.14
3,2025-01-01 18:27:37,0.47
3,2025-01-01 18:27:57,0.58
3,2025-01-01 18:28:06,0.2
3,2025-01-01 18:28:32,-0.6
3,2025-01-01 18:28:57,-0.52
3,2025-01-01 18:29:14,-0.46
3,2025-01-01 18:29:33,0.34
3,2025-01-01 18:29:48,1.04
3,2025-01-01 18:30:07,0.19
3,2025-01-01 18:30:23,-0.15
3,2025-01-01 18:30:46,-0.46
3,2025-01-01 18:31:05,-0.73
3,2025-01-01 18:31:17,-0.55
3,2025-01-01 18:31:31,-1.27
3,2025-01-01 18:31:39,-1.9
3,2025-01-01 18:32:06,-2.68
3,2025-01-01 18:32:29,-2.3
3,2025-01-01 18:32:38,-3.26
3,2025-01-01 18:33:05,-2.49
3,2025-01-01 18:33:14,-2.05
3,2025-01-01 18:33:37,-2.97
3,2025-01-01 18:33:52,-3.57
3,2025-01-01 18:34:14,-4.41
3,2025-01-01 18:34:31,-4.07
3,2025-01-01 18:34:52,-3.21
3,2025-01-01 18:35:11,-4.16
3,2025-01-01 18:35:33,-3.98
3,2025-01-01 18:36:00,-3.34
3,2025-01-01 18:36:27,-3.69
3,2025-01-01 18:36:55,-3.69
3,2025-01-01 18:37:03,-4.5
3,2025-01-01 18:37:29,-3.85
3,2025-01-01 18:37:35,-4.78
3,2025-01-01 18:37:41,-5.62
3,2025-01-01 18:38:02,-6.02
3,2025-01-01 18:38:32,-6.32
3,2025-01-01 18:38:51,-5.82
3,2025-01-01 18:39:17,-5.58
3,2025-01-01 18:39:40,-5.87
3,2025-01-01 18:40:03,-5.27
3,2025-01-01 18:40:16,-5.42
3,2025-01-01 18:40:33,-5.38
3,2025-01-01 18:40:49,-5.88
3,2025-01-01 18:41:07,-6.68
3,2025-01-01 18:41:14,-5.78
3,2025-01-01 18:41:39,-4.83
3,2025-01-01 18:42:06,-4.77
3,2025-01-01 18:42:32,-4.66
3,2025-01-01 18:42:53,-4.35
3,2025-01-01 18:43:02,-3.99
3,2025-01-01 18:43:14,-4.44
3,2025-01-01 18:43:38,-4.7
3,2025-01-01 18:43:54,-5.02
3,2025-01-01 18:44:06,-5.57
3,2025-01-01 18:44:21,-5.18
3,2025-01-01 18:44:27,-5.35
3,2025-01-01 18:44:40,-4.41
3,2025-01-01 18:45:10,-4.15
3,2025-01-01 18:45:25,-3.58
3,2025-01-01 18:45:45,-2.91
3,2025-01-01 18:46:06,-3.76
3,2025-01-01 18:46:36,-3.38
3,2025-01-01 18:46:44,-2.79
3,2025-01-01 18:46:52,-3.07
3,2025-01-01 18:47:13,-3.31
3,2025-01-01 18:47:22,-2.33
3,2025-01-01 18:47:28,-1.72
3,2025-01-01 18:47:36,-2.56
3,2025-01-01 18:47:58,-1.77
3,2025-01-01 18:48:28,-2.32
3,2025-01-01 18:48:34,-2.69
3,2025-01-01 18:48:48,-2.69
3,2025-01-01 18:49:17,-3.58
3,2025-01-01 18:49:23,-3.89
3,2025-01-01 18:49:28,-3.5
3,2025-01-01 18:49:52,-3.1
3,2025-01-01 18:50:06,-2.84
3,2025-01-01 18:50:15,-2.67
3,2025-01-01 18:50:43,-3.48
3,2025-01-01 18:50:51,-3.86
3,2025-01-01 18:51:08,-3.27
3,2025-01-01 18:51:19,-3.11
3,2025-01-01 18:51:44,-3.09
3,2025-01-01 18:51:57,-3.54
3,2025-01-01 18:52:04,-4.35
3,2025-01-01 18:52:22,-4.97
3,2025-01-01 18:52:31,-5.67
3,2025-01-01 18:52:57,-5.58
3,2025-01-01 18:53:17,-5.97
3,2025-01-01 18:53:46,-6.08
3,2025-01-01 18:54:04,-5.53
3,2025-01-01 18:54:33,-6.42
3,2025-01-01 18:54:51,-7.34
3,2025-01-01 18:54:56,-7.23
3,2025-01-01 18:55:19,-7.18
3,2025-01-01 18:55:43,-6.52
3,2025-01-01 18:55:49,-6.82
3,2025-01-01 18:56:09,-7.14
3,2025-01-01 18:56:36,-6.67
3,2025-01-01 18:56:42,-6.93
3,2025-01-01 18:57:08,-7.93
3,2025-01-01 18:57:27,-7.94
3,2025-01-01 18:57:39,-7.9
3,2025-01-01 18:57:48,-7.28
3,2025-01-01 18:58:14,-7.59
3,2025-01-01 18:58:26,-7.42
3,2025-01-01 18:58:52,-6.61
3,2025-01-01 18:59:09,-7.4
3,2025-01-01 18:59:27,-8.34
3,2025-01-01 18:59:41,-7.47
3,2025-01-01 18:59:57,-7.91
3,2025-01-01 19:00:24,-6.93
3,2025-01-01 19:00:53,-7.35
3,2025-01-01 19:01:05,-7.27
3,2025-01-01 19:01:19,-7.4
3,2025-01-01 19:01:42,-6.47
3,2025-01-01 19:02:09,-6.53
3,2025-01-01 19:02:31,-5.96
3,2025-01-01 19:02:36,-5.03
3,2025-01-01 19:02:57,-4.14
3,2025-01-01 19:03:14,-4.25
3,2025-01-01 19:03:30,-3.55
3,2025-01-01 19:03:38,-4.52
3,2025-01-01 19:03:54,-3.97
3,2025-01-01 19:04:04,-4.95
3,2025-01-01 19:04:12,-4.7
3,2025-01-01 19:04:18,-5.18
3,2025-01-01 19:04:36,-4.26
3,2025-01-01 19:05:03,-4.2
3,2025-01-01 19:05:20,-4.8
3,2025-01-01 19:05:44,-5.41
3,2025-01-01 19:05:56,-4.68
3,2025-01-01 19:06:17,-4.94
3,2025-01-01 19:06:27,-4.46
3,2025-01-01 19:06:37,-4.69
3,2025-01-01 19:06:43,-5.28
3,2025-01-01 19:07:08,-5.81
3,2025-01-01 19:07:30,-6.27
3,2025-01-01 19:07:44,-6.39
3,2025-01-01 19:08:10,-6.61
3,2025-01-01 19:08:24,-7.55
3,2025-01-01 19:08:52,-6.92
3,2025-01-01 19:09:05,-6.58
3,2025-01-01 19:09:34,-7.04
3,2025-01-01 19:10:04,-6.61
3,2025-01-01 19:10:20,-5.73
3,2025-01-01 19:10:47,-5.81
3,2025-01-01 19:11:08,-6.53
3,2025-01-01 19:11:15,-5.54
3,2025-01-01 19:11:25,-6.48
3,2025-01-01 19:11:53,-6.89
3,2025-01-01 19:12:07,-7.73
3,2025-01-01 19:12:13,-8.15
3,2025-01-01 19:12:43,-7.65
3,2025-01-01 19:13:02,-8.62
3,2025-01-01 19:13:22,-7.7
3,2025-01-01 19:13:50,-7.91
3,2025-01-01 19:14:05,-8.29
3,2025-01-01 19:14:21,-9.12
3,2025-01-01 19:14:39,-8.5
3,2025-01-01 19:14:50,-7.57
3,2025-01-01 19:14:59,-6.97
3,2025-01-01 19:15:10,-6.55
3,2025-01-01 19:15:33,-5.59
3,2025-01-01 19:16:03,-5.26
3,2025-01-01 19:16:30,-4.41
3,2025-01-01 19:16:49,-5.17
3,2025-01-01 19:17:01,-5.78
3,2025-01-01 19:17:27,-5.11
3,2025-01-01 19:17:38,-5.72
3,2025-01-01 19:18:02,-5.82
3,2025-01-01 19:18:22,-4.84
3,2025-01-01 19:18:52,-5.14
3,2025-01-01 19:19:02,-5.34
3,2025-01-01 19:19:20,-4.59
3,2025-01-01 19:19:48,-4.19
3,2025-01-01 19:20:12,-3.42
3,2025-01-01 19:20:38,-3.74
3,2025-01-01 19:20:58,-3.18
3,2025-01-01 19:21:26,-2.83
3,2025-01-01 19:21:35,-2.02
3,2025-01-01 19:21:44,-1.45
3,2025-01-01 19:22:00,-2.44
3,2025-01-01 19:22:25,-3.25
3,2025-01-01 19:22:43,-2.69
3,2025-01-01 19:22:59,-2.48
3,2025-01-01 19:23:08,-1.55
3,2025-01-01 19:23:33,-2.11
3,2025-01-01 19:23:59,-2.01
3,2025-01-01 19:24:19,-2.26
3,2025-01-01 19:24:37,-1.45
3,2025-01-01 19:24:42,-0.79
3,2025-01-01 19:24:58,-0.5
3,2025-01-01 19:25:07,-0.38
3,2025-01-01 19:25:21,0.57
3,2025-01-01 19:25:27,0.66
3,2025-01-01 19:25:39,0.75
3,2025-01-01 19:26:01,1.7
3,2025-01-01 19:26:16,2.19
3,2025-01-01 19:26:43,2.47
3,2025-01-01 19:27:06,2.07
3,2025-01-01 19:27:27,2.82
3,2025-01-01 19:27:56,3.32
3,2025-01-01 19:28:05,4.18
3,2025-01-01 19:28:28,4.41
3,2025-01-01 19:28:55,3.47
3,2025-01-01 19:29:11,2.88
3,2025-01-01 19:29:24,3.7
3,2025-01-01 19:29:32,3.02
3,2025-01-01 19:29:53,3.18
3,2025-01-01 19:30:14,2.48
3,2025-01-01 19:30:34,2.91
3,2025-01-01 19:30:51,2.33
3,2025-01-01 19:31:07,3.25
3,2025-01-01 19:31:34,3.97
3,2025-01-01 19:31:51,4.34
3,2025-01-01 19:32:11,4.68
3,2025-01-01 19:32:20,5.22
3,2025-01-01 19:32:38,4.35
3,2025-01-01 19:32:59,5.24
3,2025-01-01 19:33:28,4.98
3,2025-01-01 19:33:41,5.04
3,2025-01-01 19:33:47,5.94
3,2025-01-01 19:34:01,5.61
3,2025-01-01 19:34:21,4.91
3,2025-01-01 19:34:38,5.73
3,2025-01-01 19:34:59,6.41
3,2025-01-01 19:35:16,5.76
3,2025-01-01 19:35:21,6.02
3,2025-01-01 19:35:42,5.26
3,2025-01-01 19:35:47,5.65
3,2025-01-01 19:36:01,5.89
3,2025-01-01 19:36:31,6.78
3,2025-01-01 19:37:01,7.06
3,2025-01-01 19:37:21,7.27
3,2025-01-01 19:37:43,7.34
3,2025-01-01 19:38:03,8.33
3,2025-01-01 19:38:31,7.36
3,2025-01-01 19:38:51,7.18
3,2025-01-01 19:39:02,6.68
3,2025-01-01 19:39:07,5.68
3,2025-01-01 19:39:33,5.8
3,2025-01-01 19:39:55,4.85
3,2025-01-01 19:40:05,3.97
3,2025-01-01 19:40:32,3.95
3,2025-01-01 19:40:40,4.15
3,2025-01-01 19:40:49,3.29
3,2025-01-01 19:41:17,3.79
3,2025-01-01 19:41:42,4.63
3,2025-01-01 19:41:56,4.02
3,2025-01-01 19:42:03,4.47
3,2025-01-01 19:42:32,4.52
3,2025-01-01 19:42:37,4.12
3,2025-01-01 19:42:48,3.23
3,2025-01-01 19:43:06,3.23
3,2025-01-01 19:43:19,2.28
3,2025-01-01 19:43:45,2.98
3,2025-01-01 19:44:11,3.93
3,2025-01-01 19:44:23,4.48
3,2025-01-01 19:44:47,3.69
3,2025-01-01 19:45:01,3.27
3,2025-01-01 19:45:10,2.86
3,2025-01-01 19:45:36,2.9
3,2025-01-01 19:45:46,3.4
3,2025-01-01 19:45:58,3.12
3,2025-01-01 19:46:16,2.6
3,2025-01-01 19:46:25,3.27
3,2025-01-01 19:46:31,2.93
3,2025-01-01 19:47:01,3.28
3,2025-01-01 19:47:22,3.94
3,2025-01-01 19:47:29,3.67
3,2025-01-01 19:47:56,4.47
3,2025-01-01 19:48:22,3.58
3,2025-01-01 19:48:49,4.42
3,2025-01-01 19:49:01,3.75
3,2025-01-01 19:49:15,4.31
3,2025-01-01 19:49:20,5.15
3,2025-01-01 19:49:45,5.95
3,2025-01-01 19:50:12,6.61
3,2025-01-01 19:50:22,7.31
3,2025-01-01 19:50:39,7.47
3,2025-01-01 19:51:02,7.41
3,2025-01-01 19:51:10,7.54
3,2025-01-01 19:51:34,6.73
3,2025-01-01 19:51:43,6.11
3,2025-01-01 19:51:49,6.8
3,2025-01-01 19:51:58,5.81
3,2025-01-01 19:52:21,5.39
3,2025-01-01 19:52:34,5.27
3,2025-01-01 19:52:50,4.53
3,2025-01-01 19:53:09,4.97
3,2025-01-01 19:53:19,5.61
3,2025-01-01 19:53:27,5.25
3,2025-01-01 19:53:36,4.34
3,2025-01-01 19:53:45,4.48
3,2025-01-01 19:54:01,3.59
3,2025-01-01 19:54:28,3.81
3,2025-01-01 19:54:47,4.06
3,2025-01-01 19:55:08,4.87
3,2025-01-01 19:55:33,5.75
3,2025-01-01 19:55:51,5.6
3,2025-01-01 19:56:16,5.64
3,2025-01-01 19:56:28,5.37
3,2025-01-01 19:56:58,4.58
3,2025-01-01 19:57:13,4.65
3,2025-01-01 19:57:26,4.15
3,2025-01-01 19:57:54,3.54
3,2025-01-01 19:58:23,3.54
3,2025-01-01 19:58:39,3.3
3,2025-01-01 19:59:09,3.73
3,2025-01-01 19:59:20,4.64
3,2025-01-01 19:59:36,3.68
3,2025-01-01 20:00:00,3.75
3,2025-01-01 20:00:13,3.76
3,2025-01-01 20:00:37,3.63
3,2025-01-01 20:00:54,3.14
3,2025-01-01 20:01:03,3.34
3,2025-01-01 20:01:31,2.63
3,2025-01-01 20:01:46,2.1
3,2025-01-01 20:02:10,1.9
3,2025-01-01 20:02:27,1.09
3,2025-01-01 20:02:33,1.92
3,2025-01-01 20:02:48,1.99
3,2025-01-01 20:03:12,1.91
3,2025-01-01 20:03:21,2.16
3,2025-01-01 20:03:50,1.46
3,2025-01-01 20:04:13,2.06
3,2025-01-01 20:04:28,2.33
3,2025-01-01 20:04:41,2.65
3,2025-01-01 20:04:56,2.3
3,2025-01-01 20:05:22,2.97
3,2025-01-01 20:05:30,2.54
3,2025-01-01 20:05:59,3.48
3,2025-01-01 20:06:22,4.1
3,2025-01-01 20:06:50,3.34
3,2025-01-01 20:06:57,2.36
3,2025-01-01 20:07:17,1.78
3,2025-01-01 20:07:30,0.84
3,2025-01-01 20:07:49,1.18
3,2025-01-01 20:07:56,1.73
3,2025-01-01 20:08:18,1.18
3,2025-01-01 20:08:27,1.09
3,2025-01-01 20:08:42,1.28
3,2025-01-01 20:09:12,1.14
3,2025-01-01 20:09:25,1.17
3,2025-01-01 20:09:44,1.16
3,2025-01-01 20:09:53,0.67
3,2025-01-01 20:09:58,1.53
3,2025-01-01 20:10:05,1.75
3,2025-01-01 20:10:32,1.9
3,2025-01-01 20:10:50,1.05
3,2025-01-01 20:10:56,1.78
3,2025-01-01 20:11:12,1.71
3,2025-01-01 20:11:30,1.42
3,2025-01-01 20:11:58,2.21
3,2025-01-01 20:12:19,2.91
3,2025-01-01 20:12:35,2.43
3,2025-01-01 20:12:47,1.81
3,2025-01-01 20:12:55,2.38
3,2025-01-01 20:13:07,2.61
3,2025-01-01 20:13:35,2.41
3,2025-01-01 20:13:47,2.53
3,2025-01-01 20:13:56,2.31
3,2025-01-01 20:14:21,3.16
3,2025-01-01 20:14:32,3.74
3,2025-01-01 20:14:49,3.19
3,2025-01-01 20:15:05,3.86
3,2025-01-01 20:15:34,4.72
3,2025-01-01 20:16:01,5.03
3,2025-01-01 20:16:16,5.39
3,2025-01-01 20:16:33,4.43
3,2025-01-01 20:16:42,5.39
3,2025-01-01 20:16:58,5.4
3,2025-01-01 20:17:04,5.84
3,2025-01-01 20:17:22,5.39
3,2025-01-01 20:17:41,5.59
3,2025-01-01 20:18:10,4.95
3,2025-01-01 20:18:19,4.09
3,2025-01-01 20:18:29,4.39
3,2025-01-01 20:18:56,4.86
3,2025-01-01 20:19:17,5.2
3,2025-01-01 20:19:39,5.64
3,2025-01-01 20:19:53,4.7
3,2025-01-01 20:20:17,4.18
3,2025-01-01 20:20:40,5.09
3,2025-01-01 20:20:54,4.97
3,2025-01-01 20:21:08,4.25
3,2025-01-01 20:21:14,4.1
3,2025-01-01 20:21:34,4.26
3,2025-01-01 20:21:44,4.33
3,2025-01-01 20:22:00,4.04
3,2025-01-01 20:22:15,4.5
3,2025-01-01 20:22:41,4.68
3,2025-01-01 20:23:04,5.11
3,2025-01-01 20:23:16,5.1
3,2025-01-01 20:23:30,5.43
3,2025-01-01 20:23:56,4.91
3,2025-01-01 20:24:16,5.27
3,2025-01-01 20:24:33,4.36
3,2025-01-01 20:24:43,5.34
3,2025-01-01 20:25:02,6.29
3,2025-01-01 20:25:16,6.58
3,2025-01-01 20:25:37,7.34
3,2025-01-01 20:25:47,6.46
3,2025-01-01 20:25:58,7.3
3,2025-01-01 20:26:17,7.05
3,2025-01-01 20:26:37,8.01
3,2025-01-01 20:26:43,8.78
3,2025-01-01 20:26:59,8.47
3,2025-01-01 20:27:16,8.99
3,2025-01-01 20:27:27,9.16
3,2025-01-01 20:27:46,9.35
3,2025-01-01 20:28:07,8.97
3,2025-01-01 20:28:25,8.93
3,2025-01-01 20:28:35,8.17
3,2025-01-01 20:28:58,7.31
3,2025-01-01 20:29:19,6.86
3,2025-01-01 20:29:38,7.73
3,2025-01-01 20:29:45,6.83
3,2025-01-01 20:30:10,6.5
3,2025-01-01 20:30:22,6.92
3,2025-01-01 20:30:49,6.15
3,2025-01-01 20:31:17,5.6
3,2025-01-01 20:31:27,6.06
3,2025-01-01 20:31:46,6.68
3,2025-01-01 20:32:08,6.45
3,2025-01-01 20:32:18,5.86
3,2025-01-01 20:32:46,5.86
3,2025-01-01 20:32:54,5.33
3,2025-01-01 20:33:13,5.23
3,2025-01-01 20:33:35,6.19
3,2025-01-01 20:34:02,5.98
3,2025-01-01 20:34:09,6.98
3,2025-01-01 20:34:18,7.6
3,2025-01-01 20:34:38,7.5
3,2025-01-01 20:35:01,7.42
3,2025-01-01 20:35:19,7.93
3,2025-01-01 20:35:29,7.42
3,2025-01-01 20:35:39,7.84
3,2025-01-01 20:35:44,7.41
3,2025-01-01 20:35:52,8.28
3,2025-01-01 20:36:14,7.31
3,2025-01-01 20:36:32,7.1
3,2025-01-01 20:36:52,7.52
3,2025-01-01 20:37:22,7.77
3,2025-01-01 20:37:35,7.9
3,2025-01-01 20:37:52,7.92
3,2025-01-01 20:37:59,7.84
3,2025-01-01 20:38:10,7.59
3,2025-01-01 20:38:19,8.47
3,2025-01-01 20:38:38,9.04
3,2025-01-01 20:39:06,8.72
3,2025-01-01 20:39:16,9.47
3,2025-01-01 20:39:21,9.56
3,2025-01-01 20:39:37,9.46
3,2025-01-01 20:40:00,9.99
3,2025-01-01 20:40:30,10.58
3,2025-01-01 20:40:43,10.78
3,2025-01-01 20:40:53,11.76
3,2025-01-01 20:41:04,12.23
3,2025-01-01 20:41:15,12.77
3,2025-01-01 20:41:36,11.98
3,2025-01-01 20:41:51,11.94
3,2025-01-01 20:41:56,12.56
3,2025-01-01 20:42:08,13.52
3,2025-01-01 20:42:36,12.79
3,2025-01-01 20:43:04,12.54
3,2025-01-01 20:43:30,11.96
3,2025-01-01 20:43:39,12.34
3,2025-01-01 20:43:46,12.86
3,2025-01-01 20:44:10,12.25
3,2025-01-01 20:44:24,12.27
3,2025-01-01 20:44:53,12.13
3,2025-01-01 20:45:09,11.13
3,2025-01-01 20:45:38,11.16
3,2025-01-01 20:46:00,11.91
3,2025-01-01 20:46:27,11.86
3,2025-01-01 20:46:41,12.1
3,2025-01-01 20:47:10,12.21
3,2025-01-01 20:47:39,11.41
3,2025-01-01 20:47:57,11.99
3,2025-01-01 20:48:10,12.13
3,2025-01-01 20:48:24,11.56
3,2025-01-01 20:48:52,12.48
3,2025-01-01 20:49:17,11.87
3,2025-01-01 20:49:35,11.79
3,2025-01-01 20:49:43,11.72
3,2025-01-01 20:49:49,12.39
3,2025-01-01 20:50:18,12.04
3,2025-01-01 20:50:27,12.94
3,2025-01-01 20:50:56,13.9
3,2025-01-01 20:51:25,14.36
3,2025-01-01 20:51:41,13.37
3,2025-01-01 20:51:55,13.24
3,2025-01-01 20:52:11,13.62
3,2025-01-01 20:52:19,14.11
3,2025-01-01 20:52:26,14.79
3,2025-01-01 20:52:37,15.5
3,2025-01-01 20:53:07,14.69
3,2025-01-01 20:53:31,14.67
3,2025-01-01 20:53:55,15.17
3,2025-01-01 20:54:25,15.21
3,2025-01-01 20:54:34,14.47
3,2025-01-01 20:55:00,13.55
3,2025-01-01 20:55:17,14.35
3,2025-01-01 20:55:32,14.46
3,2025-01-01 20:55:49,14.94
3,2025-01-01 20:55:59,15.9
3,2025-01-01 20:56:21,15.0
3,2025-01-01 20:56:32,15.02
3,2025-01-01 20:57:02,14.52
3,2025-01-01 20:57:26,14.0
3,2025-01-01 20:57:46,13.58
3,2025-01-01 20:57:57,13.17
3,2025-01-01 20:58:12,13.16
3,2025-01-01 20:58:25,13.5
3,2025-01-01 20:58:45,14.3
3,2025-01-01 20:59:15,14.86
3,2025-01-01 20:59:38,14.11
3,2025-01-01 21:00:07,14.18
3,2025-01-01 21:00:19,13.57
3,2025-01-01 21:00:46,13.82
3,2025-01-01 21:00:55,13.34
3,2025-01-01 21:01:00,14.21
3,2025-01-01 21:01:24,15.14
3,2025-01-01 21:01:30,15.34
3,2025-01-01 21:02:00,15.88
3,2025-01-01 21:02:17,16.0
3,2025-01-01 21:02:33,15.54
3,2025-01-01 21:02:46,15.18
3,2025-01-01 21:02:57,14.68
3,2025-01-01 21:03:02,14.54
3,2025-01-01 21:03:18,14.87
3,2025-01-01 21:03:45,15.04
3,2025-01-01 21:03:57,14.42
3,2025-01-01 21:04:04,14.18
3,2025-01-01 21:04:28,14.38
3,2025-01-01 21:04:55,14.46
3,2025-01-01 21:05:09,13.82
3,2025-01-01 21:05:24,14.72
3,2025-01-01 21:05:48,15.72
3,2025-01-01 21:06:13,15.73
3,2025-01-01 21:06:33,14.76
3,2025-01-01 21:07:00,15.3
3,2025-01-01 21:07:13,16.24
3,2025-01-01 21:07:39,16.52
3,2025-01-01 21:07:53,15.77
3,2025-01-01 21:08:19,15.74
3,2025-01-01 21:08:39,15.67
3,2025-01-01 21:08:55,15.4
3,2025-01-01 21:09:15,14.87
3,2025-01-01 21:09:44,14.0
3,2025-01-01 21:10:14,14.64
3,2025-01-01 21:10:20,13.99
3,2025-01-01 21:10:28,13.92
3,2025-01-01 21:10:56,14.72
3,2025-01-01 21:11:12,14.13
3,2025-01-01 21:11:25,14.59
3,2025-01-01 21:11:30,15.47
3,2025-01-01 21:12:00,14.61
3,2025-01-01 21:12:16,14.96
3,2025-01-01 21:12:30,15.52
3,2025-01-01 21:12:54,15.14
3,2025-01-01 21:12:59,15.96
3,2025-01-01 21:13:23,15.6
3,2025-01-01 21:13:50,16.6
3,2025-01-01 21:14:13,15.84
3,2025-01-01 21:14:22,16.47
3,2025-01-01 21:14:30,15.75
3,2025-01-01 21:14:46,16.05
3,2025-01-01 21:14:58,17.02
3,2025-01-01 21:15:04,16.7
3,2025-01-01 21:15:34,17.04
3,2025-01-01 21:16:03,16.66
3,2025-01-01 21:16:10,17.34
3,2025-01-01 21:16:25,16.47
3,2025-01-01 21:16:54,16.31
3,2025-01-01 21:17:05,16.11
3,2025-01-01 21:17:33,16.76
3,2025-01-01 21:18:01,16.08
3,2025-01-01 21:18:21,16.13
3,2025-01-01 21:18:44,16.75
3,2025-01-01 21:18:55,16.62
3,2025-01-01 21:19:08,16.54
3,2025-01-01 21:19:22,16.66
3,2025-01-01 21:19:38,16.06
3,2025-01-01 21:19:59,16.04
3,2025-01-01 21:20:08,15.59
3,2025-01-01 21:20:28,14.71
3,2025-01-01 21:20:48,14.11
3,2025-01-01 21:21:11,13.51
3,2025-01-01 21:21:22,14.06
3,2025-01-01 21:21:50,14.93
3,2025-01-01 21:22:14,15.59
3,2025-01-01 21:22:32,15.75
3,2025-01-01 21:22:49,14.76
3,2025-01-01 21:22:59,15.35
3,2025-01-01 21:23:22,15.51
3,2025-01-01 21:23:44,16.1
3,2025-01-01 21:24:05,16.21
3,2025-01-01 21:24:13,16.22
3,2025-01-01 21:24:33,16.27
3,2025-01-01 21:24:52,16.11
3,2025-01-01 21:24:59,16.63
3,2025-01-01 21:25:22,15.76
3,2025-01-01 21:25:42,16.2
3,2025-01-01 21:25:51,16.76
3,2025-01-01 21:25:57,16.94
3,2025-01-01 21:26:19,17.39
3,2025-01-01 21:26:27,17.12
3,2025-01-01 21:26:34,17.6
3,2025-01-01 21:26:54,18.12
3,2025-01-01 21:27:03,17.74
3,2025-01-01 21:27:32,17.74
3,2025-01-01 21:27:44,16.91
3,2025-01-01 21:28:01,17.2
3,2025-01-01 21:28:09,17.43
3,2025-01-01 21:28:33,18.31
3,2025-01-01 21:28:42,17.59
3,2025-01-01 21:28:49,17.62
3,2025-01-01 21:28:57,17.77
3,2025-01-01 21:29:12,18.35
3,2025-01-01 21:29:21,18.22
3,2025-01-01 21:29:48,18.33
3,2025-01-01 21:29:55,18.29
3,2025-01-01 21:30:06,17.65
3,2025-01-01 21:30:29,17.97
3,2025-01-01 21:30:37,18.09
3,2025-01-01 21:30:44,17.54
3,2025-01-01 21:30:56,18.02
3,2025-01-01 21:31:08,18.33
3,2025-01-01 21:31:21,17.46
3,2025-01-01 21:31:46,16.98
3,2025-01-01 21:31:55,16.61
3,2025-01-01 21:32:02,17.26
3,2025-01-01 21:32:26,17.46
3,2025-01-01 21:32:50,16.86
3,2025-01-01 21:33:14,16.17
3,2025-01-01 21:33:33,15.87
3,2025-01-01 21:33:40,16.39
3,2025-01-01 21:33:47,16.1
3,2025-01-01 21:34:03,16.61
3,2025-01-01 21:34:18,16.22
3,2025-01-01 21:34:24,15.69
3,2025-01-01 21:34:41,16.42
3,2025-01-01 21:34:52,17.06
3,2025-01-01 21:35:14,18.02
3,2025-01-01 21:35:41,18.4
3,2025-01-01 21:36:11,18.75
3,2025-01-01 21:36:24,19.75
3,2025-01-01 21:36:51,19.41
3,2025-01-01 21:36:58,19.34
3,2025-01-01 21:37:13,20.27
3,2025-01-01 21:37:37,20.43
3,2025-01-01 21:37:56,19.46
3,2025-01-01 21:38:09,19.05
3,2025-01-01 21:38:32,19.11
3,2025-01-01 21:38:40,19.65
3,2025-01-01 21:39:01,19.73
3,2025-01-01 21:39:06,20.07
3,2025-01-01 21:39:11,20.06
3,2025-01-01 21:39:31,20.11
3,2025-01-01 21:39:51,20.78
3,2025-01-01 21:40:06,21.77
3,2025-01-01 21:40:18,20.91
3,2025-01-01 21:40:28,21.58
3,2025-01-01 21:40:49,20.82
3,2025-01-01 21:41:19,20.73
3,2025-01-01 21:41:39,21.34
3,2025-01-01 21:42:08,21.83
3,2025-01-01 21:42:26,21.77
3,2025-01-01 21:42:38,21.2
3,2025-01-01 21:42:51,21.57
3,2025-01-01 21:43:06,21.11
3,2025-01-01 21:43:18,21.72
3,2025-01-01 21:43:34,22.01
3,2025-01-01 21:44:04,22.63
3,2025-01-01 21:44:26,23.26
3,2025-01-01 21:44:42,22.92
3,2025-01-01 21:44:55,22.98
3,2025-01-01 21:45:17,23.38
3,2025-01-01 21:45:44,23.85
3,2025-01-01 21:45:50,22.97
3,2025-01-01 21:46:03,23.27
3,2025-01-01 21:46:24,23.48
3,2025-01-01 21:46:44,23.26
3,2025-01-01 21:46:51,22.48
3,2025-01-01 21:47:15,22.69
3,2025-01-01 21:47:32,23.18
3,2025-01-01 21:47:42,23.77
3,2025-01-01 21:47:51,24.32
3,2025-01-01 21:48:14,24.72
3,2025-01-01 21:48:33,25.16
3,2025-01-01 21:48:41,25.7
3,2025-01-01 21:49:08,26.56
3,2025-01-01 21:49:29,26.57
3,2025-01-01 21:49:58,26.39
3,2025-01-01 21:50:04,26.1
3,2025-01-01 21:50:22,25.81
3,2025-01-01 21:50:38,26.48
3,2025-01-01 21:50:49,27.26
3,2025-01-01 21:51:06,28.22
3,2025-01-01 21:51:30,28.85
3,2025-01-01 21:51:44,29.16
3,2025-01-01 21:51:58,28.9
3,2025-01-01 21:52:05,28.87
3,2025-01-01 21:52:25,28.16
3,2025-01-01 21:52:46,29.1
3,2025-01-01 21:52:53,29.79
3,2025-01-01 21:53:19,28.97
3,2025-01-01 21:53:48,29.23
3,2025-01-01 21:54:13,30.22
3,2025-01-01 21:54:33,30.34
3,2025-01-01 21:54:59,30.46
3,2025-01-01 21:55:22,30.82
3,2025-01-01 21:55:31,29.9
3,2025-01-01 21:56:01,29.81
3,2025-01-01 21:56:08,30.37
3,2025-01-01 21:56:14,31.2
3,2025-01-01 21:56:44,31.6
3,2025-01-01 21:57:07,31.79
3,2025-01-01 21:57:17,31.35
3,2025-01-01 21:57:33,31.34
3,2025-01-01 21:57:44,31.75
3,2025-01-01 21:57:53,32.02
3,2025-01-01 21:58:17,32.76
3,2025-01-01 21:58:23,31.88
3,2025-01-01 21:58:28,31.93
3,2025-01-01 21:58:37,31.11
3,2025-01-01 21:58:55,30.14
3,2025-01-01 21:59:18,29.49
3,2025-01-01 21:59:37,29.66
3,2025-01-01 21:59:46,29.31
3,2025-01-01 21:59:57,30.12
3,2025-01-01 22:00:09,29.45
3,2025-01-01 22:00:29,29.88
3,2025-01-01 22:00:40,29.28
3,2025-01-01 22:01:10,29.46
3,2025-01-01 22:01:17,29.3
3,2025-01-01 22:01:41,28.77
3,2025-01-01 22:01:53,29.35
3,2025-01-01 22:02:16,30.11
3,2025-01-01 22:02:40,30.26
3,2025-01-01 22:02:59,30.65
3,2025-01-01 22:03:19,30.17
3,2025-01-01 22:03:41,30.05
3,2025-01-01 22:04:00,30.03
3,2025-01-01 22:04:13,30.35
3,2025-01-01 22:04:43,29.87
3,2025-01-01 22:04:49,30.4
3,2025-01-01 22:05:06,30.13
3,2025-01-01 22:05:17,30.34
3,2025-01-01 22:05:25,30.25
3,2025-01-01 22:05:40,30.27
3,2025-01-01 22:06:10,29.91
3,2025-01-01 22:06:24,30.3
3,2025-01-01 22:06:48,31.24
3,2025-01-01 22:06:57,31.48
3,2025-01-01 22:07:12,31.73
3,2025-01-01 22:07:27,31.91
3,2025-01-01 22:07:40,32.86
3,2025-01-01 22:07:53,33.62
3,2025-01-01 22:08:11,33.34
3,2025-01-01 22:08:19,34.12
3,2025-01-01 22:08:38,33.55
3,2025-01-01 22:08:48,32.9
3,2025-01-01 22:09:17,33.21
3,2025-01-01 22:09:26,32.86
3,2025-01-01 22:09:35,33.1
3,2025-01-01 22:10:04,33.84
3,2025-01-01 22:10:09,34.22
3,2025-01-01 22:10:25,34.99
3,2025-01-01 22:10:39,34.83
3,2025-01-01 22:11:02,35.04
3,2025-01-01 22:11:26,34.53
3,2025-01-01 22:11:36,34.26
3,2025-01-01 22:12:03,34.02
3,2025-01-01 22:12:27,34.33
3,2025-01-01 22:12:35,33.45
3,2025-01-01 22:12:51,32.84
3,2025-01-01 22:13:10,32.96
3,2025-01-01 22:13:16,32.87
3,2025-01-01 22:13:38,33.3
3,2025-01-01 22:13:44,33.23
3,2025-01-01 22:13:57,34.05
3,2025-01-01 22:14:27,33.32
3,2025-01-01 22:14:52,33.01
3,2025-01-01 22:15:11,32.07
3,2025-01-01 22:15:25,32.73
3,2025-01-01 22:15:44,31.78
3,2025-01-01 22:16:13,31.5
3,2025-01-01 22:16:35,30.81
3,2025-01-01 22:16:50,31.16
3,2025-01-01 22:17:20,32.0
3,2025-01-01 22:17:33,31.09
3,2025-01-01 22:17:38,30.31
3,2025-01-01 22:17:50,31.05
3,2025-01-01 22:18:10,31.57
3,2025-01-01 22:18:29,32.1
3,2025-01-01 22:18:39,32.39
3,2025-01-01 22:19:05,33.13
3,2025-01-01 22:19:23,33.86
3,2025-01-01 22:19:52,34.64
3,2025-01-01 22:20:07,34.72
3,2025-01-01 22:20:36,34.61
3,2025-01-01 22:21:00,33.7
3,2025-01-01 22:21:17,33.76
3,2025-01-01 22:21:39,34.07
3,2025-01-01 22:21:58,33.18
3,2025-01-01 22:22:06,34.0
3,2025-01-01 22:22:34,34.08
3,2025-01-01 22:22:40,33.11
3,2025-01-01 22:22:45,34.04
3,2025-01-01 22:23:04,34.47
3,2025-01-01 22:23:29,34.4
3,2025-01-01 22:23:35,33.68
3,2025-01-01 22:24:04,33.04
3,2025-01-01 22:24:21,33.0
3,2025-01-01 22:24:33,33.59
3,2025-01-01 22:24:52,33.58
3,2025-01-01 22:24:57,33.29
3,2025-01-01 22:25:08,33.07
3,2025-01-01 22:25:32,32.16
3,2025-01-01 22:25:38,32.05
3,2025-01-01 22:25:56,31.49
3,2025-01-01 22:26:05,31.73
3,2025-01-01 22:26:10,30.86
3,2025-01-01 22:26:19,30.19
3,2025-01-01 22:26:45,30.99
3,2025-01-01 22:26:52,31.9
3,2025-01-01 22:27:10,31.26
3,2025-01-01 22:27:40,31.78
3,2025-01-01 22:28:08,32.06
3,2025-01-01 22:28:27,31.86
3,2025-01-01 22:28:52,31.54
3,2025-01-01 22:29:13,32.11
3,2025-01-01 22:29:22,31.28
3,2025-01-01 22:29:34,30.38
3,2025-01-01 22:29:51,30.57
3,2025-01-01 22:30:18,30.51
3,2025-01-01 22:30:30,29.72
3,2025-01-01 22:30:56,29.94
3,2025-01-01 22:31:14,30.53
3,2025-01-01 22:31:29,29.84
3,2025-01-01 22:31:48,29.62
3,2025-01-01 22:31:57,29.36
3,2025-01-01 22:32:13,28.47
3,2025-01-01 22:32:43,28.23
3,2025-01-01 22:33:08,27.54
3,2025-01-01 22:33:22,28.01
3,2025-01-01 22:33:32,28.78
3,2025-01-01 22:34:02,29.14
3,2025-01-01 22:34:31,29.81
3,2025-01-01 22:34:40,30.79
3,2025-01-01 22:35:04,31.72
3,2025-01-01 22:35:22,31.85
3,2025-01-01 22:35:29,31.38
3,2025-01-01 22:35:45,30.99
3,2025-01-01 22:36:02,31.94
3,2025-01-01 22:36:23,32.29
3,2025-01-01 22:36:34,32.47
3,2025-01-01 22:36:39,32.58
3,2025-01-01 22:36:46,32.15
3,2025-01-01 22:37:05,32.37
3,2025-01-01 22:37:24,32.37
3,2025-01-01 22:37:46,31.62
3,2025-01-01 22:37:51,31.94
3,2025-01-01 22:38:19,31.92
3,2025-01-01 22:38:33,31.93
3,2025-01-01 22:38:59,32.37
3,2025-01-01 22:39:18,33.35
3,2025-01-01 22:39:27,34.17
3,2025-01-01 22:39:54,35.11
3,2025-01-01 22:40:02,35.11
3,2025-01-01 22:40:31,35.79
3,2025-01-01 22:40:48,36.25
3,2025-01-01 22:41:02,36.69
3,2025-01-01 22:41:32,37.11
3,2025-01-01 22:41:49,36.38
3,2025-01-01 22:42:17,36.31
3,2025-01-01 22:42:30,35.88
3,2025-01-01 22:43:00,35.52
3,2025-01-01 22:43:13,35.96
3,2025-01-01 22:43:36,36.1
3,2025-01-01 22:44:06,36.59
3,2025-01-01 22:44:12,36.88
3,2025-01-01 22:44:38,35.97
3,2025-01-01 22:44:44,36.59
3,2025-01-01 22:45:14,35.75
3,2025-01-01 22:45:21,36.09
3,2025-01-01 22:45:37,35.41
3,2025-01-01 22:46:05,35.79
3,2025-01-01 22:46:32,35.8
3,2025-01-01 22:46:50,34.92
3,2025-01-01 22:47:19,34.75
3,2025-01-01 22:47:33,34.0
3,2025-01-01 22:47:53,34.35
3,2025-01-01 22:48:00,33.75
3,2025-01-01 22:48:07,33.21
3,2025-01-01 22:48:18,32.8
3,2025-01-01 22:48:33,32.32
3,2025-01-01 22:48:47,32.12
3,2025-01-01 22:48:53,32.36
3,2025-01-01 22:49:19,33.25
3,2025-01-01 22:49:47,32.53
3,2025-01-01 22:50:06,32.43
3,2025-01-01 22:50:21,31.92
3,2025-01-01 22:50:37,32.77
3,2025-01-01 22:50:53,33.72
3,2025-01-01 22:51:00,34.68
3,2025-01-01 22:51:23,35.34
3,2025-01-01 22:51:45,35.73
3,2025-01-01 22:52:01,35.99
3,2025-01-01 22:52:11,35.05
3,2025-01-01 22:52:25,35.92
3,2025-01-01 22:52:31,36.4
3,2025-01-01 22:52:41,35.64
3,2025-01-01 22:52:56,36.47
3,2025-01-01 22:53:05,36.84
3,2025-01-01 22:53:17,36.3
3,2025-01-01 22:53:32,37.09
3,2025-01-01 22:53:46,36.31
3,2025-01-01 22:54:09,36.49
3,2025-01-01 22:54:37,36.15
3,2025-01-01 22:54:58,35.53
3,2025-01-01 22:55:19,34.86
3,2025-01-01 22:55:32,34.67
3,2025-01-01 22:55:49,35.64
3,2025-01-01 22:56:17,36.41
3,2025-01-01 22:56:44,36.0
3,2025-01-01 22:56:57,35.26
3,2025-01-01 22:57:22,34.86
3,2025-01-01 22:57:32,34.09
3,2025-01-01 22:57:50,33.82
3,2025-01-01 22:58:15,34.43
3,2025-01-01 22:58:31,34.2
3,2025-01-01 22:58:57,33.79
3,2025-01-01 22:59:04,33.19
3,2025-01-01 22:59:30,33.32
3,2025-01-01 22:59:40,32.68
3,2025-01-01 22:59:47,31.87
3,2025-01-01 23:00:07,31.17
3,2025-01-01 23:00:33,30.55
3,2025-01-01 23:00:41,30.62
3,2025-01-01 23:01:11,29.77
3,2025-01-01 23:01:21,29.32
3,2025-01-01 23:01:27,29.22
3,2025-01-01 23:01:46,28.45
3,2025-01-01 23:01:56,28.87
3,2025-01-01 23:02:15,29.03
3,2025-01-01 23:02:41,29.96
3,2025-01-01 23:02:59,30.1
3,2025-01-01 23:03:12,30.42
3,2025-01-01 23:03:42,29.67
3,2025-01-01 23:04:08,30.66
3,2025-01-01 23:04:33,30.17
3,2025-01-01 23:04:48,30.7
3,2025-01-01 23:05:03,30.25
3,2025-01-01 23:05:25,31.0
3,2025-01-01 23:05:54,31.09
3,2025-01-01 23:06:02,30.61
3,2025-01-01 23:06:17,29.72
3,2025-01-01 23:06:46,30.17
3,2025-01-01 23:07:06,30.84
3,2025-01-01 23:07:15,30.97
3,2025-01-01 23:07:31,30.15
3,2025-01-01 23:07:47,30.87
3,2025-01-01 23:08:04,30.47
3,2025-01-01 23:08:21,30.58
3,2025-01-01 23:08:48,30.14
3,2025-01-01 23:09:02,30.02
3,2025-01-01 23:09:23,29.03
3,2025-01-01 23:09:28,29.91
3,2025-01-01 23:09:48,30.66
3,2025-01-01 23:09:57,30.91
3,2025-01-01 23:10:02,30.54
3,2025-01-01 23:10:08,31.44
3,2025-01-01 23:10:28,32.05
3,2025-01-01 23:10:43,31.91
3,2025-01-01 23:11:01,31.24
3,2025-01-01 23:11:08,31.25
3,2025-01-01 23:11:17,31.73
3,2025-01-01 23:11:41,31.31
3,2025-01-01 23:12:01,32.13
3,2025-01-01 23:12:17,31.51
3,2025-01-01 23:12:41,31.36
3,2025-01-01 23:13:05,30.86
3,2025-01-01 23:13:14,30.02
3,2025-01-01 23:13:30,29.3
3,2025-01-01 23:13:48,29.64
3,2025-01-01 23:13:58,29.88
3,2025-01-01 23:14:18,30.29
3,2025-01-01 23:14:31,30.38
3,2025-01-01 23:14:48,29.76
3,2025-01-01 23:14:55,30.7
3,2025-01-01 23:15:01,30.27
3,2025-01-01 23:15:10,30.15
3,2025-01-01 23:15:38,29.79
3,2025-01-01 23:16:01,29.32
3,2025-01-01 23:16:10,28.55
3,2025-01-01 23:16:37,29.07
3,2025-01-01 23:17:06,30.04
3,2025-01-01 23:17:25,30.44
3,2025-01-01 23:17:41,30.92
3,2025-01-01 23:17:51,31.5
3,2025-01-01 23:17:56,30.91
3,2025-01-01 23:18:20,31.29
3,2025-01-01 23:18:43,31.99
3,2025-01-01 23:18:57,32.75
3,2025-01-01 23:19:09,33.66
3,2025-01-01 23:19:28,33.89
3,2025-01-01 23:19:46,33.5
3,2025-01-01 23:20:02,33.46
3,2025-01-01 23:20:09,34.33
3,2025-01-01 23:20:17,35.23
3,2025-01-01 23:20:31,34.72
3,2025-01-01 23:20:58,35.43
3,2025-01-01 23:21:04,34.69
3,2025-01-01 23:21:22,34.36
3,2025-01-01 23:21:30,34.56
3,2025-01-01 23:21:56,33.84
3,2025-01-01 23:22:07,34.38
3,2025-01-01 23:22:20,34.39
3,2025-01-01 23:22:42,33.8
3,2025-01-01 23:23:07,33.22
3,2025-01-01 23:23:27,32.45
3,2025-01-01 23:23:46,33.41
3,2025-01-01 23:24:15,32.44
3,2025-01-01 23:24:31,32.86
3,2025-01-01 23:24:41,33.32
3,2025-01-01 23:24:56,33.54
3,2025-01-01 23:25:23,33.85
3,2025-01-01 23:25:31,33.84
3,2025-01-01 23:25:58,33.54
3,2025-01-01 23:26:08,33.79
3,2025-01-01 23:26:14,34.71
3,2025-01-01 23:26:36,34.07
3,2025-01-01 23:27:00,35.05
3,2025-01-01 23:27:24,34.17
3,2025-01-01 23:27:46,33.89
3,2025-01-01 23:28:15,34.28
3,2025-01-01 23:28:45,33.39
3,2025-01-01 23:29:13,33.78
3,2025-01-01 23:29:32,34.26
3,2025-01-01 23:29:43,34.74
3,2025-01-01 23:29:58,33.78
3,2025-01-01 23:30:16,34.03
3,2025-01-01 23:30:21,34.99
3,2025-01-01 23:30:28,35.27
3,2025-01-01 23:30:55,36.1
3,2025-01-01 23:31:05,36.96
3,2025-01-01 23:31:23,35.99
3,2025-01-01 23:31:28,35.03
3,2025-01-01 23:31:37,35.16
3,2025-01-01 23:31:56,34.98
3,2025-01-01 23:32:04,34.01
3,2025-01-01 23:32:09,34.67
3,2025-01-01 23:32:25,34.92
3,2025-01-01 23:32:49,34.75
3,2025-01-01 23:33:05,34.7
3,2025-01-01 23:33:10,34.72
3,2025-01-01 23:33:17,34.19
3,2025-01-01 23:33:47,35.19
3,2025-01-01 23:34:04,35.28
3,2025-01-01 23:34:31,36.08
3,2025-01-01 23:34:52,35.72
3,2025-01-01 23:35:07,34.79
3,2025-01-01 23:35:34,34.79
3,2025-01-01 23:36:00,34.65
3,2025-01-01 23:36:18,34.92
3,2025-01-01 23:36:40,34.04
3,2025-01-01 23:37:09,33.39
3,2025-01-01 23:37:25,32.52
3,2025-01-01 23:37:53,32.16
3,2025-01-01 23:38:14,32.98
3,2025-01-01 23:38:39,33.33
3,2025-01-01 23:38:49,34.01
3,2025-01-01 23:38:55,33.32
3,2025-01-01 23:39:19,32.7
3,2025-01-01 23:39:40,32.74
3,2025-01-01 23:39:57,32.76
3,2025-01-01 23:40:16,31.84
3,2025-01-01 23:40:23,31.41
3,2025-01-01 23:40:42,31.57
3,2025-01-01 23:41:07,32.32
3,2025-01-01 23:41:35,33.1
3,2025-01-01 23:41:53,33.99
3,2025-01-01 23:42:12,34.07
3,2025-01-01 23:42:31,34.21
3,2025-01-01 23:42:44,33.32
3,2025-01-01 23:43:09,33.67
3,2025-01-01 23:43:36,33.0
3,2025-01-01 23:43:45,33.01
3,2025-01-01 23:43:52,32.97
3,2025-01-01 23:43:57,33.03
3,2025-01-01 23:44:23,33.04
3,2025-01-01 23:44:49,32.79
3,2025-01-01 23:45:15,32.49
3,2025-01-01 23:45:20,32.09
3,2025-01-01 23:45:33,33.06
3,2025-01-01 23:45:51,33.44
3,2025-01-01 23:46:12,32.93
3,2025-01-01 23:46:21,33.91
3,2025-01-01 23:46:32,33.68
3,2025-01-01 23:46:42,33.38
3,2025-01-01 23:47:08,32.49
3,2025-01-01 23:47:17,32.58
3,2025-01-01 23:47:35,31.87
3,2025-01-01 23:47:56,32.38
3,2025-01-01 23:48:12,32.61
3,2025-01-01 23:48:35,32.07
3,2025-01-01 23:49:03,33.06
3,2025-01-01 23:49:30,32.08
3,2025-01-01 23:49:42,32.59
3,2025-01-01 23:50:01,33.1
3,2025-01-01 23:50:11,33.78
3,2025-01-01 23:50:39,33.36
3,2025-01-01 23:50:56,32.75
3,2025-01-01 23:51:08,33.37
3,2025-01-01 23:51:14,34.06
3,2025-01-01 23:51:24,34.39
3,2025-01-01 23:51:49,33.96
3,2025-01-01 23:52:08,34.96
3,2025-01-01 23:52:32,35.69
3,2025-01-01 23:52:47,36.59
3,2025-01-01 23:53:00,36.73
3,2025-01-01 23:53:24,36.0
3,2025-01-01 23:53:39,36.41
3,2025-01-01 23:54:04,37.31
3,2025-01-01 23:54:11,37.66
3,2025-01-01 23:54:22,37.33
3,2025-01-01 23:54:33,37.9
3,2025-01-01 23:54:45,38.82
3,2025-01-01 23:55:04,38.9
3,2025-01-01 23:55:29,39.4
3,2025-01-01 23:55:48,39.04
3,2025-01-01 23:56:10,39.48
3,2025-01-01 23:56:20,40.25
3,2025-01-01 23:56:30,40.52
3,2025-01-01 23:56:37,39.67
3,2025-01-01 23:56:47,38.78
3,2025-01-01 23:57:11,38.13
3,2025-01-01 23:57:22,39.04
3,2025-01-01 23:57:28,39.16
3,2025-01-01 23:57:41,40.02
3,2025-01-01 23:58:00,40.95
3,2025-01-01 23:58:29,41.57
3,2025-01-01 23:58:40,42.43
3,2025-01-01 23:58:59,41.67
3,2025-01-01 23:59:16,41.91
3,2025-01-01 23:59:46,41.09
3,2025-01-01 23:59:52,40.12
3,2025-01-02 00:00:21,40.31
3,2025-01-02 00:00:48,40.57
3,2025-01-02 00:01:18,40.09
3,2025-01-02 00:01:34,39.93
3,2025-01-02 00:01:40,39.0
3,2025-01-02 00:01:51,39.93
3,2025-01-02 00:02:13,40.49
3,2025-01-02 00:02:41,40.9
3,2025-01-02 00:02:55,41.4
3,2025-01-02 00:03:04,42.14
3,2025-01-02 00:03:29,41.68
3,2025-01-02 00:03:39,42.57
3,2025-01-02 00:03:50,42.84
3,2025-01-02 00:04:01,42.03
3,2025-01-02 00:04:07,42.14
3,2025-01-02 00:04:34,42.03
3,2025-01-02 00:04:47,42.42
3,2025-01-02 00:05:10,43.01
3,2025-01-02 00:05:17,42.23
3,2025-01-02 00:05:46,42.92
3,2025-01-02 00:05:56,43.19
3,2025-01-02 00:06:18,43.65
3,2025-01-02 00:06:35,43.39
3,2025-01-02 00:06:51,42.98
3,2025-01-02 00:07:00,43.56
3,2025-01-02 00:07:28,43.14
3,2025-01-02 00:07:43,43.88
3,2025-01-02 00:08:01,43.85
3,2025-01-02 00:08:08,43.58
3,2025-01-02 00:08:20,43.14
3,2025-01-02 00:08:29,42.19
3,2025-01-02 00:08:53,42.97
3,2025-01-02 00:09:06,42.78
3,2025-01-02 00:09:23,43.61
3,2025-01-02 00:09:29,42.88
3,2025-01-02 00:09:51,42.24
3,2025-01-02 00:10:21,42.06
3,2025-01-02 00:10:44,41.64
3,2025-01-02 00:10:50,40.66
3,2025-01-02 00:10:57,40.59
3,2025-01-02 00:11:25,40.04
3,2025-01-02 00:11:50,39.08
3,2025-01-02 00:12:06,39.93
3,2025-01-02 00:12:12,39.04
3,2025-01-02 00:12:40,39.12
3,2025-01-02 00:13:01,38.53
3,2025-01-02 00:13:30,37.67
3,2025-01-02 00:13:41,38.14
3,2025-01-02 00:13:49,39.03
3,2025-01-02 00:13:58,39.86
3,2025-01-02 00:14:03,40.68
3,2025-01-02 00:14:12,41.04
3,2025-01-02 00:14:35,41.72
3,2025-01-02 00:15:01,40.99
3,2025-01-02 00:15:18,41.64
3,2025-01-02 00:15:42,41.05
3,2025-01-02 00:15:59,41.62
3,2025-01-02 00:16:07,41.92
3,2025-01-02 00:16:20,42.11
3,2025-01-02 00:16:30,41.16
3,2025-01-02 00:16:45,40.74
3,2025-01-02 00:17:10,41.4
3,2025-01-02 00:17:15,42.37
3,2025-01-02 00:17:20,43.27
3,2025-01-02 00:17:47,43.92
3,2025-01-02 00:18:16,44.16
3,2025-01-02 00:18:27,44.93
3,2025-01-02 00:18:41,44.09
3,2025-01-02 00:18:47,43.97
3,2025-01-02 00:19:02,43.37
3,2025-01-02 00:19:14,42.92
3,2025-01-02 00:19:32,43.87
3,2025-01-02 00:19:42,44.26
3,2025-01-02 00:20:11,43.88
3,2025-01-02 00:20:19,42.98
3,2025-01-02 00:20:27,43.33
3,2025-01-02 00:20:33,44.0
3,2025-01-02 00:20:57,43.84
3,2025-01-02 00:21:10,43.59
3,2025-01-02 00:21:30,44.3
3,2025-01-02 00:22:00,45.15
3,2025-01-02 00:22:09,45.07
3,2025-01-02 00:22:14,45.87
3,2025-01-02 00:22:28,45.31
3,2025-01-02 00:22:38,46.01
3,2025-01-02 00:23:07,45.91
3,2025-01-02 00:23:18,45.13
3,2025-01-02 00:23:41,45.31
3,2025-01-02 00:24:01,45.4
3,2025-01-02 00:24:11,45.08
3,2025-01-02 00:24:34,44.39
3,2025-01-02 00:24:59,43.61
3,2025-01-02 00:25:05,42.83
3,2025-01-02 00:25:29,42.62
3,2025-01-02 00:25:48,43.5
3,2025-01-02 00:25:59,44.27
3,2025-01-02 00:26:24,43.49
3,2025-01-02 00:26:50,43.89
3,2025-01-02 00:27:05,43.18
3,2025-01-02 00:27:33,43.71
3,2025-01-02 00:27:47,44.09
3,2025-01-02 00:28:07,43.15
3,2025-01-02 00:28:12,42.48
3,2025-01-02 00:28:28,42.35
3,2025-01-02 00:28:41,41.49
3,2025-01-02 00:28:53,41.53
3,2025-01-02 00:29:23,42.5
3,2025-01-02 00:29:40,42.26
3,2025-01-02 00:30:07,42.99
4,2025-01-01 00:00:00,42.0
4,2025-01-01 00:00:08,41.31
4,2025-01-01 00:00:21,42.18
4,2025-01-01 00:00:29,42.05
4,2025-01-01 00:00:35,42.94
4,2025-01-01 00:01:01,42.42
4,2025-01-01 00:01:31,43.31
4,2025-01-01 00:01:52,43.9
4,2025-01-01 00:02:19,43.7
4,2025-01-01 00:02:29,42.87
4,2025-01-01 00:02:52,42.85
4,2025-01-01 00:03:02,43.6
4,2025-01-01 00:03:17,43.38
4,2025-01-01 00:03:47,44.23
4,2025-01-01 00:04:09,45.03
4,2025-01-01 00:04:15,44.33
4,2025-01-01 00:04:40,45.22
4,2025-01-01 00:04:59,44.38
4,2025-01-01 00:05:14,45.28
4,2025-01-01 00:05:21,45.15
4,2025-01-01 00:05:37,45.71
4,2025-01-01 00:05:49,45.92
4,2025-01-01 00:06:00,46.08
4,2025-01-01 00:06:15,47.04
4,2025-01-01 00:06:23,47.48
4,2025-01-01 00:06:50,48.09
4,2025-01-01 00:07:06,47.45
4,2025-01-01 00:07:30,48.38
4,2025-01-01 00:07:37,48.97
4,2025-01-01 00:07:50,48.8
4,2025-01-01 00:08:15,48.92
4,2025-01-01 00:08:29,49.15
4,2025-01-01 00:08:48,49.39
4,2025-01-01 00:09:10,48.69
4,2025-01-01 00:09:22,47.83
4,2025-01-01 00:09:45,48.02
4,2025-01-01 00:10:07,47.21
4,2025-01-01 00:10:22,47.57
4,2025-01-01 00:10:46,46.87
4,2025-01-01 00:11:02,46.03
4,2025-01-01 00:11:20,46.19
4,2025-01-01 00:11:39,46.99
4,2025-01-01 00:11:52,47.77
4,2025-01-01 00:12:15,46.85
4,2025-01-01 00:12:44,46.21
4,2025-01-01 00:13:11,45.96
4,2025-01-01 00:13:41,45.75
4,2025-01-01 00:14:02,46.24
4,2025-01-01 00:14:23,46.65
4,2025-01-01 00:14:35,47.37
4,2025-01-01 00:14:41,47.93
4,2025-01-01 00:14:53,47.66
4,2025-01-01 00:15:13,47.8
4,2025-01-01 00:15:40,47.91
4,2025-01-01 00:16:00,47.75
4,2025-01-01 00:16:10,47.57
4,2025-01-01 00:16:39,46.58
4,2025-01-01 00:17:00,46.9
4,2025-01-01 00:17:07,47.4
4,2025-01-01 00:17:13,47.4
4,2025-01-01 00:17:43,47.64
4,2025-01-01 00:17:57,47.69
4,2025-01-01 00:18:19,46.78
4,2025-01-01 00:18:48,47.39
4,2025-01-01 00:19:08,47.97
4,2025-01-01 00:19:21,47.54
4,2025-01-01 00:19:41,46.87
4,2025-01-01 00:20:00,47.3
4,2025-01-01 00:20:30,47.18
4,2025-01-01 00:20:41,47.83
4,2025-01-01 00:21:02,48.19
4,2025-01-01 00:21:22,47.48
4,2025-01-01 00:21:31,47.31
4,2025-01-01 00:21:43,47.94
4,2025-01-01 00:21:50,48.81
4,2025-01-01 00:22:05,48.74
4,2025-01-01 00:22:29,48.23
4,2025-01-01 00:22:39,49.17
4,2025-01-01 00:23:05,49.51
4,2025-01-01 00:23:19,50.41
4,2025-01-01 00:23:41,50.41
4,2025-01-01 00:24:10,51.1
4,2025-01-01 00:24:16,51.43
4,2025-01-01 00:24:35,51.0
4,2025-01-01 00:25:01,50.03
4,2025-01-01 00:25:20,49.77
4,2025-01-01 00:25:38,49.66
4,2025-01-01 00:25:45,50.31
4,2025-01-01 00:26:05,50.04
4,2025-01-01 00:26:24,50.19
4,2025-01-01 00:26:54,50.58
4,2025-01-01 00:27:18,50.63
4,2025-01-01 00:27:34,49.71
4,2025-01-01 00:27:47,49.4
4,2025-01-01 00:28:16,48.79
4,2025-01-01 00:28:43,49.4
4,2025-01-01 00:28:55,48.52
4,2025-01-01 00:29:09,49.26
4,2025-01-01 00:29:26,48.73
4,2025-01-01 00:29:40,48.19
4,2025-01-01 00:29:56,48.99
4,2025-01-01 00:30:16,49.6
4,2025-01-01 00:30:32,50.48
4,2025-01-01 00:30:48,51.04
4,2025-01-01 00:31:00,51.19
4,2025-01-01 00:31:05,52.18
4,2025-01-01 00:31:13,52.59
4,2025-01-01 00:31:31,52.37
4,2025-01-01 00:31:36,53.19
4,2025-01-01 00:31:43,53.76
4,2025-01-01 00:31:58,54.27
4,2025-01-01 00:32:27,54.85
4,2025-01-01 00:32:47,54.6
4,2025-01-01 00:33:12,54.1
4,2025-01-01 00:33:28,53.65
4,2025-01-01 00:33:42,53.02
4,2025-01-01 00:33:53,52.94
4,2025-01-01 00:34:11,53.72
4,2025-01-01 00:34:40,53.31
4,2025-01-01 00:35:03,52.74
4,2025-01-01 00:35:25,52.59
4,2025-01-01 00:35:40,52.68
4,2025-01-01 00:35:56,53.19
4,2025-01-01 00:36:08,53.47
4,2025-01-01 00:36:36,54.17
4,2025-01-01 00:37:06,53.88
4,2025-01-01 00:37:33,53.93
4,2025-01-01 00:37:44,54.66
4,2025-01-01 00:38:05,54.65
4,2025-01-01 00:38:25,54.38
4,2025-01-01 00:38:32,54.48
4,2025-01-01 00:39:00,54.22
4,2025-01-01 00:39:09,55.17
4,2025-01-01 00:39:36,54.76
4,2025-01-01 00:39:54,55.04
4,2025-01-01 00:40:13,55.23
4,2025-01-01 00:40:42,55.53
4,2025-01-01 00:40:47,55.79
4,2025-01-01 00:41:13,56.52
4,2025-01-01 00:41:42,55.66
4,2025-01-01 00:42:07,55.45
4,2025-01-01 00:42:18,56.07
4,2025-01-01 00:42:42,55.24
4,2025-01-01 00:42:51,54.89
4,2025-01-01 00:42:56,55.36
4,2025-01-01 00:43:04,54.4
4,2025-01-01 00:43:33,54.18
4,2025-01-01 00:43:53,53.64
4,2025-01-01 00:44:08,53.14
4,2025-01-01 00:44:22,53.39
4,2025-01-01 00:44:41,54.21
4,2025-01-01 00:45:09,54.01
4,2025-01-01 00:45:19,54.39
4,2025-01-01 00:45:33,54.84
4,2025-01-01 00:45:44,55.61
4,2025-01-01 00:45:55,55.63
4,2025-01-01 00:46:00,54.73
4,2025-01-01 00:46:21,54.63
4,2025-01-01 00:46:40,54.67
4,2025-01-01 00:46:46,54.25
4,2025-01-01 00:46:51,53.38
4,2025-01-01 00:46:59,53.84
4,2025-01-01 00:47:15,53.6
4,2025-01-01 00:47:44,53.31
4,2025-01-01 00:48:02,52.69
4,2025-01-01 00:48:08,52.28
4,2025-01-01 00:48:29,52.18
4,2025-01-01 00:48:37,52.79
4,2025-01-01 00:48:50,53.43
4,2025-01-01 00:49:05,53.36
4,2025-01-01 00:49:19,53.96
4,2025-01-01 00:49:29,53.68
4,2025-01-01 00:49:48,52.96
4,2025-01-01 00:49:57,53.0
4,2025-01-01 00:50:20,52.69
4,2025-01-01 00:50:49,51.7
4,2025-01-01 00:51:06,51.31
4,2025-01-01 00:51:25,51.02
4,2025-01-01 00:51:51,51.32
4,2025-01-01 00:52:19,52.23
4,2025-01-01 00:52:29,52.13
4,2025-01-01 00:52:34,52.68
4,2025-01-01 00:52:51,53.45
4,2025-01-01 00:53:03,54.09
4,2025-01-01 00:53:11,54.68
4,2025-01-01 00:53:40,53.93
4,2025-01-01 00:54:10,53.22
4,2025-01-01 00:54:39,54.18
4,2025-01-01 00:55:04,53.97
4,2025-01-01 00:55:33,53.85
4,2025-01-01 00:55:58,53.86
4,2025-01-01 00:56:06,54.04
4,2025-01-01 00:56:32,54.25
4,2025-01-01 00:56:57,53.26
4,2025-01-01 00:57:17,54.12
4,2025-01-01 00:57:47,53.8
4,2025-01-01 00:58:06,53.03
4,2025-01-01 00:58:14,53.94
4,2025-01-01 00:58:41,53.14
4,2025-01-01 00:59:03,53.63
4,2025-01-01 00:59:19,54.15
4,2025-01-01 00:59:34,54.02
4,2025-01-01 00:59:56,54.12
4,2025-01-01 01:00:05,54.7
4,2025-01-01 01:00:26,54.71
4,2025-01-01 01:00:48,54.0
4,2025-01-01 01:01:00,54.41
4,2025-01-01 01:01:25,53.94
4,2025-01-01 01:01:32,53.14
4,2025-01-01 01:01:56,53.71
4,2025-01-01 01:02:10,53.6
4,2025-01-01 01:02:17,53.09
4,2025-01-01 01:02:29,52.22
4,2025-01-01 01:02:53,51.53
4,2025-01-01 01:03:17,51.76
4,2025-01-01 01:03:34,51.89
4,2025-01-01 01:04:04,50.91
4,2025-01-01 01:04:14,50.45
4,2025-01-01 01:04:25,51.43
4,2025-01-01 01:04:52,51.98
4,2025-01-01 01:05:01,52.79
4,2025-01-01 01:05:25,52.13
4,2025-01-01 01:05:34,52.8
4,2025-01-01 01:05:55,53.73
4,2025-01-01 01:06:19,53.42
4,2025-01-01 01:06:38,53.93
4,2025-01-01 01:06:56,53.02
4,2025-01-01 01:07:07,53.59
4,2025-01-01 01:07:27,53.59
4,2025-01-01 01:07:56,53.86
4,2025-01-01 01:08:05,52.92
4,2025-01-01 01:08:18,53.11
4,2025-01-01 01:08:33,53.91
4,2025-01-01 01:09:01,54.52
4,2025-01-01 01:09:16,55.41
4,2025-01-01 01:09:29,55.03
4,2025-01-01 01:09:36,54.44
4,2025-01-01 01:09:41,55.08
4,2025-01-01 01:10:06,54.24
4,2025-01-01 01:10:31,54.44
4,2025-01-01 01:10:52,53.55
4,2025-01-01 01:11:18,54.33
4,2025-01-01 01:11:29,55.23
4,2025-01-01 01:11:53,56.1
4,2025-01-01 01:11:59,55.75
4,2025-01-01 01:12:12,55.31
4,2025-01-01 01:12:39,54.7
4,2025-01-01 01:13:00,54.65
4,2025-01-01 01:13:19,54.02
4,2025-01-01 01:13:40,53.78
4,2025-01-01 01:14:08,53.24
4,2025-01-01 01:14:21,54.24
4,2025-01-01 01:14:36,55.11
4,2025-01-01 01:14:50,54.81
4,2025-01-01 01:15:00,54.63
4,2025-01-01 01:15:25,54.11
4,2025-01-01 01:15:51,54.42
4,2025-01-01 01:16:15,53.57
4,2025-01-01 01:16:41,54.48
4,2025-01-01 01:16:53,55.38
4,2025-01-01 01:17:17,56.25
4,2025-01-01 01:17:25,56.37
4,2025-01-01 01:17:54,55.72
4,2025-01-01 01:18:03,54.86
4,2025-01-01 01:18:14,55.04
4,2025-01-01 01:18:40,55.32
4,2025-01-01 01:19:02,55.27
4,2025-01-01 01:19:31,56.16
4,2025-01-01 01:19:57,56.12
4,2025-01-01 01:20:14,55.65
4,2025-01-01 01:20:37,55.46
4,2025-01-01 01:20:56,55.39
4,2025-01-01 01:21:18,55.85
4,2025-01-01 01:21:34,56.46
4,2025-01-01 01:21:48,56.17
4,2025-01-01 01:22:06,55.84
4,2025-01-01 01:22:21,54.91
4,2025-01-01 01:22:30,55.43
4,2025-01-01 01:22:50,55.47
4,2025-01-01 01:23:17,56.23
4,2025-01-01 01:23:41,56.96
4,2025-01-01 01:23:46,56.22
4,2025-01-01 01:24:05,56.89
4,2025-01-01 01:24:15,56.94
4,2025-01-01 01:24:34,57.8
4,2025-01-01 01:24:53,57.08
4,2025-01-01 01:25:00,57.95
4,2025-01-01 01:25:16,58.09
4,2025-01-01 01:25:45,58.4
4,2025-01-01 01:26:05,57.57
4,2025-01-01 01:26:25,57.24
4,2025-01-01 01:26:38,58.02
4,2025-01-01 01:26:46,57.16
4,2025-01-01 01:27:09,57.82
4,2025-01-01 01:27:25,58.81
4,2025-01-01 01:27:54,57.84
4,2025-01-01 01:28:20,57.04
4,2025-01-01 01:28:27,56.42
4,2025-01-01 01:28:32,57.18
4,2025-01-01 01:28:48,58.08
4,2025-01-01 01:29:00,57.72
4,2025-01-01 01:29:06,57.38
4,2025-01-01 01:29:36,58.15
4,2025-01-01 01:29:56,58.51
4,2025-01-01 01:30:19,59.4
4,2025-01-01 01:30:43,59.85
4,2025-01-01 01:30:52,60.25
4,2025-01-01 01:31:07,60.02
4,2025-01-01 01:31:27,60.79
4,2025-01-01 01:31:35,59.89
4,2025-01-01 01:31:50,60.58
4,2025-01-01 01:31:57,59.68
4,2025-01-01 01:32:05,59.45
4,2025-01-01 01:32:10,59.61
4,2025-01-01 01:32:24,59.45
4,2025-01-01 01:32:40,59.79
4,2025-01-01 01:32:51,59.24
4,2025-01-01 01:33:06,59.88
4,2025-01-01 01:33:22,60.78
4,2025-01-01 01:33:38,60.21
4,2025-01-01 01:34:08,60.18
4,2025-01-01 01:34:32,61.06
4,2025-01-01 01:34:42,60.43
4,2025-01-01 01:35:01,59.85
4,2025-01-01 01:35:12,59.07
4,2025-01-01 01:35:36,58.19
4,2025-01-01 01:35:44,58.72
4,2025-01-01 01:35:58,59.54
4,2025-01-01 01:36:16,60.23
4,2025-01-01 01:36:28,61.15
4,2025-01-01 01:36:34,61.94
4,2025-01-01 01:36:45,61.1
4,2025-01-01 01:36:55,61.31
4,2025-01-01 01:37:04,61.03
4,2025-01-01 01:37:17,61.6
4,2025-01-01 01:37:47,60.99
4,2025-01-01 01:38:06,60.35
4,2025-01-01 01:38:33,59.72
4,2025-01-01 01:38:57,58.74
4,2025-01-01 01:39:12,58.36
4,2025-01-01 01:39:40,58.9
4,2025-01-01 01:39:54,58.02
4,2025-01-01 01:40:15,57.75
4,2025-01-01 01:40:27,58.59
4,2025-01-01 01:40:42,58.85
4,2025-01-01 01:41:07,59.61
4,2025-01-01 01:41:26,60.43
4,2025-01-01 01:41:37,60.1
4,2025-01-01 01:41:53,60.63
4,2025-01-01 01:42:19,60.27
4,2025-01-01 01:42:41,60.73
4,2025-01-01 01:43:03,61.34
4,2025-01-01 01:43:30,61.36
4,2025-01-01 01:43:43,61.19
4,2025-01-01 01:43:57,60.69
4,2025-01-01 01:44:24,60.57
4,2025-01-01 01:44:31,59.95
4,2025-01-01 01:44:40,59.97
4,2025-01-01 01:45:09,59.68
4,2025-01-01 01:45:35,59.74
4,2025-01-01 01:45:58,60.09
4,2025-01-01 01:46:18,60.41
4,2025-01-01 01:46:40,60.47
4,2025-01-01 01:46:48,61.18
4,2025-01-01 01:47:15,60.49
4,2025-01-01 01:47:20,61.21
4,2025-01-01 01:47:26,60.76
4,2025-01-01 01:47:35,61.08
4,2025-01-01 01:47:52,60.47
4,2025-01-01 01:48:03,60.97
4,2025-01-01 01:48:08,60.23
4,2025-01-01 01:48:29,60.52
4,2025-01-01 01:48:51,60.71
4,2025-01-01 01:49:21,61.36
4,2025-01-01 01:49:48,61.69
4,2025-01-01 01:50:03,62.22
4,2025-01-01 01:50:24,62.39
4,2025-01-01 01:50:35,62.22
4,2025-01-01 01:50:53,61.92
4,2025-01-01 01:51:10,61.06
4,2025-01-01 01:51:35,60.08
4,2025-01-01 01:51:53,59.59
4,2025-01-01 01:51:58,59.39
4,2025-01-01 01:52:05,59.11
4,2025-01-01 01:52:29,58.34
4,2025-01-01 01:52:43,58.4
4,2025-01-01 01:53:13,58.5
4,2025-01-01 01:53:37,59.35
4,2025-01-01 01:53:50,58.75
4,2025-01-01 01:54:08,59.52
4,2025-01-01 01:54:16,59.55
4,2025-01-01 01:54:30,58.63
4,2025-01-01 01:54:55,58.79
4,2025-01-01 01:55:19,58.29
4,2025-01-01 01:55:47,58.87
4,2025-01-01 01:56:02,58.29
4,2025-01-01 01:56:18,58.92
4,2025-01-01 01:56:40,58.96
4,2025-01-01 01:56:48,59.12
4,2025-01-01 01:57:01,60.1
4,2025-01-01 01:57:08,60.3
4,2025-01-01 01:57:38,60.34
4,2025-01-01 01:57:46,60.55
4,2025-01-01 01:58:09,60.16
4,2025-01-01 01:58:14,61.08
4,2025-01-01 01:58:27,60.55
4,2025-01-01 01:58:33,60.61
4,2025-01-01 01:58:51,60.3
4,2025-01-01 01:58:58,60.91
4,2025-01-01 01:59:03,61.77
4,2025-01-01 01:59:08,61.58
4,2025-01-01 01:59:23,61.39
4,2025-01-01 01:59:34,61.29
4,2025-01-01 01:59:55,60.82
4,2025-01-01 02:00:01,61.19
4,2025-01-01 02:00:26,61.85
4,2025-01-01 02:00:33,61.29
4,2025-01-01 02:00:41,61.55
4,2025-01-01 02:00:46,62.35
4,2025-01-01 02:00:51,63.09
4,2025-01-01 02:01:04,62.49
4,2025-01-01 02:01:09,63.1
4,2025-01-01 02:01:24,62.13
4,2025-01-01 02:01:39,62.94
4,2025-01-01 02:01:44,63.85
4,2025-01-01 02:01:59,63.39
4,2025-01-01 02:02:22,63.21
4,2025-01-01 02:02:43,64.1
4,2025-01-01 02:02:49,64.28
4,2025-01-01 02:03:12,63.33
4,2025-01-01 02:03:23,62.51
4,2025-01-01 02:03:36,63.17
4,2025-01-01 02:03:46,62.27
4,2025-01-01 02:03:59,61.97
4,2025-01-01 02:04:23,62.87
4,2025-01-01 02:04:35,62.69
4,2025-01-01 02:04:42,63.65
4,2025-01-01 02:04:58,63.92
4,2025-01-01 02:05:28,63.66
4,2025-01-01 02:05:43,64.05
4,2025-01-01 02:06:01,63.55
4,2025-01-01 02:06:19,62.75
4,2025-01-01 02:06:43,63.63
4,2025-01-01 02:07:01,64.22
4,2025-01-01 02:07:29,64.72
4,2025-01-01 02:07:48,65.19
4,2025-01-01 02:08:01,65.17
4,2025-01-01 02:08:30,64.67
4,2025-01-01 02:08:58,63.83
4,2025-01-01 02:09:17,63.32
4,2025-01-01 02:09:22,63.37
4,2025-01-01 02:09:35,64.25
4,2025-01-01 02:09:48,65.24
4,2025-01-01 02:10:15,66.15
4,2025-01-01 02:10:24,65.58
4,2025-01-01 02:10:46,66.55
4,2025-01-01 02:11:04,67.21
4,2025-01-01 02:11:18,67.25
4,2025-01-01 02:11:28,67.22
4,2025-01-01 02:11:54,66.43
4,2025-01-01 02:12:05,66.06
4,2025-01-01 02:12:34,66.23
4,2025-01-01 02:12:57,66.12
4,2025-01-01 02:13:21,65.51
4,2025-01-01 02:13:46,65.75
4,2025-01-01 02:14:12,65.51
4,2025-01-01 02:14:19,65.88
4,2025-01-01 02:14:31,66.19
4,2025-01-01 02:14:56,66.79
4,2025-01-01 02:15:15,66.87
4,2025-01-01 02:15:23,67.27
4,2025-01-01 02:15:42,67.5
4,2025-01-01 02:15:57,66.8
4,2025-01-01 02:16:17,66.27
4,2025-01-01 02:16:37,65.46
4,2025-01-01 02:16:58,64.89
4,2025-01-01 02:17:03,65.15
4,2025-01-01 02:17:10,65.53
4,2025-01-01 02:17:23,66.47
4,2025-01-01 02:17:41,66.89
4,2025-01-01 02:17:58,66.03
4,2025-01-01 02:18:13,67.01
4,2025-01-01 02:18:26,66.55
4,2025-01-01 02:18:36,66.74
4,2025-01-01 02:19:00,65.97
4,2025-01-01 02:19:28,66.05
4,2025-01-01 02:19:42,66.09
4,2025-01-01 02:19:53,66.18
4,2025-01-01 02:20:12,65.97
4,2025-01-01 02:20:28,66.66
4,2025-01-01 02:20:57,67.35
4,2025-01-01 02:21:13,67.04
4,2025-01-01 02:21:20,66.04
4,2025-01-01 02:21:48,66.48
4,2025-01-01 02:22:04,66.14
4,2025-01-01 02:22:29,66.51
4,2025-01-01 02:22:56,66.11
4,2025-01-01 02:23:11,66.6
4,2025-01-01 02:23:38,67.57
4,2025-01-01 02:23:49,68.44
4,2025-01-01 02:24:03,68.15
4,2025-01-01 02:24:18,68.88
4,2025-01-01 02:24:24,69.86
4,2025-01-01 02:24:52,70.28
4,2025-01-01 02:25:19,70.32
4,2025-01-01 02:25:34,69.64
4,2025-01-01 02:25:52,68.93
4,2025-01-01 02:26:13,69.01
4,2025-01-01 02:26:41,69.67
4,2025-01-01 02:26:55,68.88
4,2025-01-01 02:27:24,68.74
4,2025-01-01 02:27:29,68.13
4,2025-01-01 02:27:54,69.12
4,2025-01-01 02:28:03,69.03
4,2025-01-01 02:28:30,68.86
4,2025-01-01 02:29:00,68.88
4,2025-01-01 02:29:05,69.33
4,2025-01-01 02:29:16,69.35
4,2025-01-01 02:29:36,68.44
4,2025-01-01 02:29:41,68.62
4,2025-01-01 02:29:55,68.43
4,2025-01-01 02:30:18,68.48
4,2025-01-01 02:30:25,67.92
4,2025-01-01 02:30:33,67.54
4,2025-01-01 02:30:45,66.66
4,2025-01-01 02:31:14,65.75
4,2025-01-01 02:31:25,65.62
4,2025-01-01 02:31:46,66.34
4,2025-01-01 02:31:59,66.55
4,2025-01-01 02:32:15,66.46
4,2025-01-01 02:32:20,66.68
4,2025-01-01 02:32:41,67.24
4,2025-01-01 02:33:10,66.88
4,2025-01-01 02:33:40,66.59
4,2025-01-01 02:34:01,66.85
4,2025-01-01 02:34:18,67.39
4,2025-01-01 02:34:39,66.74
4,2025-01-01 02:34:59,66.18
4,2025-01-01 02:35:08,66.88
4,2025-01-01 02:35:24,66.86
4,2025-01-01 02:35:30,66.38
4,2025-01-01 02:35:45,65.79
4,2025-01-01 02:35:50,65.31
4,2025-01-01 02:36:00,66.26
4,2025-01-01 02:36:14,66.85
4,2025-01-01 02:36:24,65.95
4,2025-01-01 02:36:29,65.88
4,2025-01-01 02:36:43,65.43
4,2025-01-01 02:37:09,66.33
4,2025-01-01 02:37:21,65.94
4,2025-01-01 02:37:27,66.25
4,2025-01-01 02:37:48,65.47
4,2025-01-01 02:38:00,65.51
4,2025-01-01 02:38:18,66.03
4,2025-01-01 02:38:45,65.21
4,2025-01-01 02:39:03,65.43
4,2025-01-01 02:39:27,64.68
4,2025-01-01 02:39:42,65.51
4,2025-01-01 02:39:54,66.47
4,2025-01-01 02:40:13,67.36
4,2025-01-01 02:40:41,67.54
4,2025-01-01 02:40:52,67.32
4,2025-01-01 02:41:04,67.89
4,2025-01-01 02:41:32,68.06
4,2025-01-01 02:41:54,67.95
4,2025-01-01 02:42:23,68.74
4,2025-01-01 02:42:45,69.72
4,2025-01-01 02:42:51,69.3
4,2025-01-01 02:43:12,69.76
4,2025-01-01 02:43:26,70.33
4,2025-01-01 02:43:43,69.49
4,2025-01-01 02:43:48,69.31
4,2025-01-01 02:44:14,68.69
4,2025-01-01 02:44:29,68.68
4,2025-01-01 02:44:47,68.8
4,2025-01-01 02:45:15,67.95
4,2025-01-01 02:45:28,67.63
4,2025-01-01 02:45:39,67.88
4,2025-01-01 02:45:51,67.53
4,2025-01-01 02:46:01,67.55
4,2025-01-01 02:46:26,67.71
4,2025-01-01 02:46:36,67.16
4,2025-01-01 02:46:48,67.39
4,2025-01-01 02:46:58,67.1
4,2025-01-01 02:47:25,66.49
4,2025-01-01 02:47:44,66.11
4,2025-01-01 02:48:10,65.76
4,2025-01-01 02:48:32,65.98
4,2025-01-01 02:48:37,66.55
4,2025-01-01 02:48:48,67.02
4,2025-01-01 02:48:53,67.54
4,2025-01-01 02:49:16,68.43
4,2025-01-01 02:49:34,67.52
4,2025-01-01 02:49:45,67.43
4,2025-01-01 02:49:51,67.95
4,2025-01-01 02:50:07,67.69
4,2025-01-01 02:50:14,66.73
4,2025-01-01 02:50:25,67.3
4,2025-01-01 02:50:43,66.4
4,2025-01-01 02:51:05,67.06
4,2025-01-01 02:51:20,67.23
4,2025-01-01 02:51:26,67.76
4,2025-01-01 02:51:53,66.78
4,2025-01-01 02:52:00,66.83
4,2025-01-01 02:52:06,67.11
4,2025-01-01 02:52:19,66.63
4,2025-01-01 02:52:44,66.42
4,2025-01-01 02:53:14,66.84
4,2025-01-01 02:53:32,66.03
4,2025-01-01 02:53:40,65.99
4,2025-01-01 02:53:51,66.63
4,2025-01-01 02:54:17,66.66
4,2025-01-01 02:54:43,65.73
4,2025-01-01 02:55:04,65.54
4,2025-01-01 02:55:12,65.92
4,2025-01-01 02:55:25,65.08
4,2025-01-01 02:55:52,65.57
4,2025-01-01 02:55:59,65.89
4,2025-01-01 02:56:08,66.79
4,2025-01-01 02:56:25,65.85
4,2025-01-01 02:56:42,66.8
4,2025-01-01 02:56:57,67.73
4,2025-01-01 02:57:25,68.72
4,2025-01-01 02:57:51,69.16
4,2025-01-01 02:58:07,69.82
4,2025-01-01 02:58:24,69.93
4,2025-01-01 02:58:44,70.77
4,2025-01-01 02:59:05,70.21
4,2025-01-01 02:59:32,70.02
4,2025-01-01 02:59:43,69.17
4,2025-01-01 02:59:50,69.3
4,2025-01-01 03:00:01,69.88
4,2025-01-01 03:00:09,70.58
4,2025-01-01 03:00:34,70.73
4,2025-01-01 03:00:54,70.51
4,2025-01-01 03:01:14,69.69
4,2025-01-01 03:01:41,69.74
4,2025-01-01 03:02:06,70.44
4,2025-01-01 03:02:11,70.7
4,2025-01-01 03:02:17,71.29
4,2025-01-01 03:02:45,71.68
4,2025-01-01 03:03:03,70.82
4,2025-01-01 03:03:20,70.7
4,2025-01-01 03:03:26,71.62
4,2025-01-01 03:03:39,70.77
4,2025-01-01 03:04:00,70.83
4,2025-01-01 03:04:20,70.12
4,2025-01-01 03:04:38,70.5
4,2025-01-01 03:05:03,70.1
4,2025-01-01 03:05:20,70.32
4,2025-01-01 03:05:46,69.44
4,2025-01-01 03:05:52,68.7
4,2025-01-01 03:06:21,68.32
4,2025-01-01 03:06:45,67.71
4,2025-01-01 03:07:07,68.44
4,2025-01-01 03:07:25,68.39
4,2025-01-01 03:07:46,67.79
4,2025-01-01 03:08:11,66.9
4,2025-01-01 03:08:26,66.47
4,2025-01-01 03:08:37,65.47
4,2025-01-01 03:08:47,65.01
4,2025-01-01 03:09:03,65.72
4,2025-01-01 03:09:33,66.6
4,2025-01-01 03:09:38,67.38
4,2025-01-01 03:10:01,66.58
4,2025-01-01 03:10:07,67.48
4,2025-01-01 03:10:37,68.44
4,2025-01-01 03:10:57,68.79
4,2025-01-01 03:11:15,69.0
4,2025-01-01 03:11:45,68.25
4,2025-01-01 03:11:51,67.86
4,2025-01-01 03:12:21,67.05
4,2025-01-01 03:12:50,66.77
4,2025-01-01 03:13:04,66.46
4,2025-01-01 03:13:09,66.24
4,2025-01-01 03:13:25,66.43
4,2025-01-01 03:13:35,67.38
4,2025-01-01 03:13:54,68.06
4,2025-01-01 03:14:10,68.72
4,2025-01-01 03:14:39,68.18
4,2025-01-01 03:14:52,69.08
4,2025-01-01 03:15:19,69.14
4,2025-01-01 03:15:41,69.01
4,2025-01-01 03:16:10,68.97
4,2025-01-01 03:16:32,69.61
4,2025-01-01 03:16:53,69.88
4,2025-01-01 03:17:10,69.38
4,2025-01-01 03:17:35,69.21
4,2025-01-01 03:17:44,69.13
4,2025-01-01 03:17:58,68.66
4,2025-01-01 03:18:06,69.45
4,2025-01-01 03:18:25,70.21
4,2025-01-01 03:18:47,70.36
4,2025-01-01 03:19:17,70.56
4,2025-01-01 03:19:25,71.06
4,2025-01-01 03:19:44,71.27
4,2025-01-01 03:20:13,70.91
4,2025-01-01 03:20:28,71.03
4,2025-01-01 03:20:56,70.94
4,2025-01-01 03:21:24,70.43
4,2025-01-01 03:21:42,71.1
4,2025-01-01 03:22:05,71.48
4,2025-01-01 03:22:33,72.44
4,2025-01-01 03:22:53,71.9
4,2025-01-01 03:23:10,71.17
4,2025-01-01 03:23:29,72.05
4,2025-01-01 03:23:53,72.15
4,2025-01-01 03:24:04,72.99
4,2025-01-01 03:24:19,72.86
4,2025-01-01 03:24:40,72.96
4,2025-01-01 03:25:03,73.63
4,2025-01-01 03:25:30,73.69
4,2025-01-01 03:25:46,73.06
4,2025-01-01 03:25:54,72.67
4,2025-01-01 03:26:12,72.51
4,2025-01-01 03:26:32,71.71
4,2025-01-01 03:26:39,70.9
4,2025-01-01 03:26:46,70.37
4,2025-01-01 03:26:53,70.9
4,2025-01-01 03:27:04,70.6
4,2025-01-01 03:27:15,70.73
4,2025-01-01 03:27:28,70.39
4,2025-01-01 03:27:43,69.51
4,2025-01-01 03:27:58,70.19
4,2025-01-01 03:28:20,70.67
4,2025-01-01 03:28:39,70.11
4,2025-01-01 03:28:52,70.8
4,2025-01-01 03:29:16,70.05
4,2025-01-01 03:29:39,70.03
4,2025-01-01 03:29:48,70.51
4,2025-01-01 03:29:54,71.01
4,2025-01-01 03:30:09,71.46
4,2025-01-01 03:30:25,72.44
4,2025-01-01 03:30:55,72.78
4,2025-01-01 03:31:12,73.66
4,2025-01-01 03:31:21,74.6
4,2025-01-01 03:31:33,74.05
4,2025-01-01 03:31:59,73.66
4,2025-01-01 03:32:23,72.8
4,2025-01-01 03:32:35,73.49
4,2025-01-01 03:33:04,73.85
4,2025-01-01 03:33:10,72.98
4,2025-01-01 03:33:22,72.25
4,2025-01-01 03:33:40,71.34
4,2025-01-01 03:34:02,70.89
4,2025-01-01 03:34:24,70.38
4,2025-01-01 03:34:54,71.06
4,2025-01-01 03:35:22,70.37
4,2025-01-01 03:35:31,71.34
4,2025-01-01 03:35:54,71.83
4,2025-01-01 03:36:01,71.3
4,2025-01-01 03:36:12,72.3
4,2025-01-01 03:36:21,72.9
4,2025-01-01 03:36:44,71.93
4,2025-01-01 03:37:06,71.09
4,2025-01-01 03:37:22,71.94
4,2025-01-01 03:37:37,71.52
4,2025-01-01 03:37:56,71.2
4,2025-01-01 03:38:22,70.73
4,2025-01-01 03:38:44,70.58
4,2025-01-01 03:39:10,69.78
4,2025-01-01 03:39:22,70.33
4,2025-01-01 03:39:37,71.15
4,2025-01-01 03:39:50,70.36
4,2025-01-01 03:39:58,70.29
4,2025-01-01 03:40:06,70.82
4,2025-01-01 03:40:18,71.19
4,2025-01-01 03:40:42,71.84
4,2025-01-01 03:40:49,71.63
4,2025-01-01 03:41:00,71.22
4,2025-01-01 03:41:24,70.68
4,2025-01-01 03:41:48,70.95
4,2025-01-01 03:42:09,71.71
4,2025-01-01 03:42:39,71.24
4,2025-01-01 03:42:55,70.69
4,2025-01-01 03:43:13,69.78
4,2025-01-01 03:43:28,70.58
4,2025-01-01 03:43:54,69.69
4,2025-01-01 03:44:17,69.4
4,2025-01-01 03:44:47,69.11
4,2025-01-01 03:45:04,69.05
4,2025-01-01 03:45:22,69.41
4,2025-01-01 03:45:49,69.95
4,2025-01-01 03:46:19,68.96
4,2025-01-01 03:46:43,68.32
4,2025-01-01 03:46:54,68.65
4,2025-01-01 03:47:10,68.34
4,2025-01-01 03:47:26,68.21
4,2025-01-01 03:47:48,68.0
4,2025-01-01 03:48:05,67.52
4,2025-01-01 03:48:34,66.89
4,2025-01-01 03:48:46,66.18
4,2025-01-01 03:49:13,65.93
4,2025-01-01 03:49:37,66.66
4,2025-01-01 03:49:48,66.63
4,2025-01-01 03:49:57,67.46
4,2025-01-01 03:50:05,67.97
4,2025-01-01 03:50:14,67.27
4,2025-01-01 03:50:33,66.44
4,2025-01-01 03:50:45,66.74
4,2025-01-01 03:51:15,67.17
4,2025-01-01 03:51:45,67.87
4,2025-01-01 03:52:03,68.66
4,2025-01-01 03:52:19,68.76
4,2025-01-01 03:52:37,69.7
4,2025-01-01 03:52:42,68.87
4,2025-01-01 03:53:11,68.61
4,2025-01-01 03:53:26,69.2
4,2025-01-01 03:53:42,68.28
4,2025-01-01 03:53:49,68.73
4,2025-01-01 03:54:17,69.62
4,2025-01-01 03:54:43,70.31
4,2025-01-01 03:54:50,69.49
4,2025-01-01 03:55:09,68.63
4,2025-01-01 03:55:23,68.94
4,2025-01-01 03:55:50,68.72
4,2025-01-01 03:56:04,68.62
4,2025-01-01 03:56:28,68.23
4,2025-01-01 03:56:55,67.32
4,2025-01-01 03:57:19,67.29
4,2025-01-01 03:57:41,67.04
4,2025-01-01 03:57:59,66.93
4,2025-01-01 03:58:11,66.18
4,2025-01-01 03:58:27,66.84
4,2025-01-01 03:58:57,66.44
4,2025-01-01 03:59:13,66.55
4,2025-01-01 03:59:37,65.75
4,2025-01-01 04:00:04,65.43
4,2025-01-01 04:00:19,64.54
4,2025-01-01 04:00:32,65.12
4,2025-01-01 04:00:42,64.75
4,2025-01-01 04:01:06,64.19
4,2025-01-01 04:01:29,63.78
4,2025-01-01 04:01:45,62.98
4,2025-01-01 04:02:06,62.15
4,2025-01-01 04:02:15,62.18
4,2025-01-01 04:02:25,62.49
4,2025-01-01 04:02:49,62.28
4,2025-01-01 04:03:16,62.18
4,2025-01-01 04:03:25,61.21
4,2025-01-01 04:03:50,60.73
4,2025-01-01 04:04:00,60.53
4,2025-01-01 04:04:19,60.45
4,2025-01-01 04:04:49,61.28
4,2025-01-01 04:04:55,61.51
4,2025-01-01 04:05:18,61.49
4,2025-01-01 04:05:34,62.34
4,2025-01-01 04:05:56,62.53
4,2025-01-01 04:06:09,63.29
4,2025-01-01 04:06:35,63.72
4,2025-01-01 04:06:47,63.99
4,2025-01-01 04:07:17,63.29
4,2025-01-01 04:07:23,62.92
4,2025-01-01 04:07:45,62.63
4,2025-01-01 04:08:07,63.51
4,2025-01-01 04:08:21,63.21
4,2025-01-01 04:08:42,63.6
4,2025-01-01 04:08:47,64.51
4,2025-01-01 04:09:03,64.22
4,2025-01-01 04:09:23,64.27
4,2025-01-01 04:09:48,64.81
4,2025-01-01 04:10:14,63.82
4,2025-01-01 04:10:42,63.2
4,2025-01-01 04:10:58,62.24
4,2025-01-01 04:11:24,61.28
4,2025-01-01 04:11:30,60.95
4,2025-01-01 04:11:51,60.45
4,2025-01-01 04:11:56,61.4
4,2025-01-01 04:12:07,60.59
4,2025-01-01 04:12:33,60.17
4,2025-01-01 04:13:00,60.14
4,2025-01-01 04:13:11,61.08
4,2025-01-01 04:13:38,60.53
4,2025-01-01 04:13:56,59.89
4,2025-01-01 04:14:01,59.27
4,2025-01-01 04:14:21,59.61
4,2025-01-01 04:14:30,60.45
4,2025-01-01 04:15:00,59.94
4,2025-01-01 04:15:07,59.07
4,2025-01-01 04:15:25,58.27
4,2025-01-01 04:15:53,58.09
4,2025-01-01 04:16:18,59.03
4,2025-01-01 04:16:45,58.23
4,2025-01-01 04:17:00,58.06
4,2025-01-01 04:17:06,58.41
4,2025-01-01 04:17:25,58.06
4,2025-01-01 04:17:40,58.97
4,2025-01-01 04:18:08,59.51
4,2025-01-01 04:18:26,59.96
4,2025-01-01 04:18:37,60.92
4,2025-01-01 04:18:51,60.89
4,2025-01-01 04:19:00,60.81
4,2025-01-01 04:19:29,61.65
4,2025-01-01 04:19:45,62.18
4,2025-01-01 04:20:13,62.08
4,2025-01-01 04:20:35,61.74
4,2025-01-01 04:20:53,60.77
4,2025-01-01 04:21:10,61.27
4,2025-01-01 04:21:35,61.37
4,2025-01-01 04:21:51,61.3
4,2025-01-01 04:22:21,61.89
4,2025-01-01 04:22:35,60.99
4,2025-01-01 04:22:50,60.68
4,2025-01-01 04:23:20,61.44
4,2025-01-01 04:23:47,61.3
4,2025-01-01 04:24:10,62.14
4,2025-01-01 04:24:29,61.89
4,2025-01-01 04:24:50,62.37
4,2025-01-01 04:25:01,62.19
4,2025-01-01 04:25:25,61.24
4,2025-01-01 04:25:55,61.49
4,2025-01-01 04:26:02,62.43
4,2025-01-01 04:26:14,63.1
4,2025-01-01 04:26:35,62.75
4,2025-01-01 04:27:03,62.74
4,2025-01-01 04:27:30,63.49
4,2025-01-01 04:27:48,64.34
4,2025-01-01 04:27:59,63.63
4,2025-01-01 04:28:11,63.93
4,2025-01-01 04:28:40,63.33
4,2025-01-01 04:29:04,63.15
4,2025-01-01 04:29:12,62.51
4,2025-01-01 04:29:42,62.62
4,2025-01-01 04:30:08,62.22
4,2025-01-01 04:30:35,61.28
4,2025-01-01 04:31:00,62.05
4,2025-01-01 04:31:05,61.72
4,2025-01-01 04:31:28,62.21
4,2025-01-01 04:31:35,62.54
4,2025-01-01 04:31:45,62.44
4,2025-01-01 04:31:58,62.35
4,2025-01-01 04:32:27,63.24
4,2025-01-01 04:32:50,62.82
4,2025-01-01 04:33:08,63.5
4,2025-01-01 04:33:22,63.71
4,2025-01-01 04:33:51,63.74
4,2025-01-01 04:34:19,63.84
4,2025-01-01 04:34:49,63.57
4,2025-01-01 04:35:01,63.93
4,2025-01-01 04:35:14,64.14
4,2025-01-01 04:35:21,64.32
4,2025-01-01 04:35:40,63.51
4,2025-01-01 04:36:01,62.97
4,2025-01-01 04:36:11,63.3
4,2025-01-01 04:36:35,64.09
4,2025-01-01 04:36:53,64.59
4,2025-01-01 04:37:17,64.44
4,2025-01-01 04:37:29,63.57
4,2025-01-01 04:37:51,63.07
4,2025-01-01 04:38:19,63.37
4,2025-01-01 04:38:35,63.42
4,2025-01-01 04:38:51,62.56
4,2025-01-01 04:39:19,62.85
4,2025-01-01 04:39:46,62.53
4,2025-01-01 04:40:16,62.79
4,2025-01-01 04:40:45,63.21
4,2025-01-01 04:40:58,62.24
4,2025-01-01 04:41:08,62.17
4,2025-01-01 04:41:22,61.98
4,2025-01-01 04:41:50,61.67
4,2025-01-01 04:42:03,60.96
4,2025-01-01 04:42:29,60.08
4,2025-01-01 04:42:57,60.35
4,2025-01-01 04:43:26,60.48
4,2025-01-01 04:43:31,60.61
4,2025-01-01 04:43:37,61.37
4,2025-01-01 04:44:06,60.67
4,2025-01-01 04:44:30,60.47
4,2025-01-01 04:44:40,60.5
4,2025-01-01 04:44:53,61.15
4,2025-01-01 04:45:12,60.17
4,2025-01-01 04:45:21,59.67
4,2025-01-01 04:45:37,60.38
4,2025-01-01 04:46:05,60.83
4,2025-01-01 04:46:26,60.39
4,2025-01-01 04:46:38,60.32
4,2025-01-01 04:46:47,61.08
4,2025-01-01 04:47:09,61.21
4,2025-01-01 04:47:22,61.82
4,2025-01-01 04:47:51,62.22
4,2025-01-01 04:48:15,61.94
4,2025-01-01 04:48:31,61.08
4,2025-01-01 04:48:48,61.88
4,2025-01-01 04:49:18,62.44
4,2025-01-01 04:49:35,63.3
4,2025-01-01 04:49:49,62.85
4,2025-01-01 04:50:06,63.5
4,2025-01-01 04:50:22,62.79
4,2025-01-01 04:50:28,63.23
4,2025-01-01 04:50:46,62.75
4,2025-01-01 04:51:08,62.64
4,2025-01-01 04:51:17,62.29
4,2025-01-01 04:51:29,62.56
4,2025-01-01 04:51:46,63.03
4,2025-01-01 04:52:14,63.29
4,2025-01-01 04:52:38,63.32
4,2025-01-01 04:52:53,63.87
4,2025-01-01 04:53:00,62.87
4,2025-01-01 04:53:10,63.14
4,2025-01-01 04:53:20,63.88
4,2025-01-01 04:53:37,63.69
4,2025-01-01 04:53:56,63.74
4,2025-01-01 04:54:08,64.6
4,2025-01-01 04:54:13,65.55
4,2025-01-01 04:54:35,65.71
4,2025-01-01 04:54:40,66.33
4,2025-01-01 04:54:48,67.15
4,2025-01-01 04:55:08,66.94
4,2025-01-01 04:55:13,66.85
4,2025-01-01 04:55:34,66.03
4,2025-01-01 04:56:01,65.85
4,2025-01-01 04:56:16,65.58
4,2025-01-01 04:56:42,64.96
4,2025-01-01 04:56:55,65.32
4,2025-01-01 04:57:18,65.66
4,2025-01-01 04:57:43,65.87
4,2025-01-01 04:57:55,65.23
4,2025-01-01 04:58:00,65.81
4,2025-01-01 04:58:29,65.1
4,2025-01-01 04:58:59,65.01
4,2025-01-01 04:59:22,64.03
4,2025-01-01 04:59:52,63.66
4,2025-01-01 05:00:04,63.79
4,2025-01-01 05:00:21,64.03
4,2025-01-01 05:00:42,63.46
4,2025-01-01 05:00:51,62.56
4,2025-01-01 05:01:04,61.94
4,2025-01-01 05:01:25,61.1
4,2025-01-01 05:01:49,61.09
4,2025-01-01 05:02:08,61.91
4,2025-01-01 05:02:13,62.65
4,2025-01-01 05:02:34,62.62
4,2025-01-01 05:02:55,63.5
4,2025-01-01 05:03:16,63.76
4,2025-01-01 05:03:39,63.66
4,2025-01-01 05:04:04,64.04
4,2025-01-01 05:04:32,63.68
4,2025-01-01 05:04:51,64.26
4,2025-01-01 05:05:20,64.47
4,2025-01-01 05:05:40,64.95
4,2025-01-01 05:05:47,64.75
4,2025-01-01 05:05:57,63.88
4,2025-01-01 05:06:10,63.31
4,2025-01-01 05:06:21,63.13
4,2025-01-01 05:06:50,63.38
4,2025-01-01 05:07:13,62.93
4,2025-01-01 05:07:25,62.54
4,2025-01-01 05:07:55,61.77
4,2025-01-01 05:08:06,62.28
4,2025-01-01 05:08:18,61.58
4,2025-01-01 05:08:46,61.28
4,2025-01-01 05:08:54,61.15
4,2025-01-01 05:09:22,60.41
4,2025-01-01 05:09:50,59.76
4,2025-01-01 05:10:01,60.21
4,2025-01-01 05:10:10,59.33
4,2025-01-01 05:10:15,60.3
4,2025-01-01 05:10:34,60.4
4,2025-01-01 05:10:50,61.1
4,2025-01-01 05:11:15,61.22
4,2025-01-01 05:11:25,60.38
4,2025-01-01 05:11:45,59.78
4,2025-01-01 05:12:13,59.42
4,2025-01-01 05:12:25,59.0
4,2025-01-01 05:12:45,59.67
4,2025-01-01 05:13:06,60.2
4,2025-01-01 05:13:15,59.83
4,2025-01-01 05:13:22,60.53
4,2025-01-01 05:13:51,59.62
4,2025-01-01 05:14:16,60.2
4,2025-01-01 05:14:41,61.16
4,2025-01-01 05:15:09,62.09
4,2025-01-01 05:15:36,61.5
4,2025-01-01 05:16:05,61.89
4,2025-01-01 05:16:19,61.58
4,2025-01-01 05:16:43,60.97
4,2025-01-01 05:16:54,61.0
4,2025-01-01 05:17:16,60.62
4,2025-01-01 05:17:24,60.56
4,2025-01-01 05:17:36,59.98
4,2025-01-01 05:17:59,60.59
4,2025-01-01 05:18:06,60.91
4,2025-01-01 05:18:35,60.33
4,2025-01-01 05:19:03,60.41
4,2025-01-01 05:19:10,60.27
4,2025-01-01 05:19:18,59.29
4,2025-01-01 05:19:23,59.47
4,2025-01-01 05:19:43,58.82
4,2025-01-01 05:20:02,59.26
4,2025-01-01 05:20:26,58.93
4,2025-01-01 05:20:34,59.27
4,2025-01-01 05:21:02,58.67
4,2025-01-01 05:21:12,59.37
4,2025-01-01 05:21:25,59.58
4,2025-01-01 05:21:36,59.99
4,2025-01-01 05:21:54,59.1
4,2025-01-01 05:22:00,59.39
4,2025-01-01 05:22:21,58.86
4,2025-01-01 05:22:29,58.84
4,2025-01-01 05:22:42,58.18
4,2025-01-01 05:22:50,57.97
4,2025-01-01 05:23:20,58.65
4,2025-01-01 05:23:49,58.64
4,2025-01-01 05:24:00,57.66
4,2025-01-01 05:24:26,57.66
4,2025-01-01 05:24:41,57.79
4,2025-01-01 05:25:07,58.49
4,2025-01-01 05:25:17,58.37
4,2025-01-01 05:25:37,59.24
4,2025-01-01 05:25:45,59.89
4,2025-01-01 05:26:06,59.72
4,2025-01-01 05:26:26,60.65
4,2025-01-01 05:26:43,61.5
4,2025-01-01 05:27:04,61.48
4,2025-01-01 05:27:31,60.72
4,2025-01-01 05:27:39,60.14
4,2025-01-01 05:27:58,59.72
4,2025-01-01 05:28:19,60.17
4,2025-01-01 05:28:48,60.41
4,2025-01-01 05:29:06,60.52
4,2025-01-01 05:29:29,61.12
4,2025-01-01 05:29:42,60.53
4,2025-01-01 05:29:49,61.26
4,2025-01-01 05:30:11,61.84
4,2025-01-01 05:30:41,61.2
4,2025-01-01 05:31:09,60.43
4,2025-01-01 05:31:22,59.52
4,2025-01-01 05:31:41,59.85
4,2025-01-01 05:31:51,59.11
4,2025-01-01 05:31:56,58.64
4,2025-01-01 05:32:03,58.88
4,2025-01-01 05:32:08,58.6
4,2025-01-01 05:32:33,59.57
4,2025-01-01 05:33:00,60.31
4,2025-01-01 05:33:29,61.17
4,2025-01-01 05:33:47,61.97
4,2025-01-01 05:33:54,62.77
4,2025-01-01 05:34:10,63.18
4,2025-01-01 05:34:25,62.59
4,2025-01-01 05:34:31,61.97
4,2025-01-01 05:34:39,61.46
4,2025-01-01 05:34:50,61.63
4,2025-01-01 05:34:58,60.75
4,2025-01-01 05:35:04,60.4
4,2025-01-01 05:35:13,59.98
4,2025-01-01 05:35:42,60.16
4,2025-01-01 05:36:02,60.69
4,2025-01-01 05:36:22,60.39
4,2025-01-01 05:36:39,60.25
4,2025-01-01 05:36:58,60.87
4,2025-01-01 05:37:23,60.91
4,2025-01-01 05:37:49,61.87
4,2025-01-01 05:37:56,61.35
4,2025-01-01 05:38:16,61.73
4,2025-01-01 05:38:24,61.34
4,2025-01-01 05:38:50,61.16
4,2025-01-01 05:39:06,60.43
4,2025-01-01 05:39:13,61.42
4,2025-01-01 05:39:28,60.49
4,2025-01-01 05:39:53,60.16
4,2025-01-01 05:40:16,59.19
4,2025-01-01 05:40:35,59.0
4,2025-01-01 05:40:52,58.96
4,2025-01-01 05:41:14,59.75
4,2025-01-01 05:41:38,60.57
4,2025-01-01 05:41:48,61.55
4,2025-01-01 05:41:57,61.0
4,2025-01-01 05:42:02,61.35
4,2025-01-01 05:42:14,61.59
4,2025-01-01 05:42:36,62.39
4,2025-01-01 05:42:52,62.19
4,2025-01-01 05:43:10,61.58
4,2025-01-01 05:43:18,60.98
4,2025-01-01 05:43:33,61.73
4,2025-01-01 05:44:01,62.02
4,2025-01-01 05:44:14,63.01
4,2025-01-01 05:44:34,63.89
4,2025-01-01 05:44:40,64.11
4,2025-01-01 05:45:00,63.42
4,2025-01-01 05:45:30,63.98
4,2025-01-01 05:45:50,64.97
4,2025-01-01 05:46:08,64.1
4,2025-01-01 05:46:29,64.1
4,2025-01-01 05:46:51,63.25
4,2025-01-01 05:47:09,62.26
4,2025-01-01 05:47:27,63.17
4,2025-01-01 05:47:43,63.81
4,2025-01-01 05:48:01,64.31
4,2025-01-01 05:48:09,63.47
4,2025-01-01 05:48:18,63.83
4,2025-01-01 05:48:42,63.41
4,2025-01-01 05:49:02,62.91
4,2025-01-01 05:49:32,62.29
4,2025-01-01 05:49:41,62.49
4,2025-01-01 05:50:05,61.57
4,2025-01-01 05:50:28,60.71
4,2025-01-01 05:50:48,60.73
4,2025-01-01 05:51:16,61.47
4,2025-01-01 05:51:24,60.53
4,2025-01-01 05:51:46,61.3
4,2025-01-01 05:52:06,61.65
4,2025-01-01 05:52:19,61.39
4,2025-01-01 05:52:25,61.68
4,2025-01-01 05:52:55,61.91
4,2025-01-01 05:53:20,62.79
4,2025-01-01 05:53:48,62.96
4,2025-01-01 05:53:58,62.1
4,2025-01-01 05:54:09,63.01
4,2025-01-01 05:54:34,62.38
4,2025-01-01 05:55:02,62.41
4,2025-01-01 05:55:28,62.87
4,2025-01-01 05:55:51,63.85
4,2025-01-01 05:56:17,63.18
4,2025-01-01 05:56:44,63.27
4,2025-01-01 05:56:59,62.58
4,2025-01-01 05:57:23,61.93
4,2025-01-01 05:57:52,61.6
4,2025-01-01 05:58:19,62.12
4,2025-01-01 05:58:48,62.01
4,2025-01-01 05:58:53,61.06
4,2025-01-01 05:58:59,60.52
4,2025-01-01 05:59:09,60.09
4,2025-01-01 05:59:21,60.77
4,2025-01-01 05:59:29,61.3
4,2025-01-01 05:59:59,60.54
4,2025-01-01 06:00:04,60.85
4,2025-01-01 06:00:34,61.0
4,2025-01-01 06:00:59,60.76
4,2025-01-01 06:01:20,61.58
4,2025-01-01 06:01:34,60.78
4,2025-01-01 06:01:55,61.05
4,2025-01-01 06:02:21,61.69
4,2025-01-01 06:02:30,61.38
4,2025-01-01 06:02:56,61.58
4,2025-01-01 06:03:04,61.09
4,2025-01-01 06:03:27,61.16
4,2025-01-01 06:03:49,60.78
4,2025-01-01 06:04:16,60.87
4,2025-01-01 06:04:26,61.02
4,2025-01-01 06:04:49,61.31
4,2025-01-01 06:05:07,61.85
4,2025-01-01 06:05:28,61.61
4,2025-01-01 06:05:55,60.75
4,2025-01-01 06:06:21,61.4
4,2025-01-01 06:06:29,61.0
4,2025-01-01 06:06:53,61.61
4,2025-01-01 06:06:59,61.56
4,2025-01-01 06:07:13,62.45
4,2025-01-01 06:07:42,62.84
4,2025-01-01 06:07:55,61.86
4,2025-01-01 06:08:14,61.05
4,2025-01-01 06:08:43,62.01
4,2025-01-01 06:09:08,62.83
4,2025-01-01 06:09:27,61.84
4,2025-01-01 06:09:42,61.3
4,2025-01-01 06:09:47,61.08
4,2025-01-01 06:09:55,62.02
4,2025-01-01 06:10:10,61.49
4,2025-01-01 06:10:33,62.04
4,2025-01-01 06:10:44,62.39
4,2025-01-01 06:11:01,63.0
4,2025-01-01 06:11:22,62.19
4,2025-01-01 06:11:28,62.05
4,2025-01-01 06:11:40,62.46
4,2025-01-01 06:11:48,63.23
4,2025-01-01 06:12:06,62.56
4,2025-01-01 06:12:29,61.6
4,2025-01-01 06:12:51,62.24
4,2025-01-01 06:13:07,62.46
4,2025-01-01 06:13:23,61.51
4,2025-01-01 06:13:39,62.29
4,2025-01-01 06:13:46,62.49
4,2025-01-01 06:14:01,62.2
4,2025-01-01 06:14:08,61.29
4,2025-01-01 06:14:23,61.62
4,2025-01-01 06:14:41,61.83
4,2025-01-01 06:14:54,62.1
4,2025-01-01 06:15:17,61.83
4,2025-01-01 06:15:24,61.29
4,2025-01-01 06:15:36,61.61
4,2025-01-01 06:15:44,61.02
4,2025-01-01 06:15:53,61.77
4,2025-01-01 06:16:06,61.65
4,2025-01-01 06:16:29,62.49
4,2025-01-01 06:16:41,62.22
4,2025-01-01 06:16:57,62.01
4,2025-01-01 06:17:27,62.33
4,2025-01-01 06:17:33,61.8
4,2025-01-01 06:17:53,61.52
4,2025-01-01 06:18:13,62.43
4,2025-01-01 06:18:36,62.68
4,2025-01-01 06:19:05,62.35
4,2025-01-01 06:19:20,62.01
4,2025-01-01 06:19:46,62.59
4,2025-01-01 06:19:52,61.84
4,2025-01-01 06:20:07,61.51
4,2025-01-01 06:20:32,62.49
4,2025-01-01 06:20:49,62.34
4,2025-01-01 06:21:10,62.35
4,2025-01-01 06:21:38,61.88
4,2025-01-01 06:21:53,62.47
4,2025-01-01 06:22:13,62.98
4,2025-01-01 06:22:20,62.85
4,2025-01-01 06:22:42,62.23
4,2025-01-01 06:23:12,62.78
4,2025-01-01 06:23:39,63.68
4,2025-01-01 06:24:05,63.75
4,2025-01-01 06:24:13,63.53
4,2025-01-01 06:24:41,62.86
4,2025-01-01 06:25:03,62.08
4,2025-01-01 06:25:31,62.49
4,2025-01-01 06:25:50,62.13
4,2025-01-01 06:25:57,62.06
4,2025-01-01 06:26:07,61.36
4,2025-01-01 06:26:28,61.89
4,2025-01-01 06:26:37,61.22
4,2025-01-01 06:26:54,61.79
4,2025-01-01 06:27:13,61.28
4,2025-01-01 06:27:34,62.02
4,2025-01-01 06:27:40,62.59
4,2025-01-01 06:28:10,61.91
4,2025-01-01 06:28:16,62.4
4,2025-01-01 06:28:46,62.94
4,2025-01-01 06:29:16,63.04
4,2025-01-01 06:29:21,63.48
4,2025-01-01 06:29:49,63.76
4,2025-01-01 06:30:00,63.61
4,2025-01-01 06:30:21,64.2
4,2025-01-01 06:30:46,63.79
4,2025-01-01 06:30:52,64.21
4,2025-01-01 06:31:03,64.73
4,2025-01-01 06:31:28,64.63
4,2025-01-01 06:31:45,64.32
4,2025-01-01 06:32:05,64.28
4,2025-01-01 06:32:32,64.33
4,2025-01-01 06:32:45,64.02
4,2025-01-01 06:33:10,64.42
4,2025-01-01 06:33:31,64.96
4,2025-01-01 06:33:48,64.82
4,2025-01-01 06:34:00,64.91
4,2025-01-01 06:34:20,65.22
4,2025-01-01 06:34:28,64.75
4,2025-01-01 06:34:33,64.55
4,2025-01-01 06:34:49,65.16
4,2025-01-01 06:35:18,65.87
4,2025-01-01 06:35:44,66.35
4,2025-01-01 06:35:53,66.42
4,2025-01-01 06:36:13,67.38
4,2025-01-01 06:36:36,66.61
4,2025-01-01 06:36:54,65.73
4,2025-01-01 06:37:11,65.79
4,2025-01-01 06:37:41,66.01
4,2025-01-01 06:38:04,65.98
4,2025-01-01 06:38:26,65.82
4,2025-01-01 06:38:45,66.45
4,2025-01-01 06:38:55,66.07
4,2025-01-01 06:39:23,66.95
4,2025-01-01 06:39:48,67.1
4,2025-01-01 06:40:06,66.69
4,2025-01-01 06:40:23,66.82
4,2025-01-01 06:40:40,66.67
4,2025-01-01 06:40:56,67.47
4,2025-01-01 06:41:07,67.64
4,2025-01-01 06:41:23,67.28
4,2025-01-01 06:41:34,66.71
4,2025-01-01 06:41:45,65.82
4,2025-01-01 06:41:55,64.91
4,2025-01-01 06:42:23,65.8
4,2025-01-01 06:42:49,65.13
4,2025-01-01 06:43:02,64.64
4,2025-01-01 06:43:31,63.75
4,2025-01-01 06:43:45,62.8
4,2025-01-01 06:44:04,63.66
4,2025-01-01 06:44:22,64.12
4,2025-01-01 06:44:32,63.4
4,2025-01-01 06:45:01,63.74
4,2025-01-01 06:45:26,64.53
4,2025-01-01 06:45:33,65.47
4,2025-01-01 06:45:40,65.8
4,2025-01-01 06:45:48,66.14
4,2025-01-01 06:46:10,66.96
4,2025-01-01 06:46:24,65.97
4,2025-01-01 06:46:52,66.2
4,2025-01-01 06:47:05,66.1
4,2025-01-01 06:47:19,66.02
4,2025-01-01 06:47:32,65.59
4,2025-01-01 06:47:54,66.3
4,2025-01-01 06:48:07,67.22
4,2025-01-01 06:48:19,67.72
4,2025-01-01 06:48:24,68.22
4,2025-01-01 06:48:53,69.15
4,2025-01-01 06:49:18,70.09
4,2025-01-01 06:49:48,69.45
4,2025-01-01 06:50:08,70.24
4,2025-01-01 06:50:20,69.45
4,2025-01-01 06:50:37,69.51
4,2025-01-01 06:51:07,69.93
4,2025-01-01 06:51:35,69.48
4,2025-01-01 06:52:02,69.24
4,2025-01-01 06:52:11,70.16
4,2025-01-01 06:52:35,69.36
4,2025-01-01 06:52:57,69.04
4,2025-01-01 06:53:11,69.45
4,2025-01-01 06:53:19,68.97
4,2025-01-01 06:53:26,68.94
4,2025-01-01 06:53:36,68.85
4,2025-01-01 06:53:55,68.69
4,2025-01-01 06:54:04,68.04
4,2025-01-01 06:54:21,67.56
4,2025-01-01 06:54:41,66.82
4,2025-01-01 06:54:57,67.78
4,2025-01-01 06:55:10,68.16
4,2025-01-01 06:55:23,67.29
4,2025-01-01 06:55:34,67.55
4,2025-01-01 06:56:04,67.21
4,2025-01-01 06:56:19,66.97
4,2025-01-01 06:56:30,67.3
4,2025-01-01 06:56:50,67.55
4,2025-01-01 06:56:56,68.47
4,2025-01-01 06:57:08,68.58
4,2025-01-01 06:57:13,67.67
4,2025-01-01 06:57:26,67.88
4,2025-01-01 06:57:32,67.12
4,2025-01-01 06:57:56,66.96
4,2025-01-01 06:58:09,66.29
4,2025-01-01 06:58:25,66.2
4,2025-01-01 06:58:55,66.16
4,2025-01-01 06:59:22,66.01
4,2025-01-01 06:59:50,66.72
4,2025-01-01 06:59:56,66.29
4,2025-01-01 07:00:08,66.32
4,2025-01-01 07:00:23,67.1
4,2025-01-01 07:00:31,66.62
4,2025-01-01 07:00:50,66.43
4,2025-01-01 07:01:05,66.98
4,2025-01-01 07:01:35,66.63
4,2025-01-01 07:01:50,67.16
4,2025-01-01 07:02:20,67.84
4,2025-01-01 07:02:46,67.46
4,2025-01-01 07:03:08,68.22
4,2025-01-01 07:03:13,67.75
4,2025-01-01 07:03:42,67.61
4,2025-01-01 07:04:05,67.13
4,2025-01-01 07:04:18,66.49
4,2025-01-01 07:04:25,65.69
4,2025-01-01 07:04:41,64.8
4,2025-01-01 07:04:50,64.77
4,2025-01-01 07:05:15,64.88
4,2025-01-01 07:05:45,64.83
4,2025-01-01 07:06:08,65.32
4,2025-01-01 07:06:25,65.54
4,2025-01-01 07:06:32,65.21
4,2025-01-01 07:06:58,64.89
4,2025-01-01 07:07:13,64.66
4,2025-01-01 07:07:26,63.67
4,2025-01-01 07:07:32,63.6
4,2025-01-01 07:07:52,64.23
4,2025-01-01 07:08:17,63.55
4,2025-01-01 07:08:29,64.28
4,2025-01-01 07:08:40,64.74
4,2025-01-01 07:09:08,65.58
4,2025-01-01 07:09:22,65.5
4,2025-01-01 07:09:32,65.93
4,2025-01-01 07:09:45,66.53
4,2025-01-01 07:10:09,65.71
4,2025-01-01 07:10:15,65.86
4,2025-01-01 07:10:38,65.45
4,2025-01-01 07:10:44,64.72
4,2025-01-01 07:11:13,65.03
4,2025-01-01 07:11:32,64.57
4,2025-01-01 07:11:42,64.2
4,2025-01-01 07:12:06,64.62
4,2025-01-01 07:12:18,65.11
4,2025-01-01 07:12:27,65.83
4,2025-01-01 07:12:48,65.18
4,2025-01-01 07:12:58,64.44
4,2025-01-01 07:13:18,63.69
4,2025-01-01 07:13:42,63.26
4,2025-01-01 07:13:58,63.29
4,2025-01-01 07:14:19,62.74
4,2025-01-01 07:14:27,63.44
4,2025-01-01 07:14:41,63.81
4,2025-01-01 07:14:50,63.87
4,2025-01-01 07:15:03,63.39
4,2025-01-01 07:15:14,62.67
4,2025-01-01 07:15:23,62.12
4,2025-01-01 07:15:43,62.24
4,2025-01-01 07:16:00,63.2
4,2025-01-01 07:16:06,63.9
4,2025-01-01 07:16:13,64.28
4,2025-01-01 07:16:43,63.77
4,2025-01-01 07:16:55,63.03
4,2025-01-01 07:17:20,63.57
4,2025-01-01 07:17:44,63.98
4,2025-01-01 07:17:54,63.01
4,2025-01-01 07:18:13,62.91
4,2025-01-01 07:18:25,63.71
4,2025-01-01 07:18:55,63.28
4,2025-01-01 07:19:09,63.82
4,2025-01-01 07:19:29,62.83
4,2025-01-01 07:19:59,63.42
4,2025-01-01 07:20:27,63.61
4,2025-01-01 07:20:55,63.68
4,2025-01-01 07:21:10,63.05
4,2025-01-01 07:21:26,63.11
4,2025-01-01 07:21:56,63.13
4,2025-01-01 07:22:23,62.45
4,2025-01-01 07:22:28,63.05
4,2025-01-01 07:22:40,63.08
4,2025-01-01 07:22:45,63.82
4,2025-01-01 07:22:54,64.8
4,2025-01-01 07:23:24,65.74
4,2025-01-01 07:23:31,65.0
4,2025-01-01 07:23:37,64.16
4,2025-01-01 07:23:51,64.54
4,2025-01-01 07:24:17,63.8
4,2025-01-01 07:24:46,63.12
4,2025-01-01 07:25:11,64.11
4,2025-01-01 07:25:19,64.97
4,2025-01-01 07:25:46,64.36
4,2025-01-01 07:26:02,64.05
4,2025-01-01 07:26:16,63.52
4,2025-01-01 07:26:36,64.42
4,2025-01-01 07:27:02,65.29
4,2025-01-01 07:27:30,66.26
4,2025-01-01 07:27:44,65.35
4,2025-01-01 07:27:57,64.62
4,2025-01-01 07:28:05,64.7
4,2025-01-01 07:28:13,65.34
4,2025-01-01 07:28:41,65.28
4,2025-01-01 07:28:56,64.83
4,2025-01-01 07:29:05,63.9
4,2025-01-01 07:29:24,63.32
4,2025-01-01 07:29:49,63.96
4,2025-01-01 07:29:57,64.19
4,2025-01-01 07:30:22,65.05
4,2025-01-01 07:30:36,64.83
4,2025-01-01 07:30:46,64.98
4,2025-01-01 07:30:57,65.48
4,2025-01-01 07:31:17,65.1
4,2025-01-01 07:31:33,64.76
4,2025-01-01 07:31:46,65.52
4,2025-01-01 07:31:58,65.0
4,2025-01-01 07:32:12,65.49
4,2025-01-01 07:32:31,66.4
4,2025-01-01 07:32:50,66.5
4,2025-01-01 07:33:04,65.82
4,2025-01-01 07:33:18,66.64
4,2025-01-01 07:33:47,67.03
4,2025-01-01 07:34:00,67.08
4,2025-01-01 07:34:16,66.74
4,2025-01-01 07:34:35,65.8
4,2025-01-01 07:35:03,66.16
4,2025-01-01 07:35:26,65.98
4,2025-01-01 07:35:53,65.88
4,2025-01-01 07:36:09,66.75
4,2025-01-01 07:36:30,67.13
4,2025-01-01 07:36:44,67.06
4,2025-01-01 07:37:00,67.2
4,2025-01-01 07:37:29,66.84
4,2025-01-01 07:37:48,66.16
4,2025-01-01 07:37:53,66.09
4,2025-01-01 07:38:11,65.18
4,2025-01-01 07:38:41,64.82
4,2025-01-01 07:38:55,64.54
4,2025-01-01 07:39:19,65.36
4,2025-01-01 07:39:33,65.84
4,2025-01-01 07:39:44,65.44
4,2025-01-01 07:39:59,65.63
4,2025-01-01 07:40:07,65.36
4,2025-01-01 07:40:15,64.94
4,2025-01-01 07:40:31,65.83
4,2025-01-01 07:41:01,66.36
4,2025-01-01 07:41:25,65.71
4,2025-01-01 07:41:47,64.76
4,2025-01-01 07:42:05,65.24
4,2025-01-01 07:42:33,65.74
4,2025-01-01 07:43:03,66.17
4,2025-01-01 07:43:32,65.3
4,2025-01-01 07:43:41,65.65
4,2025-01-01 07:43:46,64.98
4,2025-01-01 07:43:59,64.44
4,2025-01-01 07:44:27,64.41
4,2025-01-01 07:44:54,65.4
4,2025-01-01 07:45:21,64.65
4,2025-01-01 07:45:49,64.14
4,2025-01-01 07:46:11,64.28
4,2025-01-01 07:46:36,65.15
4,2025-01-01 07:46:45,65.2
4,2025-01-01 07:47:07,64.43
4,2025-01-01 07:47:21,63.57
4,2025-01-01 07:47:47,63.44
4,2025-01-01 07:47:53,62.46
4,2025-01-01 07:48:04,61.65
4,2025-01-01 07:48:25,62.21
4,2025-01-01 07:48:33,61.28
4,2025-01-01 07:49:02,60.85
4,2025-01-01 07:49:22,60.44
4,2025-01-01 07:49:44,60.05
4,2025-01-01 07:49:53,59.56
4,2025-01-01 07:50:07,60.13
4,2025-01-01 07:50:25,60.57
4,2025-01-01 07:50:52,61.21
4,2025-01-01 07:50:57,61.73
4,2025-01-01 07:51:07,61.08
4,2025-01-01 07:51:22,61.58
4,2025-01-01 07:51:33,62.04
4,2025-01-01 07:51:52,62.21
4,2025-01-01 07:51:59,62.46
4,2025-01-01 07:52:19,61.53
4,2025-01-01 07:52:41,61.3
4,2025-01-01 07:52:48,61.47
4,2025-01-01 07:53:02,61.62
4,2025-01-01 07:53:15,61.29
4,2025-01-01 07:53:39,61.81
4,2025-01-01 07:54:08,60.99
4,2025-01-01 07:54:13,60.76
4,2025-01-01 07:54:30,60.28
4,2025-01-01 07:54:37,60.66
4,2025-01-01 07:54:53,60.56
4,2025-01-01 07:55:02,61.23
4,2025-01-01 07:55:13,61.48
4,2025-01-01 07:55:33,62.38
4,2025-01-01 07:55:52,62.99
4,2025-01-01 07:56:12,63.21
4,2025-01-01 07:56:35,63.62
4,2025-01-01 07:56:45,63.65
4,2025-01-01 07:57:12,62.74
4,2025-01-01 07:57:32,63.65
4,2025-01-01 07:57:56,64.04
4,2025-01-01 07:58:08,64.31
4,2025-01-01 07:58:24,63.34
4,2025-01-01 07:58:36,63.51
4,2025-01-01 07:59:06,63.45
4,2025-01-01 07:59:20,62.85
4,2025-01-01 07:59:35,62.52
4,2025-01-01 07:59:47,62.64
4,2025-01-01 08:00:13,62.74
4,2025-01-01 08:00:24,63.73
4,2025-01-01 08:00:44,64.4
4,2025-01-01 08:01:02,65.33
4,2025-01-01 08:01:11,65.0
4,2025-01-01 08:01:35,64.31
4,2025-01-01 08:02:02,65.25
4,2025-01-01 08:02:32,64.64
4,2025-01-01 08:02:48,64.64
4,2025-01-01 08:03:03,65.47
4,2025-01-01 08:03:26,65.69
4,2025-01-01 08:03:38,65.33
4,2025-01-01 08:04:08,64.56
4,2025-01-01 08:04:16,64.98
4,2025-01-01 08:04:23,64.42
4,2025-01-01 08:04:48,64.78
4,2025-01-01 08:05:03,64.94
4,2025-01-01 08:05:32,65.61
4,2025-01-01 08:05:47,66.29
4,2025-01-01 08:06:08,65.76
4,2025-01-01 08:06:36,65.19
4,2025-01-01 08:07:00,64.62
4,2025-01-01 08:07:07,65.16
4,2025-01-01 08:07:24,66.11
4,2025-01-01 08:07:37,65.85
4,2025-01-01 08:07:47,66.05
4,2025-01-01 08:08:07,65.47
4,2025-01-01 08:08:32,64.99
4,2025-01-01 08:08:59,65.49
4,2025-01-01 08:09:29,65.6
4,2025-01-01 08:09:57,65.29
4,2025-01-01 08:10:08,65.33
4,2025-01-01 08:10:26,65.05
4,2025-01-01 08:10:36,64.76
4,2025-01-01 08:11:00,64.3
4,2025-01-01 08:11:17,64.99
4,2025-01-01 08:11:25,64.46
4,2025-01-01 08:11:50,64.44
4,2025-01-01 08:12:02,64.7
4,2025-01-01 08:12:27,63.87
4,2025-01-01 08:12:51,62.92
4,2025-01-01 08:12:59,62.13
4,2025-01-01 08:13:28,62.84
4,2025-01-01 08:13:40,63.71
4,2025-01-01 08:14:02,62.79
4,2025-01-01 08:14:24,62.41
4,2025-01-01 08:14:51,61.95
4,2025-01-01 08:15:05,62.19
4,2025-01-01 08:15:14,62.22
4,2025-01-01 08:15:41,61.31
4,2025-01-01 08:16:00,60.38
4,2025-01-01 08:16:11,59.73
4,2025-01-01 08:16:26,60.33
4,2025-01-01 08:16:42,59.81
4,2025-01-01 08:16:51,60.7
4,2025-01-01 08:17:13,59.77
4,2025-01-01 08:17:22,60.06
4,2025-01-01 08:17:29,60.09
4,2025-01-01 08:17:36,59.35
4,2025-01-01 08:17:57,59.78
4,2025-01-01 08:18:27,60.51
4,2025-01-01 08:18:46,61.39
4,2025-01-01 08:19:13,60.69
4,2025-01-01 08:19:18,60.51
4,2025-01-01 08:19:23,61.16
4,2025-01-01 08:19:41,61.56
4,2025-01-01 08:19:51,61.05
4,2025-01-01 08:20:20,60.16
4,2025-01-01 08:20:31,59.32
4,2025-01-01 08:20:58,60.16
4,2025-01-01 08:21:14,59.53
4,2025-01-01 08:21:42,60.03
4,2025-01-01 08:21:56,59.18
4,2025-01-01 08:22:17,58.3
4,2025-01-01 08:22:30,58.88
4,2025-01-01 08:22:52,58.25
4,2025-01-01 08:23:21,59.1
4,2025-01-01 08:23:32,59.04
4,2025-01-01 08:23:54,59.7
4,2025-01-01 08:24:10,59.83
4,2025-01-01 08:24:19,59.92
4,2025-01-01 08:24:30,60.0
4,2025-01-01 08:24:41,59.61
4,2025-01-01 08:25:03,60.58
4,2025-01-01 08:25:18,60.84
4,2025-01-01 08:25:45,61.74
4,2025-01-01 08:26:10,61.04
4,2025-01-01 08:26:31,60.52
4,2025-01-01 08:26:59,60.02
4,2025-01-01 08:27:29,60.49
4,2025-01-01 08:27:53,59.63
4,2025-01-01 08:28:04,60.5
4,2025-01-01 08:28:27,60.47
4,2025-01-01 08:28:42,59.7
4,2025-01-01 08:29:08,60.4
4,2025-01-01 08:29:38,59.66
4,2025-01-01 08:29:54,58.98
4,2025-01-01 08:30:02,58.02
4,2025-01-01 08:30:20,58.41
4,2025-01-01 08:30:45,57.87
4,2025-01-01 08:31:05,58.73
4,2025-01-01 08:31:18,59.44
4,2025-01-01 08:31:33,59.2
4,2025-01-01 08:31:39,59.14
4,2025-01-01 08:31:48,58.86
4,2025-01-01 08:31:53,58.41
4,2025-01-01 08:32:04,58.73
4,2025-01-01 08:32:24,59.13
4,2025-01-01 08:32:53,59.38
4,2025-01-01 08:33:05,60.09
4,2025-01-01 08:33:15,59.71
4,2025-01-01 08:33:30,60.45
4,2025-01-01 08:33:41,59.99
4,2025-01-01 08:33:55,59.87
4,2025-01-01 08:34:18,59.23
4,2025-01-01 08:34:43,59.26
4,2025-01-01 08:35:07,58.84
4,2025-01-01 08:35:33,58.93
4,2025-01-01 08:35:57,59.34
4,2025-01-01 08:36:23,59.5
4,2025-01-01 08:36:51,59.55
4,2025-01-01 08:37:04,58.59
4,2025-01-01 08:37:28,59.19
4,2025-01-01 08:37:58,60.08
4,2025-01-01 08:38:16,59.15
4,2025-01-01 08:38:46,58.71
4,2025-01-01 08:38:51,59.18
4,2025-01-01 08:39:01,58.42
4,2025-01-01 08:39:07,58.39
4,2025-01-01 08:39:14,58.07
4,2025-01-01 08:39:20,57.3
4,2025-01-01 08:39:28,56.59
4,2025-01-01 08:39:33,55.88
4,2025-01-01 08:39:50,56.01
4,2025-01-01 08:40:16,56.67
4,2025-01-01 08:40:23,56.64
4,2025-01-01 08:40:36,56.31
4,2025-01-01 08:40:59,55.93
4,2025-01-01 08:41:15,56.45
4,2025-01-01 08:41:29,55.69
4,2025-01-01 08:41:58,55.84
4,2025-01-01 08:42:15,55.12
4,2025-01-01 08:42:37,55.07
4,2025-01-01 08:42:42,54.92
4,2025-01-01 08:42:47,54.9
4,2025-01-01 08:43:00,54.23
4,2025-01-01 08:43:29,54.51
4,2025-01-01 08:43:38,55.38
4,2025-01-01 08:44:06,55.19
4,2025-01-01 08:44:30,55.75
4,2025-01-01 08:44:48,55.13
4,2025-01-01 08:45:16,55.34
4,2025-01-01 08:45:22,55.52
4,2025-01-01 08:45:47,55.31
4,2025-01-01 08:46:07,55.58
4,2025-01-01 08:46:32,55.14
4,2025-01-01 08:46:54,55.24
4,2025-01-01 08:46:59,54.25
4,2025-01-01 08:47:09,54.27
4,2025-01-01 08:47:30,54.85
4,2025-01-01 08:47:42,55.31
4,2025-01-01 08:48:09,55.66
4,2025-01-01 08:48:30,55.32
4,2025-01-01 08:48:54,56.28
4,2025-01-01 08:49:22,56.41
4,2025-01-01 08:49:29,57.03
4,2025-01-01 08:49:49,56.24
4,2025-01-01 08:50:15,56.56
4,2025-01-01 08:50:40,56.87
4,2025-01-01 08:50:57,56.26
4,2025-01-01 08:51:05,56.45
4,2025-01-01 08:51:22,56.38
4,2025-01-01 08:51:40,56.99
4,2025-01-01 08:51:55,56.7
4,2025-01-01 08:52:13,56.42
4,2025-01-01 08:52:34,56.68
4,2025-01-01 08:53:00,55.7
4,2025-01-01 08:53:11,56.5
4,2025-01-01 08:53:26,56.97
4,2025-01-01 08:53:46,57.1
4,2025-01-01 08:54:14,57.45
4,2025-01-01 08:54:20,57.66
4,2025-01-01 08:54:27,58.07
4,2025-01-01 08:54:49,58.22
4,2025-01-01 08:54:57,58.93
4,2025-01-01 08:55:08,59.58
4,2025-01-01 08:55:28,60.28
4,2025-01-01 08:55:52,59.43
4,2025-01-01 08:55:58,60.21
4,2025-01-01 08:56:03,60.72
4,2025-01-01 08:56:29,61.55
4,2025-01-01 08:56:39,62.17
4,2025-01-01 08:57:02,62.23
4,2025-01-01 08:57:08,61.43
4,2025-01-01 08:57:30,61.32
4,2025-01-01 08:57:55,61.58
4,2025-01-01 08:58:12,60.96
4,2025-01-01 08:58:18,60.46
4,2025-01-01 08:58:26,59.85
4,2025-01-01 08:58:51,60.78
4,2025-01-01 08:59:10,59.9
4,2025-01-01 08:59:38,59.7
4,2025-01-01 09:00:06,60.58
4,2025-01-01 09:00:18,60.79
4,2025-01-01 09:00:39,59.83
4,2025-01-01 09:01:05,59.83
4,2025-01-01 09:01:29,58.97
4,2025-01-01 09:01:36,58.84
4,2025-01-01 09:01:55,59.61
4,2025-01-01 09:02:21,60.57
4,2025-01-01 09:02:43,60.47
4,2025-01-01 09:03:13,61.43
4,2025-01-01 09:03:29,61.04
4,2025-01-01 09:03:52,60.94
4,2025-01-01 09:04:10,60.76
4,2025-01-01 09:04:40,61.36
4,2025-01-01 09:04:53,61.71
4,2025-01-01 09:05:14,62.14
4,2025-01-01 09:05:39,63.02
4,2025-01-01 09:05:48,62.66
4,2025-01-01 09:06:03,63.11
4,2025-01-01 09:06:33,63.08
4,2025-01-01 09:06:52,64.05
4,2025-01-01 09:07:19,64.58
4,2025-01-01 09:07:38,65.41
4,2025-01-01 09:08:01,65.59
4,2025-01-01 09:08:29,65.56
4,2025-01-01 09:08:49,65.78
4,2025-01-01 09:09:11,65.08
4,2025-01-01 09:09:36,65.22
4,2025-01-01 09:09:54,64.46
4,2025-01-01 09:09:59,64.82
4,2025-01-01 09:10:29,64.73
4,2025-01-01 09:10:48,63.85
4,2025-01-01 09:11:07,64.45
4,2025-01-01 09:11:25,63.78
4,2025-01-01 09:11:38,63.52
4,2025-01-01 09:11:57,64.41
4,2025-01-01 09:12:20,63.55
4,2025-01-01 09:12:38,63.82
4,2025-01-01 09:12:50,64.77
4,2025-01-01 09:13:12,63.89
4,2025-01-01 09:13:32,63.18
4,2025-01-01 09:14:02,64.06
4,2025-01-01 09:14:17,63.41
4,2025-01-01 09:14:42,64.29
4,2025-01-01 09:15:05,63.74
4,2025-01-01 09:15:32,63.92
4,2025-01-01 09:15:41,63.24
4,2025-01-01 09:15:55,64.12
4,2025-01-01 09:16:15,64.4
4,2025-01-01 09:16:42,65.01
4,2025-01-01 09:16:52,65.84
4,2025-01-01 09:16:59,65.17
4,2025-01-01 09:17:07,64.76
4,2025-01-01 09:17:26,64.23
4,2025-01-01 09:17:56,64.11
4,2025-01-01 09:18:12,63.25
4,2025-01-01 09:18:38,64.01
4,2025-01-01 09:18:53,64.11
4,2025-01-01 09:19:08,63.74
4,2025-01-01 09:19:36,63.0
4,2025-01-01 09:19:57,62.0
4,2025-01-01 09:20:02,61.95
4,2025-01-01 09:20:30,62.78
4,2025-01-01 09:20:50,62.52
4,2025-01-01 09:20:59,61.92
4,2025-01-01 09:21:28,62.32
4,2025-01-01 09:21:49,62.54
4,2025-01-01 09:21:58,62.65
4,2025-01-01 09:22:15,61.7
4,2025-01-01 09:22:36,62.28
4,2025-01-01 09:22:41,62.74
4,2025-01-01 09:22:48,62.05
4,2025-01-01 09:23:00,62.93
4,2025-01-01 09:23:08,62.33
4,2025-01-01 09:23:26,63.0
4,2025-01-01 09:23:43,62.04
4,2025-01-01 09:23:56,61.7
4,2025-01-01 09:24:23,61.95
4,2025-01-01 09:24:33,61.43
4,2025-01-01 09:25:00,61.62
4,2025-01-01 09:25:25,61.51
4,2025-01-01 09:25:49,61.46
4,2025-01-01 09:26:13,61.81
4,2025-01-01 09:26:30,62.35
4,2025-01-01 09:26:55,61.71
4,2025-01-01 09:27:20,61.86
4,2025-01-01 09:27:41,61.5
4,2025-01-01 09:28:08,61.75
4,2025-01-01 09:28:23,61.24
4,2025-01-01 09:28:33,61.87
4,2025-01-01 09:29:01,61.3
4,2025-01-01 09:29:19,60.84
4,2025-01-01 09:29:45,61.03
4,2025-01-01 09:30:01,60.65
4,2025-01-01 09:30:28,60.52
4,2025-01-01 09:30:49,60.57
4,2025-01-01 09:31:03,61.22
4,2025-01-01 09:31:18,60.73
4,2025-01-01 09:31:48,61.55
4,2025-01-01 09:32:00,62.4
4,2025-01-01 09:32:30,62.57
4,2025-01-01 09:32:41,62.4
4,2025-01-01 09:33:09,62.55
4,2025-01-01 09:33:22,63.48
4,2025-01-01 09:33:47,63.48
4,2025-01-01 09:34:02,63.23
4,2025-01-01 09:34:20,62.32
4,2025-01-01 09:34:37,62.01
4,2025-01-01 09:34:59,62.29
4,2025-01-01 09:35:21,61.82
4,2025-01-01 09:35:42,62.03
4,2025-01-01 09:35:47,62.69
4,2025-01-01 09:36:07,63.49
4,2025-01-01 09:36:32,62.97
4,2025-01-01 09:36:42,63.65
4,2025-01-01 09:36:53,63.42
4,2025-01-01 09:37:15,63.23
4,2025-01-01 09:37:29,63.94
4,2025-01-01 09:37:38,63.25
4,2025-01-01 09:37:44,63.45
4,2025-01-01 09:38:11,63.23
4,2025-01-01 09:38:32,63.89
4,2025-01-01 09:38:52,63.66
4,2025-01-01 09:39:05,64.39
4,2025-01-01 09:39:26,64.03
4,2025-01-01 09:39:55,63.99
4,2025-01-01 09:40:05,63.48
4,2025-01-01 09:40:23,64.37
4,2025-01-01 09:40:53,64.09
4,2025-01-01 09:41:21,63.61
4,2025-01-01 09:41:30,64.57
4,2025-01-01 09:41:51,64.01
4,2025-01-01 09:42:09,63.99
4,2025-01-01 09:42:25,63.12
4,2025-01-01 09:42:45,62.51
4,2025-01-01 09:42:56,62.32
4,2025-01-01 09:43:14,61.52
4,2025-01-01 09:43:37,61.43
4,2025-01-01 09:44:02,60.77
4,2025-01-01 09:44:28,60.0
4,2025-01-01 09:44:48,59.27
4,2025-01-01 09:45:16,60.21
4,2025-01-01 09:45:31,59.54
4,2025-01-01 09:45:39,59.1
4,2025-01-01 09:45:52,58.53
4,2025-01-01 09:46:17,57.79
4,2025-01-01 09:46:27,57.86
4,2025-01-01 09:46:46,58.05
4,2025-01-01 09:46:55,58.48
4,2025-01-01 09:47:13,57.52
4,2025-01-01 09:47:26,56.97
4,2025-01-01 09:47:55,57.07
4,2025-01-01 09:48:17,56.72
4,2025-01-01 09:48:37,55.72
4,2025-01-01 09:49:07,55.73
4,2025-01-01 09:49:20,56.37
4,2025-01-01 09:49:29,55.59
4,2025-01-01 09:49:39,56.59
4,2025-01-01 09:49:53,56.34
4,2025-01-01 09:50:06,56.23
4,2025-01-01 09:50:11,55.85
4,2025-01-01 09:50:36,56.57
4,2025-01-01 09:50:41,56.95
4,2025-01-01 09:50:48,56.81
4,2025-01-01 09:50:58,57.2
4,2025-01-01 09:51:04,57.95
4,2025-01-01 09:51:32,58.52
4,2025-01-01 09:51:57,57.62
4,2025-01-01 09:52:25,56.73
4,2025-01-01 09:52:32,56.65
4,2025-01-01 09:52:53,57.37
4,2025-01-01 09:53:15,57.73
4,2025-01-01 09:53:26,57.17
4,2025-01-01 09:53:39,57.63
4,2025-01-01 09:54:00,58.44
4,2025-01-01 09:54:07,57.77
4,2025-01-01 09:54:29,57.43
4,2025-01-01 09:54:36,58.25
4,2025-01-01 09:54:58,58.04
4,2025-01-01 09:55:14,58.67
4,2025-01-01 09:55:30,58.03
4,2025-01-01 09:55:55,58.04
4,2025-01-01 09:56:16,57.48
4,2025-01-01 09:56:38,56.72
4,2025-01-01 09:56:56,56.24
4,2025-01-01 09:57:12,55.88
4,2025-01-01 09:57:25,55.54
4,2025-01-01 09:57:42,56.32
4,2025-01-01 09:58:12,55.49
4,2025-01-01 09:58:32,56.05
4,2025-01-01 09:58:41,55.82
4,2025-01-01 09:58:52,55.22
4,2025-01-01 09:58:59,54.81
4,2025-01-01 09:59:20,54.72
4,2025-01-01 09:59:42,54.01
4,2025-01-01 10:00:12,54.0
4,2025-01-01 10:00:24,54.6
4,2025-01-01 10:00:52,54.81
4,2025-01-01 10:01:01,54.52
4,2025-01-01 10:01:10,55.37
4,2025-01-01 10:01:36,56.08
4,2025-01-01 10:02:00,56.27
4,2025-01-01 10:02:11,57.12
4,2025-01-01 10:02:24,57.86
4,2025-01-01 10:02:37,57.27
4,2025-01-01 10:02:51,57.64
4,2025-01-01 10:03:18,57.51
4,2025-01-01 10:03:41,57.92
4,2025-01-01 10:03:56,56.94
4,2025-01-01 10:04:20,56.77
4,2025-01-01 10:04:30,57.21
4,2025-01-01 10:04:46,56.78
4,2025-01-01 10:04:57,56.04
4,2025-01-01 10:05:08,56.71
4,2025-01-01 10:05:31,56.67
4,2025-01-01 10:05:36,56.2
4,2025-01-01 10:05:51,55.68
4,2025-01-01 10:06:01,55.63
4,2025-01-01 10:06:15,56.33
4,2025-01-01 10:06:30,55.89
4,2025-01-01 10:06:48,55.2
4,2025-01-01 10:07:09,54.36
4,2025-01-01 10:07:22,54.67
4,2025-01-01 10:07:29,54.99
4,2025-01-01 10:07:49,54.8
4,2025-01-01 10:08:09,54.17
4,2025-01-01 10:08:14,54.43
4,2025-01-01 10:08:34,54.06
4,2025-01-01 10:08:42,54.61
4,2025-01-01 10:08:58,55.61
4,2025-01-01 10:09:19,55.01
4,2025-01-01 10:09:44,55.17
4,2025-01-01 10:09:57,55.08
4,2025-01-01 10:10:04,55.64
4,2025-01-01 10:10:22,55.21
4,2025-01-01 10:10:27,54.83
4,2025-01-01 10:10:43,54.76
4,2025-01-01 10:10:56,55.57
4,2025-01-01 10:11:10,55.75
4,2025-01-01 10:11:37,55.07
4,2025-01-01 10:12:03,55.17
4,2025-01-01 10:12:12,54.5
4,2025-01-01 10:12:27,54.04
4,2025-01-01 10:12:46,54.16
4,2025-01-01 10:13:04,53.23
4,2025-01-01 10:13:21,53.98
4,2025-01-01 10:13:34,53.7
4,2025-01-01 10:13:48,53.8
4,2025-01-01 10:14:08,54.01
4,2025-01-01 10:14:35,54.57
4,2025-01-01 10:14:58,54.1
4,2025-01-01 10:15:26,54.82
4,2025-01-01 10:15:38,55.78
4,2025-01-01 10:15:56,54.79
4,2025-01-01 10:16:18,55.13
4,2025-01-01 10:16:47,54.49
4,2025-01-01 10:16:55,55.39
4,2025-01-01 10:17:04,55.36
4,2025-01-01 10:17:28,54.39
4,2025-01-01 10:17:53,53.83
4,2025-01-01 10:18:12,53.96
4,2025-01-01 10:18:34,54.3
4,2025-01-01 10:18:42,54.72
4,2025-01-01 10:19:00,54.18
4,2025-01-01 10:19:20,53.46
4,2025-01-01 10:19:35,53.84
4,2025-01-01 10:19:48,54.01
4,2025-01-01 10:19:54,53.56
4,2025-01-01 10:20:20,54.34
4,2025-01-01 10:20:49,55.05
4,2025-01-01 10:20:57,55.68
4,2025-01-01 10:21:07,55.35
4,2025-01-01 10:21:14,55.57
4,2025-01-01 10:21:33,55.95
4,2025-01-01 10:21:49,55.8
4,2025-01-01 10:21:54,56.53
4,2025-01-01 10:22:23,55.66
4,2025-01-01 10:22:31,56.65
4,2025-01-01 10:22:47,57.63
4,2025-01-01 10:23:10,56.87
4,2025-01-01 10:23:18,56.77
4,2025-01-01 10:23:29,55.9
4,2025-01-01 10:23:52,55.92
4,2025-01-01 10:23:59,55.35
4,2025-01-01 10:24:10,55.29
4,2025-01-01 10:24:16,56.16
4,2025-01-01 10:24:29,55.57
4,2025-01-01 10:24:51,56.33
4,2025-01-01 10:25:17,56.59
4,2025-01-01 10:25:34,56.59
4,2025-01-01 10:25:45,56.43
4,2025-01-01 10:25:54,56.13
4,2025-01-01 10:26:04,56.22
4,2025-01-01 10:26:32,57.2
4,2025-01-01 10:26:39,57.15
4,2025-01-01 10:26:57,57.35
4,2025-01-01 10:27:26,58.3
4,2025-01-01 10:27:38,57.62
4,2025-01-01 10:27:54,58.07
4,2025-01-01 10:28:09,57.41
4,2025-01-01 10:28:39,58.32
4,2025-01-01 10:28:53,58.09
4,2025-01-01 10:29:23,58.07
4,2025-01-01 10:29:40,57.1
4,2025-01-01 10:29:49,56.75
4,2025-01-01 10:30:12,57.01
4,2025-01-01 10:30:31,57.3
4,2025-01-01 10:30:57,57.35
4,2025-01-01 10:31:25,58.21
4,2025-01-01 10:31:49,58.51
4,2025-01-01 10:32:11,57.61
4,2025-01-01 10:32:32,57.79
4,2025-01-01 10:32:52,58.29
4,2025-01-01 10:32:57,58.38
4,2025-01-01 10:33:24,58.52
4,2025-01-01 10:33:38,58.06
4,2025-01-01 10:34:00,58.75
4,2025-01-01 10:34:21,59.41
4,2025-01-01 10:34:46,59.5
4,2025-01-01 10:35:15,59.22
4,2025-01-01 10:35:38,59.44
4,2025-01-01 10:35:48,60.04
4,2025-01-01 10:35:54,60.97
4,2025-01-01 10:36:19,61.63
4,2025-01-01 10:36:25,61.73
4,2025-01-01 10:36:49,61.06
4,2025-01-01 10:36:55,61.96
4,2025-01-01 10:37:21,62.53
4,2025-01-01 10:37:40,62.52
4,2025-01-01 10:37:53,62.62
4,2025-01-01 10:38:12,63.37
4,2025-01-01 10:38:30,63.07
4,2025-01-01 10:38:47,62.17
4,2025-01-01 10:39:00,62.0
4,2025-01-01 10:39:12,61.66
4,2025-01-01 10:39:25,61.86
4,2025-01-01 10:39:36,62.67
4,2025-01-01 10:39:54,62.3
4,2025-01-01 10:40:08,63.18
4,2025-01-01 10:40:25,63.85
4,2025-01-01 10:40:54,63.62
4,2025-01-01 10:41:18,63.72
4,2025-01-01 10:41:38,64.67
4,2025-01-01 10:41:50,64.17
4,2025-01-01 10:42:04,63.65
4,2025-01-01 10:42:14,63.98
4,2025-01-01 10:42:42,64.3
4,2025-01-01 10:43:08,65.27
4,2025-01-01 10:43:16,66.0
4,2025-01-01 10:43:42,66.15
4,2025-01-01 10:43:56,66.54
4,2025-01-01 10:44:02,66.36
4,2025-01-01 10:44:30,66.87
4,2025-01-01 10:44:48,67.22
4,2025-01-01 10:44:57,67.54
4,2025-01-01 10:45:07,67.89
4,2025-01-01 10:45:34,68.22
4,2025-01-01 10:45:51,67.44
4,2025-01-01 10:46:15,68.34
4,2025-01-01 10:46:26,67.69
4,2025-01-01 10:46:47,67.8
4,2025-01-01 10:46:52,67.8
4,2025-01-01 10:47:21,67.94
4,2025-01-01 10:47:42,67.34
4,2025-01-01 10:48:04,67.31
4,2025-01-01 10:48:32,67.73
4,2025-01-01 10:48:45,68.05
4,2025-01-01 10:48:54,67.9
4,2025-01-01 10:49:23,67.73
4,2025-01-01 10:49:28,66.92
4,2025-01-01 10:49:52,66.29
4,2025-01-01 10:50:14,65.61
4,2025-01-01 10:50:27,66.27
4,2025-01-01 10:50:48,67.2
4,2025-01-01 10:51:02,67.17
4,2025-01-01 10:51:12,67.29
4,2025-01-01 10:51:19,68.05
4,2025-01-01 10:51:40,67.71
4,2025-01-01 10:51:53,68.03
4,2025-01-01 10:52:05,67.61
4,2025-01-01 10:52:21,66.69
4,2025-01-01 10:52:43,65.93
4,2025-01-01 10:52:54,65.13
4,2025-01-01 10:53:17,64.96
4,2025-01-01 10:53:25,64.51
4,2025-01-01 10:53:54,63.7
4,2025-01-01 10:54:10,64.32
4,2025-01-01 10:54:37,64.22
4,2025-01-01 10:54:53,63.92
4,2025-01-01 10:55:02,64.45
4,2025-01-01 10:55:27,64.41
4,2025-01-01 10:55:42,64.53
4,2025-01-01 10:55:51,64.6
4,2025-01-01 10:56:09,65.22
4,2025-01-01 10:56:29,64.61
4,2025-01-01 10:56:48,64.85
4,2025-01-01 10:57:18,63.98
4,2025-01-01 10:57:39,64.4
4,2025-01-01 10:58:08,63.93
4,2025-01-01 10:58:16,63.88
4,2025-01-01 10:58:40,63.75
4,2025-01-01 10:58:52,64.22
4,2025-01-01 10:58:57,64.87
4,2025-01-01 10:59:25,65.4
4,2025-01-01 10:59:40,65.78
4,2025-01-01 10:59:52,64.83
4,2025-01-01 10:59:59,64.4
4,2025-01-01 11:00:22,63.69
4,2025-01-01 11:00:32,63.89
4,2025-01-01 11:00:39,64.13
4,2025-01-01 11:01:00,63.66
4,2025-01-01 11:01:20,64.53
4,2025-01-01 11:01:45,65.38
4,2025-01-01 11:02:01,66.36
4,2025-01-01 11:02:10,66.97
4,2025-01-01 11:02:24,67.0
4,2025-01-01 11:02:50,66.32
4,2025-01-01 11:03:07,66.66
4,2025-01-01 11:03:31,67.22
4,2025-01-01 11:03:44,66.89
4,2025-01-01 11:03:52,66.0
4,2025-01-01 11:04:16,66.27
4,2025-01-01 11:04:30,66.56
4,2025-01-01 11:04:45,66.52
4,2025-01-01 11:04:59,66.57
4,2025-01-01 11:05:29,66.74
4,2025-01-01 11:05:49,67.69
4,2025-01-01 11:06:11,68.62
4,2025-01-01 11:06:39,68.85
4,2025-01-01 11:06:48,68.97
4,2025-01-01 11:07:14,68.91
4,2025-01-01 11:07:26,68.8
4,2025-01-01 11:07:36,68.29
4,2025-01-01 11:08:05,67.69
4,2025-01-01 11:08:20,68.25
4,2025-01-01 11:08:42,67.93
4,2025-01-01 11:09:09,68.12
4,2025-01-01 11:09:28,67.46
4,2025-01-01 11:09:50,66.95
4,2025-01-01 11:10:18,66.53
4,2025-01-01 11:10:31,67.22
4,2025-01-01 11:10:42,67.57
4,2025-01-01 11:11:11,67.94
4,2025-01-01 11:11:29,68.79
4,2025-01-01 11:11:44,68.04
4,2025-01-01 11:11:56,69.04
4,2025-01-01 11:12:12,69.67
4,2025-01-01 11:12:22,69.83
4,2025-01-01 11:12:35,69.41
4,2025-01-01 11:13:01,68.8
4,2025-01-01 11:13:13,69.44
4,2025-01-01 11:13:24,70.06
4,2025-01-01 11:13:41,70.51
4,2025-01-01 11:14:11,70.37
4,2025-01-01 11:14:19,69.44
4,2025-01-01 11:14:48,68.53
4,2025-01-01 11:15:11,68.38
4,2025-01-01 11:15:40,68.18
4,2025-01-01 11:16:04,68.86
4,2025-01-01 11:16:19,69.83
4,2025-01-01 11:16:26,69.09
4,2025-01-01 11:16:39,69.52
4,2025-01-01 11:17:03,69.56
4,2025-01-01 11:17:14,68.61
4,2025-01-01 11:17:36,68.51
4,2025-01-01 11:17:59,68.25
4,2025-01-01 11:18:06,67.33
4,2025-01-01 11:18:30,66.42
4,2025-01-01 11:18:59,65.97
4,2025-01-01 11:19:16,66.94
4,2025-01-01 11:19:26,66.73
4,2025-01-01 11:19:32,67.49
4,2025-01-01 11:20:02,67.59
4,2025-01-01 11:20:20,67.5
4,2025-01-01 11:20:35,68.47
4,2025-01-01 11:21:02,69.31
4,2025-01-01 11:21:18,69.97
4,2025-01-01 11:21:38,70.95
4,2025-01-01 11:21:50,71.51
4,2025-01-01 11:22:15,70.82
4,2025-01-01 11:22:36,69.94
4,2025-01-01 11:22:49,69.24
4,2025-01-01 11:23:15,69.62
4,2025-01-01 11:23:26,70.46
4,2025-01-01 11:23:35,69.65
4,2025-01-01 11:23:51,70.15
4,2025-01-01 11:24:12,69.76
4,2025-01-01 11:24:23,69.24
4,2025-01-01 11:24:33,69.99
4,2025-01-01 11:24:42,70.49
4,2025-01-01 11:25:08,71.46
4,2025-01-01 11:25:21,70.94
4,2025-01-01 11:25:41,70.1
4,2025-01-01 11:25:53,70.27
4,2025-01-01 11:26:13,70.57
4,2025-01-01 11:26:34,70.61
4,2025-01-01 11:26:45,70.55
4,2025-01-01 11:26:59,71.42
4,2025-01-01 11:27:07,70.63
4,2025-01-01 11:27:29,69.89
4,2025-01-01 11:27:53,69.58
4,2025-01-01 11:28:09,69.2
4,2025-01-01 11:28:28,69.29
4,2025-01-01 11:28:54,69.01
4,2025-01-01 11:29:11,69.99
4,2025-01-01 11:29:22,70.73
4,2025-01-01 11:29:30,70.81
4,2025-01-01 11:30:00,71.44
4,2025-01-01 11:30:10,71.73
4,2025-01-01 11:30:18,71.26
4,2025-01-01 11:30:40,72.11
4,2025-01-01 11:30:53,72.58
4,2025-01-01 11:31:01,71.79
4,2025-01-01 11:31:30,71.77
4,2025-01-01 11:31:51,70.96
4,2025-01-01 11:32:16,70.64
4,2025-01-01 11:32:25,70.64
4,2025-01-01 11:32:49,71.25
4,2025-01-01 11:33:16,71.19
4,2025-01-01 11:33:37,71.66
4,2025-01-01 11:33:47,70.74
4,2025-01-01 11:33:53,70.27
4,2025-01-01 11:34:09,71.26
4,2025-01-01 11:34:27,71.56
4,2025-01-01 11:34:56,71.41
4,2025-01-01 11:35:24,72.24
4,2025-01-01 11:35:50,72.58
4,2025-01-01 11:36:00,72.63
4,2025-01-01 11:36:17,73.59
4,2025-01-01 11:36:22,72.93
4,2025-01-01 11:36:34,72.34
4,2025-01-01 11:36:39,71.77
4,2025-01-01 11:36:51,71.77
4,2025-01-01 11:37:21,71.19
4,2025-01-01 11:37:41,71.76
4,2025-01-01 11:37:50,72.48
4,2025-01-01 11:38:11,73.43
4,2025-01-01 11:38:24,73.57
4,2025-01-01 11:38:33,74.41
4,2025-01-01 11:39:03,75.0
4,2025-01-01 11:39:23,75.09
4,2025-01-01 11:39:49,75.01
4,2025-01-01 11:40:09,74.35
4,2025-01-01 11:40:33,75.06
4,2025-01-01 11:40:43,74.33
4,2025-01-01 11:40:58,74.16
4,2025-01-01 11:41:08,74.22
4,2025-01-01 11:41:24,73.49
4,2025-01-01 11:41:48,73.07
4,2025-01-01 11:42:11,72.24
4,2025-01-01 11:42:41,72.31
4,2025-01-01 11:43:02,72.75
4,2025-01-01 11:43:14,71.88
4,2025-01-01 11:43:32,71.07
4,2025-01-01 11:43:48,71.95
4,2025-01-01 11:44:01,71.26
4,2025-01-01 11:44:06,71.98
4,2025-01-01 11:44:25,71.22
4,2025-01-01 11:44:30,70.96
4,2025-01-01 11:44:44,70.3
4,2025-01-01 11:45:08,71.24
4,2025-01-01 11:45:24,72.19
4,2025-01-01 11:45:38,71.48
4,2025-01-01 11:45:59,71.84
4,2025-01-01 11:46:08,72.75
4,2025-01-01 11:46:29,73.41
4,2025-01-01 11:46:37,72.57
4,2025-01-01 11:46:51,72.44
4,2025-01-01 11:47:00,72.46
4,2025-01-01 11:47:19,72.05
4,2025-01-01 11:47:44,72.8
4,2025-01-01 11:48:14,73.65
4,2025-01-01 11:48:31,73.63
4,2025-01-01 11:48:45,73.47
4,2025-01-01 11:49:00,74.07
4,2025-01-01 11:49:22,73.83
4,2025-01-01 11:49:44,74.42
4,2025-01-01 11:49:57,75.32
4,2025-01-01 11:50:08,74.82
4,2025-01-01 11:50:23,74.54
4,2025-01-01 11:50:48,75.02
4,2025-01-01 11:50:57,75.67
4,2025-01-01 11:51:26,75.32
4,2025-01-01 11:51:35,75.02
4,2025-01-01 11:51:57,75.36
4,2025-01-01 11:52:06,74.77
4,2025-01-01 11:52:36,75.73
4,2025-01-01 11:52:58,76.09
4,2025-01-01 11:53:23,75.95
4,2025-01-01 11:53:45,75.08
4,2025-01-01 11:53:58,76.02
4,2025-01-01 11:54:15,75.73
4,2025-01-01 11:54:33,75.37
4,2025-01-01 11:54:49,75.49
4,2025-01-01 11:54:58,74.66
4,2025-01-01 11:55:16,74.08
4,2025-01-01 11:55:31,74.34
4,2025-01-01 11:55:45,73.69
4,2025-01-01 11:56:05,73.0
4,2025-01-01 11:56:11,73.3
4,2025-01-01 11:56:22,73.73
4,2025-01-01 11:56:42,72.91
4,2025-01-01 11:57:08,71.98
4,2025-01-01 11:57:23,71.38
4,2025-01-01 11:57:48,71.14
4,2025-01-01 11:58:05,71.63
4,2025-01-01 11:58:25,72.0
4,2025-01-01 11:58:49,72.6
4,2025-01-01 11:58:55,72.58
4,2025-01-01 11:59:17,72.42
4,2025-01-01 11:59:25,71.91
4,2025-01-01 11:59:44,72.1
4,2025-01-01 12:00:09,72.35
4,2025-01-01 12:00:22,72.71
4,2025-01-01 12:00:40,72.12
4,2025-01-01 12:01:01,71.63
4,2025-01-01 12:01:31,70.66
4,2025-01-01 12:01:49,70.09
4,2025-01-01 12:01:58,70.98
4,2025-01-01 12:02:26,71.87
4,2025-01-01 12:02:49,72.66
4,2025-01-01 12:03:05,72.94
4,2025-01-01 12:03:33,72.55
4,2025-01-01 12:03:55,71.85
4,2025-01-01 12:04:14,71.38
4,2025-01-01 12:04:30,70.39
4,2025-01-01 12:04:58,70.45
4,2025-01-01 12:05:05,70.67
4,2025-01-01 12:05:19,70.9
4,2025-01-01 12:05:41,70.8
4,2025-01-01 12:05:58,70.29
4,2025-01-01 12:06:10,70.13
4,2025-01-01 12:06:38,70.16
4,2025-01-01 12:06:47,69.79
4,2025-01-01 12:06:58,70.53
4,2025-01-01 12:07:22,70.99
4,2025-01-01 12:07:37,70.56
4,2025-01-01 12:08:04,70.16
4,2025-01-01 12:08:18,69.35
4,2025-01-01 12:08:48,68.76
4,2025-01-01 12:09:09,69.38
4,2025-01-01 12:09:21,70.37
4,2025-01-01 12:09:35,69.65
4,2025-01-01 12:09:42,69.23
4,2025-01-01 12:09:49,70.08
4,2025-01-01 12:10:08,69.18
4,2025-01-01 12:10:17,69.6
4,2025-01-01 12:10:38,70.38
4,2025-01-01 12:10:57,70.71
4,2025-01-01 12:11:19,71.38
4,2025-01-01 12:11:25,71.01
4,2025-01-01 12:11:30,70.41
4,2025-01-01 12:11:53,71.13
4,2025-01-01 12:12:01,71.13
4,2025-01-01 12:12:25,70.22
4,2025-01-01 12:12:33,70.98
4,2025-01-01 12:12:41,71.89
4,2025-01-01 12:12:49,71.91
4,2025-01-01 12:12:59,71.77
4,2025-01-01 12:13:07,70.98
4,2025-01-01 12:13:25,71.35
4,2025-01-01 12:13:48,70.96
4,2025-01-01 12:14:03,70.68
4,2025-01-01 12:14:16,70.76
4,2025-01-01 12:14:31,70.5
4,2025-01-01 12:14:59,71.2
4,2025-01-01 12:15:24,70.66
4,2025-01-01 12:15:45,70.17
4,2025-01-01 12:16:00,69.52
4,2025-01-01 12:16:28,70.02
4,2025-01-01 12:16:53,70.61
4,2025-01-01 12:17:17,71.37
4,2025-01-01 12:17:35,71.8
4,2025-01-01 12:17:47,71.38
4,2025-01-01 12:17:55,71.54
4,2025-01-01 12:18:01,71.84
4,2025-01-01 12:18:27,71.47
4,2025-01-01 12:18:50,70.89
4,2025-01-01 12:19:04,71.09
4,2025-01-01 12:19:22,70.81
4,2025-01-01 12:19:42,69.98
4,2025-01-01 12:19:55,70.23
4,2025-01-01 12:20:00,69.81
4,2025-01-01 12:20:07,69.1
4,2025-01-01 12:20:22,69.02
4,2025-01-01 12:20:40,68.8
4,2025-01-01 12:20:57,68.85
4,2025-01-01 12:21:26,68.53
4,2025-01-01 12:21:38,68.24
4,2025-01-01 12:21:44,68.45
4,2025-01-01 12:22:00,69.39
4,2025-01-01 12:22:09,70.14
4,2025-01-01 12:22:30,70.65
4,2025-01-01 12:22:39,71.57
4,2025-01-01 12:22:49,70.73
4,2025-01-01 12:23:01,70.49
4,2025-01-01 12:23:12,69.84
4,2025-01-01 12:23:26,69.87
4,2025-01-01 12:23:34,70.63
4,2025-01-01 12:23:45,70.8
4,2025-01-01 12:24:14,69.85
4,2025-01-01 12:24:31,70.6
4,2025-01-01 12:24:52,71.21
4,2025-01-01 12:25:22,70.78
4,2025-01-01 12:25:52,70.98
4,2025-01-01 12:26:00,70.98
4,2025-01-01 12:26:25,71.35
4,2025-01-01 12:26:45,70.42
4,2025-01-01 12:27:15,69.8
4,2025-01-01 12:27:23,70.76
4,2025-01-01 12:27:53,69.83
4,2025-01-01 12:28:02,70.58
4,2025-01-01 12:28:26,69.91
4,2025-01-01 12:28:39,68.94
4,2025-01-01 12:28:44,68.41
4,2025-01-01 12:29:12,68.55
4,2025-01-01 12:29:33,69.52
4,2025-01-01 12:29:53,69.43
4,2025-01-01 12:30:13,70.28
4,2025-01-01 12:30:29,69.82
4,2025-01-01 12:30:50,70.06
4,2025-01-01 12:31:04,69.1
4,2025-01-01 12:31:19,69.77
4,2025-01-01 12:31:38,68.95
4,2025-01-01 12:31:54,67.96
4,2025-01-01 12:32:01,68.29
4,2025-01-01 12:32:23,67.88
4,2025-01-01 12:32:41,68.35
4,2025-01-01 12:32:58,67.66
4,2025-01-01 12:33:25,68.53
4,2025-01-01 12:33:37,68.72
4,2025-01-01 12:34:06,67.88
4,2025-01-01 12:34:16,68.5
4,2025-01-01 12:34:34,68.72
4,2025-01-01 12:34:42,68.65
4,2025-01-01 12:34:51,68.76
4,2025-01-01 12:35:15,69.45
4,2025-01-01 12:35:25,69.47
4,2025-01-01 12:35:48,69.22
4,2025-01-01 12:36:06,68.9
4,2025-01-01 12:36:11,68.88
4,2025-01-01 12:36:35,68.0
4,2025-01-01 12:37:05,67.79
4,2025-01-01 12:37:20,67.25
4,2025-01-01 12:37:31,66.85
4,2025-01-01 12:38:01,67.74
4,2025-01-01 12:38:30,68.55
4,2025-01-01 12:38:51,69.34
4,2025-01-01 12:38:59,69.26
4,2025-01-01 12:39:15,70.23
4,2025-01-01 12:39:34,69.68
4,2025-01-01 12:39:49,70.3
4,2025-01-01 12:40:03,70.84
4,2025-01-01 12:40:10,71.18
4,2025-01-01 12:40:21,71.11
4,2025-01-01 12:40:46,70.63
4,2025-01-01 12:41:03,71.04
4,2025-01-01 12:41:16,70.48
4,2025-01-01 12:41:25,70.87
4,2025-01-01 12:41:41,71.7
4,2025-01-01 12:41:51,71.61
4,2025-01-01 12:42:12,72.45
4,2025-01-01 12:42:29,72.34
4,2025-01-01 12:42:44,72.37
4,2025-01-01 12:43:14,72.82
4,2025-01-01 12:43:23,71.96
4,2025-01-01 12:43:36,71.83
4,2025-01-01 12:44:04,71.73
4,2025-01-01 12:44:14,72.5
4,2025-01-01 12:44:30,73.13
4,2025-01-01 12:44:43,73.91
4,2025-01-01 12:45:13,74.09
4,2025-01-01 12:45:24,73.4
4,2025-01-01 12:45:36,73.37
4,2025-01-01 12:45:41,73.98
4,2025-01-01 12:46:01,73.91
4,2025-01-01 12:46:25,74.22
4,2025-01-01 12:46:40,73.38
4,2025-01-01 12:47:07,73.17
4,2025-01-01 12:47:18,73.39
4,2025-01-01 12:47:48,73.34
4,2025-01-01 12:47:56,72.92
4,2025-01-01 12:48:12,72.95
4,2025-01-01 12:48:39,73.89
4,2025-01-01 12:48:55,74.73
4,2025-01-01 12:49:11,75.44
4,2025-01-01 12:49:39,76.14
4,2025-01-01 12:49:57,76.45
4,2025-01-01 12:50:04,75.61
4,2025-01-01 12:50:12,75.62
4,2025-01-01 12:50:39,76.4
4,2025-01-01 12:50:50,76.32
4,2025-01-01 12:51:04,76.58
4,2025-01-01 12:51:28,76.52
4,2025-01-01 12:51:58,76.93
4,2025-01-01 12:52:09,77.36
4,2025-01-01 12:52:34,77.1
4,2025-01-01 12:52:55,76.61
4,2025-01-01 12:53:23,75.98
4,2025-01-01 12:53:31,76.24
4,2025-01-01 12:53:46,76.19
4,2025-01-01 12:54:12,76.67
4,2025-01-01 12:54:39,77.56
4,2025-01-01 12:54:48,78.06
4,2025-01-01 12:54:54,77.96
4,2025-01-01 12:55:22,78.08
4,2025-01-01 12:55:29,78.87
4,2025-01-01 12:55:59,79.78
4,2025-01-01 12:56:09,79.43
4,2025-01-01 12:56:19,79.55
4,2025-01-01 12:56:42,80.06
4,2025-01-01 12:56:54,79.59
4,2025-01-01 12:57:15,80.2
4,2025-01-01 12:57:39,79.34
4,2025-01-01 12:58:02,80.04
4,2025-01-01 12:58:13,79.58
4,2025-01-01 12:58:38,79.27
4,2025-01-01 12:58:51,78.95
4,2025-01-01 12:59:06,79.65
4,2025-01-01 12:59:30,79.9
4,2025-01-01 12:59:57,79.09
4,2025-01-01 13:00:26,79.25
4,2025-01-01 13:00:31,79.3
4,2025-01-01 13:00:43,79.94
4,2025-01-01 13:01:03,80.74
4,2025-01-01 13:01:21,80.66
4,2025-01-01 13:01:30,81.07
4,2025-01-01 13:01:54,80.61
4,2025-01-01 13:02:07,79.73
4,2025-01-01 13:02:37,79.34
4,2025-01-01 13:02:49,78.93
4,2025-01-01 13:03:03,79.8
4,2025-01-01 13:03:25,80.06
4,2025-01-01 13:03:32,80.42
4,2025-01-01 13:03:37,80.94
4,2025-01-01 13:04:03,81.0
4,2025-01-01 13:04:19,80.61
4,2025-01-01 13:04:32,79.66
4,2025-01-01 13:04:55,79.89
4,2025-01-01 13:05:25,79.87
4,2025-01-01 13:05:46,80.7
4,2025-01-01 13:06:12,80.44
4,2025-01-01 13:06:41,79.74
4,2025-01-01 13:06:46,80.71
4,2025-01-01 13:07:06,80.23
4,2025-01-01 13:07:22,80.11
4,2025-01-01 13:07:43,79.27
4,2025-01-01 13:08:10,79.61
4,2025-01-01 13:08:27,79.11
4,2025-01-01 13:08:42,78.8
4,2025-01-01 13:09:11,78.34
4,2025-01-01 13:09:23,78.53
4,2025-01-01 13:09:30,77.73
4,2025-01-01 13:09:46,77.25
4,2025-01-01 13:10:07,77.05
4,2025-01-01 13:10:30,76.74
4,2025-01-01 13:10:44,75.77
4,2025-01-01 13:11:10,76.35
4,2025-01-01 13:11:15,77.33
4,2025-01-01 13:11:36,77.08
4,2025-01-01 13:12:06,76.19
4,2025-01-01 13:12:26,76.16
4,2025-01-01 13:12:51,76.04
4,2025-01-01 13:12:59,76.4
4,2025-01-01 13:13:24,76.2
4,2025-01-01 13:13:29,76.38
4,2025-01-01 13:13:37,75.84
4,2025-01-01 13:13:52,75.14
4,2025-01-01 13:13:59,74.15
4,2025-01-01 13:14:18,73.72
4,2025-01-01 13:14:38,72.77
4,2025-01-01 13:15:06,71.86
4,2025-01-01 13:15:18,72.19
4,2025-01-01 13:15:34,72.56
4,2025-01-01 13:15:50,73.36
4,2025-01-01 13:16:08,74.01
4,2025-01-01 13:16:23,73.12
4,2025-01-01 13:16:28,73.78
4,2025-01-01 13:16:47,73.8
4,2025-01-01 13:17:09,74.48
4,2025-01-01 13:17:38,75.13
4,2025-01-01 13:17:52,75.31
4,2025-01-01 13:18:08,74.78
4,2025-01-01 13:18:15,75.37
4,2025-01-01 13:18:32,75.79
4,2025-01-01 13:18:52,74.99
4,2025-01-01 13:18:57,75.01
4,2025-01-01 13:19:21,74.52
4,2025-01-01 13:19:49,74.08
4,2025-01-01 13:20:00,73.32
4,2025-01-01 13:20:19,72.82
4,2025-01-01 13:20:40,72.98
4,2025-01-01 13:21:09,72.64
4,2025-01-01 13:21:38,71.68
4,2025-01-01 13:22:08,72.5
4,2025-01-01 13:22:14,72.33
4,2025-01-01 13:22:43,71.83
4,2025-01-01 13:23:03,71.27
4,2025-01-01 13:23:32,71.5
4,2025-01-01 13:23:51,70.76
4,2025-01-01 13:24:00,71.73
4,2025-01-01 13:24:14,71.53
4,2025-01-01 13:24:40,72.37
4,2025-01-01 13:25:09,72.0
4,2025-01-01 13:25:22,72.54
4,2025-01-01 13:25:50,72.12
4,2025-01-01 13:26:04,71.72
4,2025-01-01 13:26:19,71.16
4,2025-01-01 13:26:41,71.81
4,2025-01-01 13:26:46,71.76
4,2025-01-01 13:27:06,72.34
4,2025-01-01 13:27:15,71.62
4,2025-01-01 13:27:24,71.11
4,2025-01-01 13:27:45,70.83
4,2025-01-01 13:27:59,71.24
4,2025-01-01 13:28:14,71.82
4,2025-01-01 13:28:25,70.83
4,2025-01-01 13:28:46,70.22
4,2025-01-01 13:29:14,69.35
4,2025-01-01 13:29:23,69.57
4,2025-01-01 13:29:32,70.5
4,2025-01-01 13:30:01,71.22
4,2025-01-01 13:30:23,71.06
4,2025-01-01 13:30:28,71.86
4,2025-01-01 13:30:42,71.7
4,2025-01-01 13:30:57,71.49
4,2025-01-01 13:31:19,71.82
4,2025-01-01 13:31:46,70.82
4,2025-01-01 13:32:06,71.65
4,2025-01-01 13:32:29,72.54
4,2025-01-01 13:32:50,72.83
4,2025-01-01 13:33:06,72.73
4,2025-01-01 13:33:21,73.59
4,2025-01-01 13:33:36,73.02
4,2025-01-01 13:34:06,72.63
4,2025-01-01 13:34:17,72.62
4,2025-01-01 13:34:45,72.73
4,2025-01-01 13:35:01,73.45
4,2025-01-01 13:35:17,73.9
4,2025-01-01 13:35:45,74.83
4,2025-01-01 13:36:04,75.42
4,2025-01-01 13:36:26,74.8
4,2025-01-01 13:36:34,73.83
4,2025-01-01 13:36:52,73.0
4,2025-01-01 13:37:10,72.27
4,2025-01-01 13:37:24,72.17
4,2025-01-01 13:37:42,72.83
4,2025-01-01 13:37:55,72.0
4,2025-01-01 13:38:17,72.17
4,2025-01-01 13:38:44,71.57
4,2025-01-01 13:39:04,71.04
4,2025-01-01 13:39:34,70.44
4,2025-01-01 13:40:00,70.05
4,2025-01-01 13:40:27,70.66
4,2025-01-01 13:40:49,71.5
4,2025-01-01 13:40:56,70.54
4,2025-01-01 13:41:05,69.78
4,2025-01-01 13:41:26,70.34
4,2025-01-01 13:41:39,69.61
4,2025-01-01 13:41:52,69.77
4,2025-01-01 13:42:12,70.28
4,2025-01-01 13:42:24,70.87
4,2025-01-01 13:42:41,70.18
4,2025-01-01 13:42:46,69.76
4,2025-01-01 13:43:13,69.07
4,2025-01-01 13:43:33,69.56
4,2025-01-01 13:43:48,70.49
4,2025-01-01 13:44:14,70.65
4,2025-01-01 13:44:32,70.53
4,2025-01-01 13:44:58,69.9
4,2025-01-01 13:45:04,70.38
4,2025-01-01 13:45:29,71.11
4,2025-01-01 13:45:46,70.24
4,2025-01-01 13:46:11,70.03
4,2025-01-01 13:46:32,69.52
4,2025-01-01 13:46:48,68.83
4,2025-01-01 13:47:07,68.09
4,2025-01-01 13:47:33,67.15
4,2025-01-01 13:47:53,67.4
4,2025-01-01 13:48:21,66.76
4,2025-01-01 13:48:34,67.33
4,2025-01-01 13:48:45,66.69
4,2025-01-01 13:48:59,66.69
4,2025-01-01 13:49:27,66.64
4,2025-01-01 13:49:44,66.87
4,2025-01-01 13:50:07,67.56
4,2025-01-01 13:50:19,66.62
4,2025-01-01 13:50:27,66.6
4,2025-01-01 13:50:48,65.7
4,2025-01-01 13:51:14,65.01
4,2025-01-01 13:51:44,64.22
4,2025-01-01 13:51:59,63.49
4,2025-01-01 13:52:17,63.67
4,2025-01-01 13:52:45,63.9
4,2025-01-01 13:52:59,64.55
4,2025-01-01 13:53:28,64.4
4,2025-01-01 13:53:49,63.64
4,2025-01-01 13:54:16,64.12
4,2025-01-01 13:54:41,63.65
4,2025-01-01 13:54:47,62.85
4,2025-01-01 13:55:15,63.39
4,2025-01-01 13:55:39,63.41
4,2025-01-01 13:55:54,64.2
4,2025-01-01 13:56:11,63.94
4,2025-01-01 13:56:32,64.66
4,2025-01-01 13:56:54,64.05
4,2025-01-01 13:57:14,63.13
4,2025-01-01 13:57:40,62.91
4,2025-01-01 13:58:07,63.08
4,2025-01-01 13:58:17,63.59
4,2025-01-01 13:58:32,64.06
4,2025-01-01 13:58:48,64.68
4,2025-01-01 13:58:56,65.04
4,2025-01-01 13:59:19,65.65
4,2025-01-01 13:59:24,66.16
4,2025-01-01 13:59:42,65.83
4,2025-01-01 13:59:47,65.37
4,2025-01-01 13:59:52,66.12
4,2025-01-01 14:00:22,66.16
4,2025-01-01 14:00:36,66.95
4,2025-01-01 14:00:57,67.02
4,2025-01-01 14:01:04,67.93
4,2025-01-01 14:01:28,68.75
4,2025-01-01 14:01:44,67.9
4,2025-01-01 14:02:05,68.19
4,2025-01-01 14:02:33,67.84
4,2025-01-01 14:02:53,68.27
4,2025-01-01 14:03:02,68.13
4,2025-01-01 14:03:20,68.15
4,2025-01-01 14:03:40,68.47
4,2025-01-01 14:03:46,68.28
4,2025-01-01 14:04:08,67.9
4,2025-01-01 14:04:27,67.0
4,2025-01-01 14:04:37,67.94
4,2025-01-01 14:04:59,67.83
4,2025-01-01 14:05:05,67.19
4,2025-01-01 14:05:17,67.97
4,2025-01-01 14:05:45,67.68
4,2025-01-01 14:06:15,67.2
4,2025-01-01 14:06:22,66.57
4,2025-01-01 14:06:52,67.33
4,2025-01-01 14:07:13,67.68
4,2025-01-01 14:07:39,67.95
4,2025-01-01 14:07:46,67.4
4,2025-01-01 14:08:12,66.75
4,2025-01-01 14:08:17,67.39
4,2025-01-01 14:08:38,68.23
4,2025-01-01 14:08:55,68.52
4,2025-01-01 14:09:20,67.62
4,2025-01-01 14:09:50,67.35
4,2025-01-01 14:09:56,67.61
4,2025-01-01 14:10:02,67.23
4,2025-01-01 14:10:19,66.37
4,2025-01-01 14:10:33,67.29
4,2025-01-01 14:10:49,68.07
4,2025-01-01 14:11:10,68.89
4,2025-01-01 14:11:34,68.2
4,2025-01-01 14:11:58,67.67
4,2025-01-01 14:12:28,66.81
4,2025-01-01 14:12:58,66.17
4,2025-01-01 14:13:25,66.3
4,2025-01-01 14:13:33,66.03
4,2025-01-01 14:13:51,65.98
4,2025-01-01 14:14:01,65.72
4,2025-01-01 14:14:25,65.55
4,2025-01-01 14:14:52,65.53
4,2025-01-01 14:14:59,64.63
4,2025-01-01 14:15:10,65.08
4,2025-01-01 14:15:40,65.73
4,2025-01-01 14:15:57,66.64
4,2025-01-01 14:16:10,67.06
4,2025-01-01 14:16:29,66.5
4,2025-01-01 14:16:37,66.33
4,2025-01-01 14:16:50,65.4
4,2025-01-01 14:17:09,65.04
4,2025-01-01 14:17:33,65.51
4,2025-01-01 14:17:40,65.01
4,2025-01-01 14:18:02,64.42
4,2025-01-01 14:18:14,63.65
4,2025-01-01 14:18:40,64.07
4,2025-01-01 14:18:52,64.35
4,2025-01-01 14:19:11,63.76
4,2025-01-01 14:19:36,64.12
4,2025-01-01 14:20:04,65.0
4,2025-01-01 14:20:19,64.99
4,2025-01-01 14:20:32,64.14
4,2025-01-01 14:21:00,63.94
4,2025-01-01 14:21:25,64.8
4,2025-01-01 14:21:35,64.69
4,2025-01-01 14:22:05,65.08
4,2025-01-01 14:22:28,64.16
4,2025-01-01 14:22:35,63.35
4,2025-01-01 14:22:48,63.04
4,2025-01-01 14:22:58,62.34
4,2025-01-01 14:23:28,61.84
4,2025-01-01 14:23:36,61.21
4,2025-01-01 14:23:49,60.48
4,2025-01-01 14:24:13,60.03
4,2025-01-01 14:24:36,60.1
4,2025-01-01 14:24:55,60.42
4,2025-01-01 14:25:17,61.41
4,2025-01-01 14:25:37,62.11
4,2025-01-01 14:25:58,62.13
4,2025-01-01 14:26:03,62.4
4,2025-01-01 14:26:17,63.03
4,2025-01-01 14:26:34,62.24
4,2025-01-01 14:27:01,62.86
4,2025-01-01 14:27:28,61.93
4,2025-01-01 14:27:55,62.05
4,2025-01-01 14:28:08,61.31
4,2025-01-01 14:28:29,62.25
4,2025-01-01 14:28:37,62.85
4,2025-01-01 14:28:44,62.27
4,2025-01-01 14:29:14,61.97
4,2025-01-01 14:29:24,61.57
4,2025-01-01 14:29:38,61.5
4,2025-01-01 14:29:45,61.22
4,2025-01-01 14:29:51,61.89
4,2025-01-01 14:30:00,61.87
4,2025-01-01 14:30:15,61.8
4,2025-01-01 14:30:32,62.16
4,2025-01-01 14:30:42,61.37
4,2025-01-01 14:31:03,61.5
4,2025-01-01 14:31:18,61.96
4,2025-01-01 14:31:23,61.75
4,2025-01-01 14:31:34,61.01
4,2025-01-01 14:31:39,61.23
4,2025-01-01 14:31:58,61.88
4,2025-01-01 14:32:24,61.73
4,2025-01-01 14:32:30,62.33
4,2025-01-01 14:32:45,62.35
4,2025-01-01 14:32:51,61.56
4,2025-01-01 14:33:15,61.67
4,2025-01-01 14:33:27,60.91
4,2025-01-01 14:33:48,61.77
4,2025-01-01 14:33:55,61.96
4,2025-01-01 14:34:11,62.16
4,2025-01-01 14:34:31,61.2
4,2025-01-01 14:34:47,61.75
4,2025-01-01 14:34:52,61.32
4,2025-01-01 14:35:10,60.95
4,2025-01-01 14:35:30,60.55
4,2025-01-01 14:35:50,59.57
4,2025-01-01 14:36:20,59.87
4,2025-01-01 14:36:47,60.12
4,2025-01-01 14:37:13,59.21
4,2025-01-01 14:37:34,58.96
4,2025-01-01 14:37:51,59.71
4,2025-01-01 14:38:05,60.03
4,2025-01-01 14:38:10,60.96
4,2025-01-01 14:38:28,61.95
4,2025-01-01 14:38:43,61.46
4,2025-01-01 14:38:52,62.26
4,2025-01-01 14:39:04,62.41
4,2025-01-01 14:39:12,63.02
4,2025-01-01 14:39:35,63.49
4,2025-01-01 14:39:49,63.44
4,2025-01-01 14:40:01,63.97
4,2025-01-01 14:40:07,63.63
4,2025-01-01 14:40:19,62.73
4,2025-01-01 14:40:40,62.96
4,2025-01-01 14:40:52,62.49
4,2025-01-01 14:41:06,63.15
4,2025-01-01 14:41:14,63.55
4,2025-01-01 14:41:20,63.42
4,2025-01-01 14:41:27,63.07
4,2025-01-01 14:41:32,63.97
4,2025-01-01 14:41:42,64.51
4,2025-01-01 14:41:56,63.88
4,2025-01-01 14:42:05,63.99
4,2025-01-01 14:42:14,64.27
4,2025-01-01 14:42:38,65.03
4,2025-01-01 14:42:49,64.9
4,2025-01-01 14:43:11,65.66
4,2025-01-01 14:43:39,66.09
4,2025-01-01 14:44:09,65.64
4,2025-01-01 14:44:20,64.99
4,2025-01-01 14:44:46,64.74
4,2025-01-01 14:45:11,65.32
4,2025-01-01 14:45:31,65.47
4,2025-01-01 14:45:43,65.01
4,2025-01-01 14:46:03,65.49
4,2025-01-01 14:46:10,65.67
4,2025-01-01 14:46:29,65.59
4,2025-01-01 14:46:47,64.89
4,2025-01-01 14:46:52,65.81
4,2025-01-01 14:47:01,65.85
4,2025-01-01 14:47:24,65.06
4,2025-01-01 14:47:38,64.33
4,2025-01-01 14:48:03,64.56
4,2025-01-01 14:48:30,64.14
4,2025-01-01 14:48:46,64.59
4,2025-01-01 14:49:09,64.86
4,2025-01-01 14:49:27,65.11
4,2025-01-01 14:49:49,66.08
4,2025-01-01 14:50:08,65.97
4,2025-01-01 14:50:19,66.47
4,2025-01-01 14:50:26,66.22
4,2025-01-01 14:50:42,66.58
4,2025-01-01 14:50:52,66.28
4,2025-01-01 14:51:21,66.1
4,2025-01-01 14:51:33,66.59
4,2025-01-01 14:51:57,66.07
4,2025-01-01 14:52:26,65.08
4,2025-01-01 14:52:52,65.94
4,2025-01-01 14:53:12,65.65
4,2025-01-01 14:53:38,65.6
4,2025-01-01 14:53:53,65.79
4,2025-01-01 14:53:58,66.32
4,2025-01-01 14:54:08,66.08
4,2025-01-01 14:54:18,66.25
4,2025-01-01 14:54:30,66.04
4,2025-01-01 14:54:41,66.67
4,2025-01-01 14:54:59,67.53
4,2025-01-01 14:55:06,67.6
4,2025-01-01 14:55:25,67.48
4,2025-01-01 14:55:46,68.06
4,2025-01-01 14:56:14,67.77
4,2025-01-01 14:56:23,68.03
4,2025-01-01 14:56:29,67.49
4,2025-01-01 14:56:58,68.34
4,2025-01-01 14:57:13,69.01
4,2025-01-01 14:57:22,69.84
4,2025-01-01 14:57:28,69.75
4,2025-01-01 14:57:54,68.78
4,2025-01-01 14:58:18,67.79
4,2025-01-01 14:58:32,68.45
4,2025-01-01 14:58:45,69.12
4,2025-01-01 14:59:08,69.96
4,2025-01-01 14:59:17,69.49
4,2025-01-01 14:59:23,70.3
4,2025-01-01 14:59:35,69.52
4,2025-01-01 14:59:42,69.47
4,2025-01-01 15:00:05,69.08
4,2025-01-01 15:00:31,69.19
4,2025-01-01 15:00:56,70.12
4,2025-01-01 15:01:02,69.32
4,2025-01-01 15:01:16,68.35
4,2025-01-01 15:01:22,68.77
4,2025-01-01 15:01:51,68.37
4,2025-01-01 15:02:01,69.13
4,2025-01-01 15:02:13,68.37
4,2025-01-01 15:02:32,68.72
4,2025-01-01 15:02:47,67.84
4,2025-01-01 15:03:10,66.89
4,2025-01-01 15:03:16,67.06
4,2025-01-01 15:03:25,67.67
4,2025-01-01 15:03:41,67.15
4,2025-01-01 15:03:55,67.98
4,2025-01-01 15:04:16,67.0
4,2025-01-01 15:04:42,66.7
4,2025-01-01 15:05:08,66.0
4,2025-01-01 15:05:38,66.37
4,2025-01-01 15:05:59,66.12
4,2025-01-01 15:06:20,65.74
4,2025-01-01 15:06:32,66.44
4,2025-01-01 15:06:57,66.42
4,2025-01-01 15:07:15,66.28
4,2025-01-01 15:07:33,65.91
4,2025-01-01 15:07:54,65.14
4,2025-01-01 15:08:05,65.54
4,2025-01-01 15:08:20,64.69
4,2025-01-01 15:08:44,64.33
4,2025-01-01 15:08:55,64.75
4,2025-01-01 15:09:00,64.67
4,2025-01-01 15:09:17,65.25
4,2025-01-01 15:09:36,66.11
4,2025-01-01 15:09:54,65.49
4,2025-01-01 15:10:12,64.59
4,2025-01-01 15:10:30,64.51
4,2025-01-01 15:10:59,64.33
4,2025-01-01 15:11:11,64.91
4,2025-01-01 15:11:26,65.6
4,2025-01-01 15:11:41,64.84
4,2025-01-01 15:12:00,64.14
4,2025-01-01 15:12:20,64.17
4,2025-01-01 15:12:39,63.54
4,2025-01-01 15:12:55,62.8
4,2025-01-01 15:13:02,63.3
4,2025-01-01 15:13:32,63.57
4,2025-01-01 15:13:52,63.43
4,2025-01-01 15:14:05,62.68
4,2025-01-01 15:14:17,62.54
4,2025-01-01 15:14:26,61.75
4,2025-01-01 15:14:38,60.93
4,2025-01-01 15:14:58,60.95
4,2025-01-01 15:15:18,61.84
4,2025-01-01 15:15:46,61.92
4,2025-01-01 15:16:15,61.14
4,2025-01-01 15:16:40,60.23
4,2025-01-01 15:17:09,60.91
4,2025-01-01 15:17:30,60.04
4,2025-01-01 15:17:54,60.07
4,2025-01-01 15:18:17,59.86
4,2025-01-01 15:18:41,59.25
4,2025-01-01 15:19:01,58.55
4,2025-01-01 15:19:10,58.48
4,2025-01-01 15:19:30,58.07
4,2025-01-01 15:19:41,59.02
4,2025-01-01 15:20:11,59.85
4,2025-01-01 15:20:27,59.9
4,2025-01-01 15:20:47,59.2
4,2025-01-01 15:21:02,58.87
4,2025-01-01 15:21:19,58.79
4,2025-01-01 15:21:27,58.51
4,2025-01-01 15:21:51,59.07
4,2025-01-01 15:22:15,60.03
4,2025-01-01 15:22:41,60.5
4,2025-01-01 15:22:56,60.24
4,2025-01-01 15:23:19,61.09
4,2025-01-01 15:23:26,61.64
4,2025-01-01 15:23:41,61.52
4,2025-01-01 15:24:08,60.73
4,2025-01-01 15:24:26,60.89
4,2025-01-01 15:24:55,61.8
4,2025-01-01 15:25:18,61.8
4,2025-01-01 15:25:35,62.26
4,2025-01-01 15:25:43,61.62
4,2025-01-01 15:26:11,60.95
4,2025-01-01 15:26:39,61.66
4,2025-01-01 15:27:04,61.91
4,2025-01-01 15:27:34,62.1
4,2025-01-01 15:27:50,61.54
4,2025-01-01 15:28:20,61.05
4,2025-01-01 15:28:42,61.82
4,2025-01-01 15:29:06,61.74
4,2025-01-01 15:29:14,61.71
4,2025-01-01 15:29:25,61.91
4,2025-01-01 15:29:50,61.89
4,2025-01-01 15:30:17,60.91
4,2025-01-01 15:30:38,60.47
4,2025-01-01 15:31:07,61.31
4,2025-01-01 15:31:29,60.79
4,2025-01-01 15:31:34,60.35
4,2025-01-01 15:31:53,60.8
4,2025-01-01 15:32:02,61.13
4,2025-01-01 15:32:07,60.33
4,2025-01-01 15:32:18,59.61
4,2025-01-01 15:32:46,58.63
4,2025-01-01 15:32:53,57.76
4,2025-01-01 15:33:07,58.54
4,2025-01-01 15:33:17,58.39
4,2025-01-01 15:33:39,57.81
4,2025-01-01 15:33:44,57.5
4,2025-01-01 15:34:14,56.93
4,2025-01-01 15:34:42,56.3
4,2025-01-01 15:35:06,56.7
4,2025-01-01 15:35:24,56.1
4,2025-01-01 15:35:38,56.08
4,2025-01-01 15:35:47,57.06
4,2025-01-01 15:36:13,56.85
4,2025-01-01 15:36:37,55.91
4,2025-01-01 15:36:43,55.58
4,2025-01-01 15:36:54,55.69
4,2025-01-01 15:37:06,55.89
4,2025-01-01 15:37:26,55.03
4,2025-01-01 15:37:37,54.25
4,2025-01-01 15:37:52,54.05
4,2025-01-01 15:38:15,53.41
4,2025-01-01 15:38:22,52.76
4,2025-01-01 15:38:51,52.75
4,2025-01-01 15:39:04,52.57
4,2025-01-01 15:39:33,52.05
4,2025-01-01 15:39:44,52.79
4,2025-01-01 15:39:57,52.13
4,2025-01-01 15:40:11,51.24
4,2025-01-01 15:40:33,52.14
4,2025-01-01 15:40:56,51.99
4,2025-01-01 15:41:04,52.83
4,2025-01-01 15:41:13,53.09
4,2025-01-01 15:41:19,53.46
4,2025-01-01 15:41:43,53.43
4,2025-01-01 15:42:00,53.95
4,2025-01-01 15:42:23,54.47
4,2025-01-01 15:42:43,53.64
4,2025-01-01 15:43:04,53.68
4,2025-01-01 15:43:22,54.63
4,2025-01-01 15:43:49,54.81
4,2025-01-01 15:44:00,54.0
4,2025-01-01 15:44:23,53.54
4,2025-01-01 15:44:51,52.87
4,2025-01-01 15:45:20,53.38
4,2025-01-01 15:45:41,53.88
4,2025-01-01 15:45:46,53.5
4,2025-01-01 15:46:06,52.67
4,2025-01-01 15:46:30,53.11
4,2025-01-01 15:46:35,53.08
4,2025-01-01 15:46:51,53.07
4,2025-01-01 15:47:08,53.32
4,2025-01-01 15:47:33,53.26
4,2025-01-01 15:47:47,52.94
4,2025-01-01 15:47:55,52.15
4,2025-01-01 15:48:22,52.99
4,2025-01-01 15:48:50,53.92
4,2025-01-01 15:49:17,53.47
4,2025-01-01 15:49:44,53.46
4,2025-01-01 15:50:03,53.29
4,2025-01-01 15:50:30,54.0
4,2025-01-01 15:50:52,54.26
4,2025-01-01 15:51:20,54.44
4,2025-01-01 15:51:44,54.25
4,2025-01-01 15:51:50,54.45
4,2025-01-01 15:52:18,54.94
4,2025-01-01 15:52:27,55.83
4,2025-01-01 15:52:49,56.56
4,2025-01-01 15:52:56,56.01
4,2025-01-01 15:53:18,56.42
4,2025-01-01 15:53:36,57.19
4,2025-01-01 15:53:59,57.07
4,2025-01-01 15:54:24,57.74
4,2025-01-01 15:54:49,57.39
4,2025-01-01 15:55:00,58.09
4,2025-01-01 15:55:23,58.43
4,2025-01-01 15:55:51,57.58
4,2025-01-01 15:55:57,57.78
4,2025-01-01 15:56:11,57.42
4,2025-01-01 15:56:32,58.32
4,2025-01-01 15:56:51,57.75
4,2025-01-01 15:57:03,57.82
4,2025-01-01 15:57:20,58.07
4,2025-01-01 15:57:34,57.23
4,2025-01-01 15:58:02,57.76
4,2025-01-01 15:58:27,58.75
4,2025-01-01 15:58:35,58.61
4,2025-01-01 15:59:05,58.72
4,2025-01-01 15:59:20,57.96
4,2025-01-01 15:59:37,57.24
4,2025-01-01 15:59:56,56.4
4,2025-01-01 16:00:20,55.78
4,2025-01-01 16:00:43,55.9
4,2025-01-01 16:00:49,55.45
4,2025-01-01 16:01:11,54.54
4,2025-01-01 16:01:34,54.24
4,2025-01-01 16:01:59,53.7
4,2025-01-01 16:02:05,54.29
4,2025-01-01 16:02:13,54.28
4,2025-01-01 16:02:19,53.58
4,2025-01-01 16:02:46,53.89
4,2025-01-01 16:03:12,53.06
4,2025-01-01 16:03:39,53.67
4,2025-01-01 16:04:05,54.07
4,2025-01-01 16:04:33,53.2
4,2025-01-01 16:04:57,52.82
4,2025-01-01 16:05:10,52.96
4,2025-01-01 16:05:39,52.76
4,2025-01-01 16:06:07,52.52
4,2025-01-01 16:06:37,53.42
4,2025-01-01 16:06:49,53.44
4,2025-01-01 16:07:12,53.85
4,2025-01-01 16:07:30,54.33
4,2025-01-01 16:07:46,54.59
4,2025-01-01 16:07:53,53.74
4,2025-01-01 16:08:13,53.77
4,2025-01-01 16:08:41,54.44
4,2025-01-01 16:08:51,54.02
4,2025-01-01 16:09:13,54.29
4,2025-01-01 16:09:19,55.07
4,2025-01-01 16:09:26,55.49
4,2025-01-01 16:09:31,55.36
4,2025-01-01 16:09:53,56.34
4,2025-01-01 16:10:11,56.43
4,2025-01-01 16:10:18,56.06
4,2025-01-01 16:10:28,56.84
4,2025-01-01 16:10:44,57.09
4,2025-01-01 16:10:56,57.84
4,2025-01-01 16:11:22,57.2
4,2025-01-01 16:11:36,56.74
4,2025-01-01 16:11:55,56.11
4,2025-01-01 16:12:23,55.5
4,2025-01-01 16:12:51,55.56
4,2025-01-01 16:13:21,54.83
4,2025-01-01 16:13:39,54.8
4,2025-01-01 16:14:05,54.41
4,2025-01-01 16:14:14,54.06
4,2025-01-01 16:14:29,54.66
4,2025-01-01 16:14:42,55.21
4,2025-01-01 16:14:55,54.55
4,2025-01-01 16:15:09,53.63
4,2025-01-01 16:15:23,53.73
4,2025-01-01 16:15:38,54.01
4,2025-01-01 16:15:53,54.62
4,2025-01-01 16:16:07,54.18
4,2025-01-01 16:16:24,54.6
4,2025-01-01 16:16:52,54.71
4,2025-01-01 16:17:18,54.23
4,2025-01-01 16:17:33,55.22
4,2025-01-01 16:17:57,56.01
4,2025-01-01 16:18:24,55.45
4,2025-01-01 16:18:54,54.76
4,2025-01-01 16:19:05,55.15
4,2025-01-01 16:19:22,56.06
4,2025-01-01 16:19:42,55.63
4,2025-01-01 16:20:06,56.14
4,2025-01-01 16:20:16,55.38
4,2025-01-01 16:20:24,54.6
4,2025-01-01 16:20:32,55.08
4,2025-01-01 16:20:55,54.73
4,2025-01-01 16:21:24,55.55
4,2025-01-01 16:21:36,56.32
4,2025-01-01 16:21:59,57.0
4,2025-01-01 16:22:25,57.86
4,2025-01-01 16:22:31,58.35
4,2025-01-01 16:22:57,59.35
4,2025-01-01 16:23:13,59.47
4,2025-01-01 16:23:34,59.08
4,2025-01-01 16:23:53,58.59
4,2025-01-01 16:24:02,58.88
4,2025-01-01 16:24:31,58.41
4,2025-01-01 16:25:00,58.77
4,2025-01-01 16:25:28,59.03
4,2025-01-01 16:25:43,59.87
4,2025-01-01 16:26:06,59.95
4,2025-01-01 16:26:21,60.45
4,2025-01-01 16:26:40,59.5
4,2025-01-01 16:26:53,58.54
4,2025-01-01 16:27:13,57.62
4,2025-01-01 16:27:40,56.83
4,2025-01-01 16:27:46,57.26
4,2025-01-01 16:28:14,56.44
4,2025-01-01 16:28:38,56.57
4,2025-01-01 16:28:47,56.47
4,2025-01-01 16:28:59,55.6
4,2025-01-01 16:29:22,54.72
4,2025-01-01 16:29:39,55.25
4,2025-01-01 16:30:08,56.11
4,2025-01-01 16:30:24,55.71
4,2025-01-01 16:30:39,55.16
4,2025-01-01 16:30:52,55.61
4,2025-01-01 16:30:57,55.83
4,2025-01-01 16:31:19,55.08
4,2025-01-01 16:31:41,56.07
4,2025-01-01 16:32:10,55.18
4,2025-01-01 16:32:33,55.17
4,2025-01-01 16:33:02,55.42
4,2025-01-01 16:33:31,56.14
4,2025-01-01 16:33:55,55.22
4,2025-01-01 16:34:18,55.16
4,2025-01-01 16:34:48,54.57
4,2025-01-01 16:35:09,54.88
4,2025-01-01 16:35:14,55.39
4,2025-01-01 16:35:29,55.27
4,2025-01-01 16:35:59,54.31
4,2025-01-01 16:36:10,55.05
4,2025-01-01 16:36:15,54.81
4,2025-01-01 16:36:39,54.32
4,2025-01-01 16:37:03,55.28
4,2025-01-01 16:37:26,55.53
4,2025-01-01 16:37:47,55.13
4,2025-01-01 16:38:04,55.5
4,2025-01-01 16:38:34,54.84
4,2025-01-01 16:38:42,55.16
4,2025-01-01 16:38:52,55.51
4,2025-01-01 16:39:02,55.76
4,2025-01-01 16:39:29,56.24
4,2025-01-01 16:39:36,57.07
4,2025-01-01 16:39:57,56.51
4,2025-01-01 16:40:23,56.42
4,2025-01-01 16:40:29,57.12
4,2025-01-01 16:40:36,56.89
4,2025-01-01 16:40:41,57.48
4,2025-01-01 16:41:11,57.67
4,2025-01-01 16:41:32,57.54
4,2025-01-01 16:42:02,57.03
4,2025-01-01 16:42:26,56.23
4,2025-01-01 16:42:31,55.96
4,2025-01-01 16:42:57,55.08
4,2025-01-01 16:43:09,55.55
4,2025-01-01 16:43:36,55.89
4,2025-01-01 16:43:50,56.48
4,2025-01-01 16:44:14,56.72
4,2025-01-01 16:44:44,57.04
4,2025-01-01 16:44:59,56.89
4,2025-01-01 16:45:24,57.12
4,2025-01-01 16:45:53,57.14
4,2025-01-01 16:46:15,56.43
4,2025-01-01 16:46:41,55.55
4,2025-01-01 16:46:49,56.2
4,2025-01-01 16:47:07,56.94
4,2025-01-01 16:47:33,57.37
4,2025-01-01 16:47:42,57.79
4,2025-01-01 16:47:53,57.57
4,2025-01-01 16:48:08,58.49
4,2025-01-01 16:48:20,57.79
4,2025-01-01 16:48:33,57.62
4,2025-01-01 16:48:56,57.81
4,2025-01-01 16:49:03,58.64
4,2025-01-01 16:49:26,59.52
4,2025-01-01 16:49:43,60.01
4,2025-01-01 16:50:01,60.27
4,2025-01-01 16:50:22,60.27
4,2025-01-01 16:50:49,60.6
4,2025-01-01 16:51:01,60.56
4,2025-01-01 16:51:07,61.52
4,2025-01-01 16:51:31,62.38
4,2025-01-01 16:51:36,62.78
4,2025-01-01 16:51:46,61.93
4,2025-01-01 16:52:12,62.45
4,2025-01-01 16:52:34,62.23
4,2025-01-01 16:52:56,61.91
4,2025-01-01 16:53:02,61.04
4,2025-01-01 16:53:25,60.79
4,2025-01-01 16:53:30,60.57
4,2025-01-01 16:53:43,60.3
4,2025-01-01 16:53:59,60.64
4,2025-01-01 16:54:24,60.59
4,2025-01-01 16:54:43,59.59
4,2025-01-01 16:55:02,60.11
4,2025-01-01 16:55:10,60.13
4,2025-01-01 16:55:18,60.74
4,2025-01-01 16:55:24,60.0
4,2025-01-01 16:55:44,60.65
4,2025-01-01 16:56:13,60.47
4,2025-01-01 16:56:38,60.3
4,2025-01-01 16:56:46,59.87
4,2025-01-01 16:57:16,59.0
4,2025-01-01 16:57:44,58.63
4,2025-01-01 16:57:51,57.64
4,2025-01-01 16:58:14,57.67
4,2025-01-01 16:58:33,57.88
4,2025-01-01 16:58:59,57.41
4,2025-01-01 16:59:25,58.25
4,2025-01-01 16:59:55,58.48
4,2025-01-01 17:00:20,58.75
4,2025-01-01 17:00:45,59.39
4,2025-01-01 17:00:57,60.32
4,2025-01-01 17:01:10,59.65
4,2025-01-01 17:01:20,60.57
4,2025-01-01 17:01:34,61.01
4,2025-01-01 17:01:55,60.71
4,2025-01-01 17:02:24,60.25
4,2025-01-01 17:02:40,61.17
4,2025-01-01 17:02:54,61.67
4,2025-01-01 17:03:00,61.12
4,2025-01-01 17:03:17,61.03
4,2025-01-01 17:03:40,61.14
4,2025-01-01 17:04:09,60.79
4,2025-01-01 17:04:31,59.97
4,2025-01-01 17:04:54,60.72
4,2025-01-01 17:05:20,60.73
4,2025-01-01 17:05:31,60.11
4,2025-01-01 17:05:44,59.25
4,2025-01-01 17:05:49,59.6
4,2025-01-01 17:06:11,60.07
4,2025-01-01 17:06:21,60.04
4,2025-01-01 17:06:46,60.7
4,2025-01-01 17:06:54,60.13
4,2025-01-01 17:07:11,60.43
4,2025-01-01 17:07:35,59.98
4,2025-01-01 17:07:46,59.01
4,2025-01-01 17:07:51,59.0
4,2025-01-01 17:08:01,58.73
4,2025-01-01 17:08:11,59.56
4,2025-01-01 17:08:23,60.25
4,2025-01-01 17:08:48,60.45
4,2025-01-01 17:08:56,61.04
4,2025-01-01 17:09:07,61.69
4,2025-01-01 17:09:18,61.99
4,2025-01-01 17:09:44,61.77
4,2025-01-01 17:10:10,61.24
4,2025-01-01 17:10:33,61.25
4,2025-01-01 17:10:41,61.25
4,2025-01-01 17:10:53,60.48
4,2025-01-01 17:11:12,59.88
4,2025-01-01 17:11:24,59.15
4,2025-01-01 17:11:52,59.53
4,2025-01-01 17:12:12,59.75
4,2025-01-01 17:12:38,60.18
4,2025-01-01 17:13:00,60.35
4,2025-01-01 17:13:05,59.64
4,2025-01-01 17:13:17,58.74
4,2025-01-01 17:13:26,58.68
4,2025-01-01 17:13:38,58.83
4,2025-01-01 17:14:05,58.45
4,2025-01-01 17:14:22,57.6
4,2025-01-01 17:14:32,57.99
4,2025-01-01 17:14:56,57.3
4,2025-01-01 17:15:13,58.05
4,2025-01-01 17:15:24,57.65
4,2025-01-01 17:15:36,58.65
4,2025-01-01 17:16:03,58.04
4,2025-01-01 17:16:16,57.83
4,2025-01-01 17:16:45,57.12
4,2025-01-01 17:16:51,57.64
4,2025-01-01 17:17:14,57.01
4,2025-01-01 17:17:35,56.62
4,2025-01-01 17:17:53,55.94
4,2025-01-01 17:18:13,56.64
4,2025-01-01 17:18:33,56.93
4,2025-01-01 17:19:02,56.47
4,2025-01-01 17:19:20,56.34
4,2025-01-01 17:19:32,55.68
4,2025-01-01 17:19:43,56.28
4,2025-01-01 17:19:48,55.5
4,2025-01-01 17:20:01,56.29
4,2025-01-01 17:20:30,55.73
4,2025-01-01 17:20:52,56.62
4,2025-01-01 17:21:08,56.2
4,2025-01-01 17:21:16,56.86
4,2025-01-01 17:21:44,57.01
4,2025-01-01 17:22:00,57.6
4,2025-01-01 17:22:05,56.84
4,2025-01-01 17:22:14,56.24
4,2025-01-01 17:22:22,55.32
4,2025-01-01 17:22:32,54.98
4,2025-01-01 17:23:01,54.53
4,2025-01-01 17:23:28,54.78
4,2025-01-01 17:23:46,55.24
4,2025-01-01 17:24:11,55.42
4,2025-01-01 17:24:24,55.66
4,2025-01-01 17:24:54,54.72
4,2025-01-01 17:25:02,54.07
4,2025-01-01 17:25:07,53.79
4,2025-01-01 17:25:27,53.04
4,2025-01-01 17:25:54,53.69
4,2025-01-01 17:26:22,52.79
4,2025-01-01 17:26:34,52.96
4,2025-01-01 17:27:03,53.43
4,2025-01-01 17:27:28,53.27
4,2025-01-01 17:27:36,52.93
4,2025-01-01 17:28:00,52.8
4,2025-01-01 17:28:16,53.57
4,2025-01-01 17:28:34,52.77
4,2025-01-01 17:28:55,52.49
4,2025-01-01 17:29:02,52.3
4,2025-01-01 17:29:26,52.08
4,2025-01-01 17:29:47,51.35
4,2025-01-01 17:29:55,50.79
4,2025-01-01 17:30:24,50.87
4,2025-01-01 17:30:30,51.39
4,2025-01-01 17:30:43,51.29
4,2025-01-01 17:31:12,51.0
4,2025-01-01 17:31:30,50.59
4,2025-01-01 17:31:52,50.39
4,2025-01-01 17:31:57,50.82
4,2025-01-01 17:32:13,51.78
4,2025-01-01 17:32:36,51.74
4,2025-01-01 17:32:42,51.0
4,2025-01-01 17:32:55,50.94
4,2025-01-01 17:33:01,51.76
4,2025-01-01 17:33:23,51.78
4,2025-01-01 17:33:50,52.01
4,2025-01-01 17:34:14,51.68
4,2025-01-01 17:34:26,51.08
4,2025-01-01 17:34:33,51.13
4,2025-01-01 17:34:59,50.31
4,2025-01-01 17:35:09,49.77
4,2025-01-01 17:35:28,49.06
4,2025-01-01 17:35:41,49.34
4,2025-01-01 17:35:47,48.44
4,2025-01-01 17:36:02,49.07
4,2025-01-01 17:36:21,49.82
4,2025-01-01 17:36:29,50.39
4,2025-01-01 17:36:35,49.65
4,2025-01-01 17:36:43,49.58
4,2025-01-01 17:37:13,48.59
4,2025-01-01 17:37:27,48.6
4,2025-01-01 17:37:43,49.41
4,2025-01-01 17:37:51,48.95
4,2025-01-01 17:38:20,49.04
4,2025-01-01 17:38:38,48.56
4,2025-01-01 17:38:58,48.89
4,2025-01-01 17:39:20,48.55
4,2025-01-01 17:39:47,49.49
4,2025-01-01 17:39:57,49.88
4,2025-01-01 17:40:14,49.08
4,2025-01-01 17:40:24,49.78
4,2025-01-01 17:40:38,49.23
4,2025-01-01 17:40:56,48.26
4,2025-01-01 17:41:23,49.11
4,2025-01-01 17:41:38,50.01
4,2025-01-01 17:41:54,49.32
4,2025-01-01 17:42:06,50.11
4,2025-01-01 17:42:12,49.63
4,2025-01-01 17:42:22,49.56
4,2025-01-01 17:42:48,49.11
4,2025-01-01 17:42:59,49.19
4,2025-01-01 17:43:15,49.32
4,2025-01-01 17:43:31,48.67
4,2025-01-01 17:43:50,47.72
4,2025-01-01 17:43:56,47.79
4,2025-01-01 17:44:24,47.97
4,2025-01-01 17:44:42,48.76
4,2025-01-01 17:44:57,48.57
4,2025-01-01 17:45:05,49.34
4,2025-01-01 17:45:11,48.52
4,2025-01-01 17:45:27,47.88
4,2025-01-01 17:45:36,48.21
4,2025-01-01 17:45:52,48.5
4,2025-01-01 17:46:07,48.94
4,2025-01-01 17:46:21,49.4
4,2025-01-01 17:46:49,50.09
4,2025-01-01 17:47:16,49.5
4,2025-01-01 17:47:23,50.04
4,2025-01-01 17:47:32,49.05
4,2025-01-01 17:47:52,49.67
4,2025-01-01 17:48:09,48.94
4,2025-01-01 17:48:27,48.49
4,2025-01-01 17:48:36,48.2
4,2025-01-01 17:48:57,48.62
4,2025-01-01 17:49:21,48.43
4,2025-01-01 17:49:34,49.07
4,2025-01-01 17:49:51,48.39
4,2025-01-01 17:50:13,47.99
4,2025-01-01 17:50:35,48.26
4,2025-01-01 17:50:45,48.96
4,2025-01-01 17:51:06,48.69
4,2025-01-01 17:51:20,48.65
4,2025-01-01 17:51:37,49.51
4,2025-01-01 17:52:00,48.87
4,2025-01-01 17:52:14,48.36
4,2025-01-01 17:52:24,48.6
4,2025-01-01 17:52:49,49.17
4,2025-01-01 17:53:01,48.18
4,2025-01-01 17:53:20,48.8
4,2025-01-01 17:53:45,48.37
4,2025-01-01 17:53:56,48.79
4,2025-01-01 17:54:22,49.31
4,2025-01-01 17:54:50,49.91
4,2025-01-01 17:55:08,50.12
4,2025-01-01 17:55:29,49.13
4,2025-01-01 17:55:45,48.61
4,2025-01-01 17:56:13,49.44
4,2025-01-01 17:56:28,48.55
4,2025-01-01 17:56:52,47.65
4,2025-01-01 17:57:08,48.29
4,2025-01-01 17:57:22,47.39
4,2025-01-01 17:57:35,46.83
4,2025-01-01 17:58:05,46.84
4,2025-01-01 17:58:16,46.05
4,2025-01-01 17:58:41,45.79
4,2025-01-01 17:58:46,44.95
4,2025-01-01 17:59:07,44.05
4,2025-01-01 17:59:23,43.85
4,2025-01-01 17:59:36,42.99
4,2025-01-01 18:00:01,43.05
4,2025-01-01 18:00:09,43.99
4,2025-01-01 18:00:28,44.72
4,2025-01-01 18:00:43,44.67
4,2025-01-01 18:01:02,43.8
4,2025-01-01 18:01:18,43.12
4,2025-01-01 18:01:32,42.4
4,2025-01-01 18:01:45,43.27
4,2025-01-01 18:01:50,43.63
4,2025-01-01 18:02:12,43.8
4,2025-01-01 18:02:20,43.8
4,2025-01-01 18:02:46,43.24
4,2025-01-01 18:03:12,43.24
4,2025-01-01 18:03:31,43.31
4,2025-01-01 18:03:57,43.0
4,2025-01-01 18:04:24,42.15
4,2025-01-01 18:04:44,41.86
4,2025-01-01 18:05:05,41.81
4,2025-01-01 18:05:17,42.61
4,2025-01-01 18:05:22,42.64
4,2025-01-01 18:05:31,43.22
4,2025-01-01 18:05:49,42.51
4,2025-01-01 18:06:13,42.4
4,2025-01-01 18:06:19,41.53
4,2025-01-01 18:06:36,40.63
4,2025-01-01 18:06:47,41.16
4,2025-01-01 18:06:59,41.39
4,2025-01-01 18:07:13,41.59
4,2025-01-01 18:07:30,42.33
4,2025-01-01 18:07:53,42.28
4,2025-01-01 18:08:16,41.51
4,2025-01-01 18:08:37,41.94
4,2025-01-01 18:08:53,41.42
4,2025-01-01 18:08:59,41.96
4,2025-01-01 18:09:20,42.47
4,2025-01-01 18:09:41,42.41
4,2025-01-01 18:09:55,41.84
4,2025-01-01 18:10:11,41.28
4,2025-01-01 18:10:17,40.72
4,2025-01-01 18:10:32,41.21
4,2025-01-01 18:10:37,41.57
4,2025-01-01 18:11:03,42.5
4,2025-01-01 18:11:30,41.84
4,2025-01-01 18:11:49,42.32
4,2025-01-01 18:11:54,41.4
4,2025-01-01 18:12:07,41.29
4,2025-01-01 18:12:17,40.75
4,2025-01-01 18:12:42,41.34
4,2025-01-01 18:12:49,40.67
4,2025-01-01 18:12:56,40.64
4,2025-01-01 18:13:04,40.89
4,2025-01-01 18:13:15,40.97
4,2025-01-01 18:13:30,40.96
4,2025-01-01 18:13:55,41.31
4,2025-01-01 18:14:15,40.88
4,2025-01-01 18:14:36,41.09
4,2025-01-01 18:14:45,40.1
4,2025-01-01 18:15:14,40.79
4,2025-01-01 18:15:31,40.17
4,2025-01-01 18:15:56,40.7
4,2025-01-01 18:16:05,41.31
4,2025-01-01 18:16:12,40.45
4,2025-01-01 18:16:26,39.48
4,2025-01-01 18:16:43,40.43
4,2025-01-01 18:17:05,41.11
4,2025-01-01 18:17:12,40.35
4,2025-01-01 18:17:27,40.79
4,2025-01-01 18:17:36,41.11
4,2025-01-01 18:18:06,41.38
4,2025-01-01 18:18:25,41.39
4,2025-01-01 18:18:34,41.57
4,2025-01-01 18:18:55,42.52
4,2025-01-01 18:19:23,42.59
4,2025-01-01 18:19:29,43.09
4,2025-01-01 18:19:43,42.65
4,2025-01-01 18:19:55,43.5
4,2025-01-01 18:20:07,42.64
4,2025-01-01 18:20:16,42.27
4,2025-01-01 18:20:28,43.08
4,2025-01-01 18:20:34,42.15
4,2025-01-01 18:20:46,42.74
4,2025-01-01 18:21:01,43.03
4,2025-01-01 18:21:19,42.99
4,2025-01-01 18:21:29,43.06
4,2025-01-01 18:21:41,43.85
4,2025-01-01 18:21:49,42.96
4,2025-01-01 18:22:18,43.49
4,2025-01-01 18:22:23,43.07
4,2025-01-01 18:22:42,42.49
4,2025-01-01 18:22:58,41.88
4,2025-01-01 18:23:08,41.82
4,2025-01-01 18:23:16,41.19
4,2025-01-01 18:23:35,40.75
4,2025-01-01 18:24:00,39.98
4,2025-01-01 18:24:09,39.96
4,2025-01-01 18:24:18,39.46
4,2025-01-01 18:24:44,39.97
4,2025-01-01 18:25:13,39.29
4,2025-01-01 18:25:36,39.35
4,2025-01-01 18:25:53,38.49
4,2025-01-01 18:26:08,38.71
4,2025-01-01 18:26:35,37.81
4,2025-01-01 18:26:51,37.38
4,2025-01-01 18:27:00,36.45
4,2025-01-01 18:27:15,35.62
4,2025-01-01 18:27:44,35.46
4,2025-01-01 18:28:06,36.33
4,2025-01-01 18:28:17,36.26
4,2025-01-01 18:28:35,37.09
4,2025-01-01 18:29:05,37.54
4,2025-01-01 18:29:30,37.74
4,2025-01-01 18:30:00,38.67
4,2025-01-01 18:30:19,38.59
4,2025-01-01 18:30:38,38.0
4,2025-01-01 18:31:01,37.33
4,2025-01-01 18:31:14,36.52
4,2025-01-01 18:31:31,37.52
4,2025-01-01 18:31:55,37.91
4,2025-01-01 18:32:07,38.43
4,2025-01-01 18:32:23,38.88
4,2025-01-01 18:32:34,38.89
4,2025-01-01 18:32:45,39.83
4,2025-01-01 18:33:07,40.71
4,2025-01-01 18:33:18,41.52
4,2025-01-01 18:33:35,40.85
4,2025-01-01 18:33:58,40.72
4,2025-01-01 18:34:03,41.56
4,2025-01-01 18:34:10,42.14
4,2025-01-01 18:34:24,43.02
4,2025-01-01 18:34:54,42.26
4,2025-01-01 18:35:22,42.83
4,2025-01-01 18:35:45,43.23
4,2025-01-01 18:36:01,43.74
4,2025-01-01 18:36:21,43.65
4,2025-01-01 18:36:28,44.18
4,2025-01-01 18:36:49,44.06
4,2025-01-01 18:37:13,44.97
4,2025-01-01 18:37:37,45.49
4,2025-01-01 18:38:06,45.58
4,2025-01-01 18:38:27,45.15
4,2025-01-01 18:38:46,44.62
4,2025-01-01 18:39:09,45.42
4,2025-01-01 18:39:38,45.38
4,2025-01-01 18:39:52,45.37
4,2025-01-01 18:40:20,46.33
4,2025-01-01 18:40:27,45.76
4,2025-01-01 18:40:33,46.63
4,2025-01-01 18:40:41,46.31
4,2025-01-01 18:41:10,46.43
4,2025-01-01 18:41:40,47.0
4,2025-01-01 18:42:03,46.3
4,2025-01-01 18:42:24,47.26
4,2025-01-01 18:42:38,47.82
4,2025-01-01 18:43:03,48.73
4,2025-01-01 18:43:18,47.75
4,2025-01-01 18:43:45,47.07
4,2025-01-01 18:44:05,46.28
4,2025-01-01 18:44:30,47.04
4,2025-01-01 18:44:51,47.2
4,2025-01-01 18:45:11,47.03
4,2025-01-01 18:45:35,46.54
4,2025-01-01 18:45:42,45.81
4,2025-01-01 18:46:01,45.13
4,2025-01-01 18:46:20,45.16
4,2025-01-01 18:46:26,45.31
4,2025-01-01 18:46:34,45.3
4,2025-01-01 18:46:53,44.77
4,2025-01-01 18:46:59,44.64
4,2025-01-01 18:47:10,45.47
4,2025-01-01 18:47:16,45.06
4,2025-01-01 18:47:31,44.73
4,2025-01-01 18:47:42,44.5
4,2025-01-01 18:47:48,45.32
4,2025-01-01 18:48:13,45.03
4,2025-01-01 18:48:20,44.8
4,2025-01-01 18:48:38,45.57
4,2025-01-01 18:48:59,46.27
4,2025-01-01 18:49:06,46.13
4,2025-01-01 18:49:27,45.96
4,2025-01-01 18:49:41,45.8
4,2025-01-01 18:50:00,46.2
4,2025-01-01 18:50:20,46.53
4,2025-01-01 18:50:28,45.89
4,2025-01-01 18:50:50,46.66
4,2025-01-01 18:50:58,47.41
4,2025-01-01 18:51:06,48.06
4,2025-01-01 18:51:26,48.68
4,2025-01-01 18:51:40,49.49
4,2025-01-01 18:51:57,49.77
4,2025-01-01 18:52:24,48.81
4,2025-01-01 18:52:35,48.75
4,2025-01-01 18:52:54,48.03
4,2025-01-01 18:53:05,47.11
4,2025-01-01 18:53:34,47.81
4,2025-01-01 18:53:45,48.49
4,2025-01-01 18:53:54,49.25
4,2025-01-01 18:54:10,49.31
4,2025-01-01 18:54:21,49.89
4,2025-01-01 18:54:26,49.15
4,2025-01-01 18:54:52,49.36
4,2025-01-01 18:55:17,48.81
4,2025-01-01 18:55:40,48.49
4,2025-01-01 18:55:54,48.13
4,2025-01-01 18:56:08,47.97
4,2025-01-01 18:56:26,48.31
4,2025-01-01 18:56:43,48.7
4,2025-01-01 18:57:13,49.04
4,2025-01-01 18:57:19,49.96
4,2025-01-01 18:57:29,50.48
4,2025-01-01 18:57:55,51.18
4,2025-01-01 18:58:04,50.71
4,2025-01-01 18:58:31,50.76
4,2025-01-01 18:58:52,50.26
4,2025-01-01 18:59:18,49.49
4,2025-01-01 18:59:33,50.2
4,2025-01-01 18:59:51,49.72
4,2025-01-01 19:00:18,50.57
4,2025-01-01 19:00:35,50.43
4,2025-01-01 19:01:02,51.19
4,2025-01-01 19:01:28,50.85
4,2025-01-01 19:01:46,50.44
4,2025-01-01 19:02:03,49.86
4,2025-01-01 19:02:14,49.63
4,2025-01-01 19:02:24,49.63
4,2025-01-01 19:02:49,49.71
4,2025-01-01 19:03:12,49.03
4,2025-01-01 19:03:30,48.37
4,2025-01-01 19:03:39,47.68
4,2025-01-01 19:03:45,48.67
4,2025-01-01 19:03:58,48.2
4,2025-01-01 19:04:24,48.27
4,2025-01-01 19:04:35,47.64
4,2025-01-01 19:04:44,48.37
4,2025-01-01 19:05:03,48.43
4,2025-01-01 19:05:32,48.09
4,2025-01-01 19:05:39,47.57
4,2025-01-01 19:05:56,48.37
4,2025-01-01 19:06:11,48.63
4,2025-01-01 19:06:39,48.15
4,2025-01-01 19:06:54,49.13
4,2025-01-01 19:07:12,49.66
4,2025-01-01 19:07:18,49.81
4,2025-01-01 19:07:45,49.4
4,2025-01-01 19:08:06,50.25
4,2025-01-01 19:08:30,50.61
4,2025-01-01 19:08:56,51.34
4,2025-01-01 19:09:16,52.26
4,2025-01-01 19:09:25,52.54
4,2025-01-01 19:09:40,52.62
4,2025-01-01 19:09:51,52.66
4,2025-01-01 19:09:58,52.02
4,2025-01-01 19:10:03,51.74
4,2025-01-01 19:10:15,52.02
4,2025-01-01 19:10:24,52.3
4,2025-01-01 19:10:48,52.82
4,2025-01-01 19:10:57,52.53
4,2025-01-01 19:11:12,53.49
4,2025-01-01 19:11:39,53.17
4,2025-01-01 19:11:45,53.71
4,2025-01-01 19:11:59,53.69
4,2025-01-01 19:12:14,54.0
4,2025-01-01 19:12:43,54.01
4,2025-01-01 19:13:05,53.87
4,2025-01-01 19:13:22,53.18
4,2025-01-01 19:13:45,53.18
4,2025-01-01 19:13:55,53.29
4,2025-01-01 19:14:14,53.78
4,2025-01-01 19:14:23,54.74
4,2025-01-01 19:14:33,54.05
4,2025-01-01 19:14:50,53.38
4,2025-01-01 19:15:15,53.13
4,2025-01-01 19:15:23,53.08
4,2025-01-01 19:15:42,53.58
4,2025-01-01 19:15:56,53.95
4,2025-01-01 19:16:22,53.31
4,2025-01-01 19:16:42,53.79
4,2025-01-01 19:16:58,54.21
4,2025-01-01 19:17:18,55.18
4,2025-01-01 19:17:32,55.9
4,2025-01-01 19:17:53,55.53
4,2025-01-01 19:18:09,55.41
4,2025-01-01 19:18:28,55.01
4,2025-01-01 19:18:55,54.24
4,2025-01-01 19:19:05,54.21
4,2025-01-01 19:19:28,53.83
4,2025-01-01 19:19:58,54.81
4,2025-01-01 19:20:15,54.14
4,2025-01-01 19:20:33,53.19
4,2025-01-01 19:20:44,54.01
4,2025-01-01 19:20:51,53.84
4,2025-01-01 19:21:13,53.24
4,2025-01-01 19:21:29,54.17
4,2025-01-01 19:21:34,54.61
4,2025-01-01 19:21:50,54.24
4,2025-01-01 19:22:12,54.57
4,2025-01-01 19:22:27,54.47
4,2025-01-01 19:22:47,54.39
4,2025-01-01 19:22:53,54.5
4,2025-01-01 19:23:09,53.58
4,2025-01-01 19:23:27,52.92
4,2025-01-01 19:23:34,52.28
4,2025-01-01 19:24:01,52.84
4,2025-01-01 19:24:09,52.31
4,2025-01-01 19:24:38,52.74
4,2025-01-01 19:25:01,52.14
4,2025-01-01 19:25:11,52.36
4,2025-01-01 19:25:18,51.59
4,2025-01-01 19:25:40,50.75
4,2025-01-01 19:25:49,49.97
4,2025-01-01 19:26:00,50.45
4,2025-01-01 19:26:12,50.02
4,2025-01-01 19:26:30,50.61
4,2025-01-01 19:26:58,49.92
4,2025-01-01 19:27:25,50.69
4,2025-01-01 19:27:40,50.52
4,2025-01-01 19:27:56,49.75
4,2025-01-01 19:28:15,49.75
4,2025-01-01 19:28:40,49.04
4,2025-01-01 19:28:47,48.69
4,2025-01-01 19:29:10,48.38
4,2025-01-01 19:29:18,47.55
4,2025-01-01 19:29:37,47.58
4,2025-01-01 19:29:57,46.62
4,2025-01-01 19:30:12,46.61
4,2025-01-01 19:30:40,47.16
4,2025-01-01 19:30:46,47.41
4,2025-01-01 19:31:06,46.57
4,2025-01-01 19:31:27,46.87
4,2025-01-01 19:31:52,46.88
4,2025-01-01 19:32:09,46.15
4,2025-01-01 19:32:17,46.84
4,2025-01-01 19:32:26,46.7
4,2025-01-01 19:32:50,45.88
4,2025-01-01 19:33:00,46.32
4,2025-01-01 19:33:16,46.38
4,2025-01-01 19:33:25,46.53
4,2025-01-01 19:33:53,47.19
4,2025-01-01 19:34:10,46.73
4,2025-01-01 19:34:16,47.14
4,2025-01-01 19:34:38,46.58
4,2025-01-01 19:34:53,45.99
4,2025-01-01 19:35:17,45.26
4,2025-01-01 19:35:38,45.32
4,2025-01-01 19:35:57,46.15
4,2025-01-01 19:36:20,45.68
4,2025-01-01 19:36:44,44.87
4,2025-01-01 19:37:02,45.79
4,2025-01-01 19:37:08,44.91
4,2025-01-01 19:37:38,44.17
4,2025-01-01 19:37:47,44.06
4,2025-01-01 19:38:05,44.41
4,2025-01-01 19:38:29,44.57
4,2025-01-01 19:38:55,43.72
4,2025-01-01 19:39:05,44.52
4,2025-01-01 19:39:16,44.83
4,2025-01-01 19:39:39,45.44
4,2025-01-01 19:40:00,44.8
4,2025-01-01 19:40:25,44.53
4,2025-01-01 19:40:54,43.64
4,2025-01-01 19:41:02,44.15
4,2025-01-01 19:41:13,43.93
4,2025-01-01 19:41:21,44.88
4,2025-01-01 19:41:27,45.5
4,2025-01-01 19:41:47,45.3
4,2025-01-01 19:42:02,44.39
4,2025-01-01 19:42:16,45.04
4,2025-01-01 19:42:31,45.74
4,2025-01-01 19:42:49,46.52
4,2025-01-01 19:43:03,47.44
4,2025-01-01 19:43:21,47.0
4,2025-01-01 19:43:30,47.73
4,2025-01-01 19:43:53,47.46
4,2025-01-01 19:44:14,48.4
4,2025-01-01 19:44:29,48.8
4,2025-01-01 19:44:51,48.89
4,2025-01-01 19:45:20,48.62
4,2025-01-01 19:45:30,49.23
4,2025-01-01 19:45:42,48.64
4,2025-01-01 19:45:58,48.75
4,2025-01-01 19:46:28,49.4
4,2025-01-01 19:46:37,49.48
4,2025-01-01 19:46:57,49.61
4,2025-01-01 19:47:24,49.35
4,2025-01-01 19:47:48,48.79
4,2025-01-01 19:48:09,49.52
4,2025-01-01 19:48:20,49.71
4,2025-01-01 19:48:36,50.58
4,2025-01-01 19:48:45,49.85
4,2025-01-01 19:48:50,50.49
4,2025-01-01 19:49:12,51.05
4,2025-01-01 19:49:19,51.85
4,2025-01-01 19:49:30,51.42
4,2025-01-01 19:49:37,51.83
4,2025-01-01 19:50:04,52.72
4,2025-01-01 19:50:23,53.12
4,2025-01-01 19:50:48,52.69
4,2025-01-01 19:51:02,53.05
4,2025-01-01 19:51:13,53.99
4,2025-01-01 19:51:26,53.12
4,2025-01-01 19:51:33,52.27
4,2025-01-01 19:51:51,51.5
4,2025-01-01 19:52:05,51.01
4,2025-01-01 19:52:26,51.89
4,2025-01-01 19:52:36,51.42
4,2025-01-01 19:52:41,51.86
4,2025-01-01 19:53:03,52.67
4,2025-01-01 19:53:17,51.81
4,2025-01-01 19:53:38,51.88
4,2025-01-01 19:53:48,51.03
4,2025-01-01 19:54:04,51.47
4,2025-01-01 19:54:33,52.38
4,2025-01-01 19:55:03,52.15
4,2025-01-01 19:55:32,51.23
4,2025-01-01 19:55:44,51.3
4,2025-01-01 19:56:01,52.14
4,2025-01-01 19:56:16,51.38
4,2025-01-01 19:56:37,51.77
4,2025-01-01 19:56:55,51.77
4,2025-01-01 19:57:15,52.21
4,2025-01-01 19:57:37,53.21
4,2025-01-01 19:58:07,53.18
4,2025-01-01 19:58:18,52.34
4,2025-01-01 19:58:35,52.17
4,2025-01-01 19:59:00,51.95
4,2025-01-01 19:59:08,52.15
4,2025-01-01 19:59:36,52.75
4,2025-01-01 19:59:41,52.24
4,2025-01-01 19:59:52,53.08
4,2025-01-01 20:00:16,52.31
4,2025-01-01 20:00:41,53.29
4,2025-01-01 20:00:51,53.23
4,2025-01-01 20:01:13,53.9
4,2025-01-01 20:01:21,54.34
4,2025-01-01 20:01:34,53.99
4,2025-01-01 20:01:39,54.98
4,2025-01-01 20:01:46,55.72
4,2025-01-01 20:02:03,55.76
4,2025-01-01 20:02:15,56.06
4,2025-01-01 20:02:34,55.9
4,2025-01-01 20:03:04,56.74
4,2025-01-01 20:03:11,56.11
4,2025-01-01 20:03:31,55.49
4,2025-01-01 20:04:01,56.49
4,2025-01-01 20:04:30,56.51
4,2025-01-01 20:04:40,56.5
4,2025-01-01 20:04:45,56.21
4,2025-01-01 20:05:12,55.68
4,2025-01-01 20:05:24,55.5
4,2025-01-01 20:05:31,56.11
4,2025-01-01 20:05:53,55.79
4,2025-01-01 20:06:21,54.88
4,2025-01-01 20:06:42,54.21
4,2025-01-01 20:07:00,53.59
4,2025-01-01 20:07:05,53.67
4,2025-01-01 20:07:18,53.98
4,2025-01-01 20:07:26,54.84
4,2025-01-01 20:07:35,54.18
4,2025-01-01 20:07:46,54.98
4,2025-01-01 20:08:12,54.86
4,2025-01-01 20:08:24,55.55
4,2025-01-01 20:08:33,54.73
4,2025-01-01 20:08:49,54.51
4,2025-01-01 20:09:12,53.83
4,2025-01-01 20:09:41,53.25
4,2025-01-01 20:10:08,52.87
4,2025-01-01 20:10:19,53.65
4,2025-01-01 20:10:26,52.98
4,2025-01-01 20:10:47,53.45
4,2025-01-01 20:11:06,53.72
4,2025-01-01 20:11:14,53.71
4,2025-01-01 20:11:28,54.47
4,2025-01-01 20:11:39,55.33
4,2025-01-01 20:11:55,55.56
4,2025-01-01 20:12:02,56.53
4,2025-01-01 20:12:16,55.91
4,2025-01-01 20:12:39,55.27
4,2025-01-01 20:13:05,54.49
4,2025-01-01 20:13:29,55.49
4,2025-01-01 20:13:39,55.5
4,2025-01-01 20:14:05,54.58
4,2025-01-01 20:14:31,55.56
4,2025-01-01 20:15:01,55.01
4,2025-01-01 20:15:31,55.07
4,2025-01-01 20:15:49,55.59
4,2025-01-01 20:16:06,56.48
4,2025-01-01 20:16:33,57.11
4,2025-01-01 20:16:50,56.45
4,2025-01-01 20:16:56,55.96
4,2025-01-01 20:17:02,55.37
4,2025-01-01 20:17:21,55.16
4,2025-01-01 20:17:45,54.6
4,2025-01-01 20:18:03,54.03
4,2025-01-01 20:18:08,53.21
4,2025-01-01 20:18:24,53.8
4,2025-01-01 20:18:31,53.63
4,2025-01-01 20:19:01,52.96
4,2025-01-01 20:19:19,53.03
4,2025-01-01 20:19:27,53.38
4,2025-01-01 20:19:33,52.85
4,2025-01-01 20:19:48,53.07
4,2025-01-01 20:20:10,53.08
4,2025-01-01 20:20:16,53.15
4,2025-01-01 20:20:27,52.81
4,2025-01-01 20:20:36,53.37
4,2025-01-01 20:20:51,53.24
4,2025-01-01 20:21:00,53.48
4,2025-01-01 20:21:06,52.61
4,2025-01-01 20:21:30,51.93
4,2025-01-01 20:21:41,51.45
4,2025-01-01 20:21:46,51.98
4,2025-01-01 20:22:10,51.45
4,2025-01-01 20:22:34,51.93
4,2025-01-01 20:22:55,52.4
4,2025-01-01 20:23:16,52.1
4,2025-01-01 20:23:38,52.71
4,2025-01-01 20:23:44,52.9
4,2025-01-01 20:23:59,53.01
4,2025-01-01 20:24:28,52.66
4,2025-01-01 20:24:43,52.94
4,2025-01-01 20:25:11,51.97
4,2025-01-01 20:25:23,52.58
4,2025-01-01 20:25:48,53.02
4,2025-01-01 20:26:07,53.04
4,2025-01-01 20:26:19,52.17
4,2025-01-01 20:26:46,51.17
4,2025-01-01 20:27:05,51.85
4,2025-01-01 20:27:30,52.27
4,2025-01-01 20:27:51,52.06
4,2025-01-01 20:28:03,52.29
4,2025-01-01 20:28:31,51.74
4,2025-01-01 20:28:41,51.96
4,2025-01-01 20:29:07,51.14
4,2025-01-01 20:29:29,52.11
4,2025-01-01 20:29:43,52.1
4,2025-01-01 20:30:06,51.59
4,2025-01-01 20:30:27,50.72
4,2025-01-01 20:30:39,51.12
4,2025-01-01 20:31:06,50.66
4,2025-01-01 20:31:19,50.8
4,2025-01-01 20:31:42,50.96
4,2025-01-01 20:32:11,51.08
4,2025-01-01 20:32:22,51.28
4,2025-01-01 20:32:30,51.55
4,2025-01-01 20:32:58,51.18
4,2025-01-01 20:33:05,51.82
4,2025-01-01 20:33:26,51.14
4,2025-01-01 20:33:56,50.21
4,2025-01-01 20:34:21,51.11
4,2025-01-01 20:34:43,52.08
4,2025-01-01 20:35:12,52.98
4,2025-01-01 20:35:42,52.67
4,2025-01-01 20:35:55,52.95
4,2025-01-01 20:36:02,53.71
4,2025-01-01 20:36:23,54.23
4,2025-01-01 20:36:35,53.98
4,2025-01-01 20:36:48,53.71
4,2025-01-01 20:37:13,54.19
4,2025-01-01 20:37:43,54.88
4,2025-01-01 20:38:09,54.06
4,2025-01-01 20:38:27,54.53
4,2025-01-01 20:38:41,53.72
4,2025-01-01 20:38:53,53.06
4,2025-01-01 20:38:59,52.49
4,2025-01-01 20:39:06,52.58
4,2025-01-01 20:39:13,52.5
4,2025-01-01 20:39:22,53.04
4,2025-01-01 20:39:41,52.52
4,2025-01-01 20:39:47,52.93
4,2025-01-01 20:40:10,53.04
4,2025-01-01 20:40:40,52.11
4,2025-01-01 20:40:56,51.86
4,2025-01-01 20:41:19,51.63
4,2025-01-01 20:41:48,51.05
4,2025-01-01 20:42:07,51.49
4,2025-01-01 20:42:32,52.32
4,2025-01-01 20:43:00,52.42
4,2025-01-01 20:43:09,52.38
4,2025-01-01 20:43:38,51.61
4,2025-01-01 20:44:01,50.66
4,2025-01-01 20:44:31,49.73
4,2025-01-01 20:44:41,48.81
4,2025-01-01 20:45:04,48.55
4,2025-01-01 20:45:22,47.57
4,2025-01-01 20:45:46,46.97
4,2025-01-01 20:46:08,47.59
4,2025-01-01 20:46:23,47.17
4,2025-01-01 20:46:40,46.35
4,2025-01-01 20:46:50,45.7
4,2025-01-01 20:46:58,46.22
4,2025-01-01 20:47:26,46.49
4,2025-01-01 20:47:51,47.0
4,2025-01-01 20:48:19,47.11
4,2025-01-01 20:48:27,46.76
4,2025-01-01 20:48:45,46.17
4,2025-01-01 20:48:59,45.62
4,2025-01-01 20:49:23,46.29
4,2025-01-01 20:49:31,45.43
4,2025-01-01 20:49:43,45.84
4,2025-01-01 20:50:05,46.23
4,2025-01-01 20:50:10,47.06
4,2025-01-01 20:50:30,46.35
4,2025-01-01 20:50:53,46.71
4,2025-01-01 20:51:13,46.91
4,2025-01-01 20:51:20,45.96
4,2025-01-01 20:51:30,46.51
4,2025-01-01 20:51:40,46.09
4,2025-01-01 20:51:45,45.37
4,2025-01-01 20:52:04,46.29
4,2025-01-01 20:52:10,47.08
4,2025-01-01 20:52:24,46.36
4,2025-01-01 20:52:35,47.17
4,2025-01-01 20:52:48,47.89
4,2025-01-01 20:53:01,48.88
4,2025-01-01 20:53:26,49.69
4,2025-01-01 20:53:52,48.87
4,2025-01-01 20:54:09,48.62
4,2025-01-01 20:54:30,48.86
4,2025-01-01 20:55:00,49.01
4,2025-01-01 20:55:18,49.51
4,2025-01-01 20:55:26,49.57
4,2025-01-01 20:55:36,48.71
4,2025-01-01 20:55:44,47.93
4,2025-01-01 20:56:06,46.97
4,2025-01-01 20:56:14,47.23
4,2025-01-01 20:56:21,46.98
4,2025-01-01 20:56:39,46.81
4,2025-01-01 20:56:56,47.45
4,2025-01-01 20:57:20,47.15
4,2025-01-01 20:57:26,47.01
4,2025-01-01 20:57:37,47.63
4,2025-01-01 20:57:48,48.26
4,2025-01-01 20:58:01,49.16
4,2025-01-01 20:58:13,49.22
4,2025-01-01 20:58:29,49.39
4,2025-01-01 20:58:58,49.6
4,2025-01-01 20:59:26,49.07
4,2025-01-01 20:59:32,49.68
4,2025-01-01 20:59:56,48.83
4,2025-01-01 21:00:07,48.69
4,2025-01-01 21:00:14,48.8
4,2025-01-01 21:00:40,49.63
4,2025-01-01 21:01:09,49.18
4,2025-01-01 21:01:23,48.25
4,2025-01-01 21:01:43,49.23
4,2025-01-01 21:01:52,49.98
4,2025-01-01 21:02:08,49.4
4,2025-01-01 21:02:30,48.89
4,2025-01-01 21:02:46,47.94
4,2025-01-01 21:03:01,48.4
4,2025-01-01 21:03:06,48.63
4,2025-01-01 21:03:29,48.65
4,2025-01-01 21:03:38,47.93
4,2025-01-01 21:04:07,48.85
4,2025-01-01 21:04:21,49.44
4,2025-01-01 21:04:35,49.59
4,2025-01-01 21:04:59,49.9
4,2025-01-01 21:05:27,50.34
4,2025-01-01 21:05:36,50.62
4,2025-01-01 21:06:06,51.25
4,2025-01-01 21:06:13,51.82
4,2025-01-01 21:06:37,51.37
4,2025-01-01 21:06:53,51.79
4,2025-01-01 21:07:08,51.26
4,2025-01-01 21:07:34,51.41
4,2025-01-01 21:08:03,52.0
4,2025-01-01 21:08:15,51.5
4,2025-01-01 21:08:28,52.13
4,2025-01-01 21:08:33,51.94
4,2025-01-01 21:08:58,52.1
4,2025-01-01 21:09:22,51.85
4,2025-01-01 21:09:50,52.1
4,2025-01-01 21:10:18,51.55
4,2025-01-01 21:10:29,52.35
4,2025-01-01 21:10:35,52.4
4,2025-01-01 21:10:58,52.53
4,2025-01-01 21:11:04,52.49
4,2025-01-01 21:11:27,51.96
4,2025-01-01 21:11:46,51.44
4,2025-01-01 21:12:14,51.72
4,2025-01-01 21:12:24,52.12
4,2025-01-01 21:12:46,52.79
4,2025-01-01 21:13:12,52.6
4,2025-01-01 21:13:21,52.77
4,2025-01-01 21:13:47,53.29
4,2025-01-01 21:14:08,53.05
4,2025-01-01 21:14:25,53.82
4,2025-01-01 21:14:44,53.77
4,2025-01-01 21:14:54,54.13
4,2025-01-01 21:15:17,53.6
4,2025-01-01 21:15:37,53.35
4,2025-01-01 21:15:42,53.03
4,2025-01-01 21:16:06,52.15
4,2025-01-01 21:16:31,53.01
4,2025-01-01 21:16:50,53.43
4,2025-01-01 21:17:16,53.13
4,2025-01-01 21:17:39,53.33
4,2025-01-01 21:17:49,54.08
4,2025-01-01 21:17:56,54.1
4,2025-01-01 21:18:21,53.55
4,2025-01-01 21:18:43,53.95
4,2025-01-01 21:19:05,53.99
4,2025-01-01 21:19:22,53.38
4,2025-01-01 21:19:33,52.68
4,2025-01-01 21:19:49,53.6
4,2025-01-01 21:19:58,53.79
4,2025-01-01 21:20:09,53.84
4,2025-01-01 21:20:38,54.59
4,2025-01-01 21:20:49,53.94
4,2025-01-01 21:21:08,54.94
4,2025-01-01 21:21:24,55.05
4,2025-01-01 21:21:53,54.32
4,2025-01-01 21:22:16,54.69
4,2025-01-01 21:22:41,54.39
4,2025-01-01 21:22:53,54.31
4,2025-01-01 21:23:02,53.92
4,2025-01-01 21:23:28,52.98
4,2025-01-01 21:23:45,53.82
4,2025-01-01 21:23:55,54.31
4,2025-01-01 21:24:17,53.56
4,2025-01-01 21:24:44,54.33
4,2025-01-01 21:25:12,54.85
4,2025-01-01 21:25:40,55.19
4,2025-01-01 21:25:57,55.22
4,2025-01-01 21:26:06,55.9
4,2025-01-01 21:26:36,56.02
4,2025-01-01 21:26:54,56.4
4,2025-01-01 21:27:10,56.06
4,2025-01-01 21:27:17,56.44
4,2025-01-01 21:27:34,56.73
4,2025-01-01 21:27:41,57.23
4,2025-01-01 21:28:01,57.69
4,2025-01-01 21:28:29,58.38
4,2025-01-01 21:28:34,59.2
4,2025-01-01 21:28:57,58.28
4,2025-01-01 21:29:03,58.89
4,2025-01-01 21:29:31,58.65
4,2025-01-01 21:29:38,57.7
4,2025-01-01 21:29:44,56.75
4,2025-01-01 21:30:07,57.33
4,2025-01-01 21:30:35,57.81
4,2025-01-01 21:30:46,58.31
4,2025-01-01 21:31:01,58.27
4,2025-01-01 21:31:16,57.4
4,2025-01-01 21:31:30,57.04
4,2025-01-01 21:31:49,57.23
4,2025-01-01 21:32:11,56.28
4,2025-01-01 21:32:19,56.36
4,2025-01-01 21:32:30,56.92
4,2025-01-01 21:32:57,56.0
4,2025-01-01 21:33:25,56.33
4,2025-01-01 21:33:37,56.12
4,2025-01-01 21:33:58,56.46
4,2025-01-01 21:34:21,56.77
4,2025-01-01 21:34:26,57.76
4,2025-01-01 21:34:49,57.35
4,2025-01-01 21:35:16,56.9
4,2025-01-01 21:35:29,56.04
4,2025-01-01 21:35:35,55.46
4,2025-01-01 21:35:43,55.0
4,2025-01-01 21:36:05,54.58
4,2025-01-01 21:36:23,54.05
4,2025-01-01 21:36:38,54.19
4,2025-01-01 21:36:58,55.08
4,2025-01-01 21:37:14,54.66
4,2025-01-01 21:37:23,55.4
4,2025-01-01 21:37:41,54.47
4,2025-01-01 21:37:49,53.56
4,2025-01-01 21:38:16,52.61
4,2025-01-01 21:38:32,53.28
4,2025-01-01 21:38:57,52.61
4,2025-01-01 21:39:11,53.49
4,2025-01-01 21:39:23,53.75
4,2025-01-01 21:39:42,53.96
4,2025-01-01 21:40:09,54.64
4,2025-01-01 21:40:21,53.94
4,2025-01-01 21:40:46,53.38
4,2025-01-01 21:41:11,53.32
4,2025-01-01 21:41:32,53.0
4,2025-01-01 21:41:57,53.69
4,2025-01-01 21:42:17,53.91
4,2025-01-01 21:42:35,54.7
4,2025-01-01 21:42:50,53.72
4,2025-01-01 21:43:14,53.87
4,2025-01-01 21:43:22,54.84
4,2025-01-01 21:43:37,54.05
4,2025-01-01 21:43:54,54.37
4,2025-01-01 21:44:16,54.14
4,2025-01-01 21:44:41,53.42
4,2025-01-01 21:45:01,52.98
4,2025-01-01 21:45:23,52.55
4,2025-01-01 21:45:44,52.64
4,2025-01-01 21:46:13,53.11
4,2025-01-01 21:46:20,52.97
4,2025-01-01 21:46:29,53.11
4,2025-01-01 21:46:47,53.29
4,2025-01-01 21:47:10,52.95
4,2025-01-01 21:47:39,52.71
4,2025-01-01 21:48:00,53.47
4,2025-01-01 21:48:17,54.45
4,2025-01-01 21:48:37,55.21
4,2025-01-01 21:48:42,55.48
4,2025-01-01 21:49:12,55.06
4,2025-01-01 21:49:32,55.49
4,2025-01-01 21:49:50,54.85
4,2025-01-01 21:49:59,54.03
4,2025-01-01 21:50:04,54.97
4,2025-01-01 21:50:14,54.35
4,2025-01-01 21:50:24,55.28
4,2025-01-01 21:50:32,55.8
4,2025-01-01 21:51:00,56.6
4,2025-01-01 21:51:27,56.52
4,2025-01-01 21:51:39,57.1
4,2025-01-01 21:51:59,56.95
4,2025-01-01 21:52:13,57.17
4,2025-01-01 21:52:28,57.57
4,2025-01-01 21:52:57,58.04
4,2025-01-01 21:53:21,58.63
4,2025-01-01 21:53:32,57.75
4,2025-01-01 21:53:58,57.55
4,2025-01-01 21:54:14,57.01
4,2025-01-01 21:54:42,56.32
4,2025-01-01 21:55:01,55.54
4,2025-01-01 21:55:10,56.22
4,2025-01-01 21:55:27,55.46
4,2025-01-01 21:55:42,55.73
4,2025-01-01 21:55:58,55.63
4,2025-01-01 21:56:23,55.77
4,2025-01-01 21:56:40,56.28
4,2025-01-01 21:56:45,56.61
4,2025-01-01 21:56:55,56.23
4,2025-01-01 21:57:17,55.3
4,2025-01-01 21:57:22,54.96
4,2025-01-01 21:57:39,55.45
4,2025-01-01 21:58:02,54.73
4,2025-01-01 21:58:20,55.65
4,2025-01-01 21:58:28,54.71
4,2025-01-01 21:58:36,54.83
4,2025-01-01 21:59:05,54.69
4,2025-01-01 21:59:29,54.21
4,2025-01-01 21:59:46,55.19
4,2025-01-01 22:00:16,55.69
4,2025-01-01 22:00:28,55.93
4,2025-01-01 22:00:45,55.74
4,2025-01-01 22:01:14,55.31
4,2025-01-01 22:01:36,54.38
4,2025-01-01 22:01:52,54.15
4,2025-01-01 22:02:19,53.34
4,2025-01-01 22:02:30,54.22
4,2025-01-01 22:02:46,54.43
4,2025-01-01 22:03:12,54.82
4,2025-01-01 22:03:29,55.79
4,2025-01-01 22:03:52,55.73
4,2025-01-01 22:04:11,55.25
4,2025-01-01 22:04:19,54.99
4,2025-01-01 22:04:25,55.76
4,2025-01-01 22:04:34,56.5
4,2025-01-01 22:04:43,56.91
4,2025-01-01 22:04:48,57.05
4,2025-01-01 22:05:09,57.57
4,2025-01-01 22:05:33,57.75
4,2025-01-01 22:05:58,57.78
4,2025-01-01 22:06:05,58.55
4,2025-01-01 22:06:21,57.65
4,2025-01-01 22:06:27,57.31
4,2025-01-01 22:06:35,58.3
4,2025-01-01 22:06:58,59.11
4,2025-01-01 22:07:20,59.36
4,2025-01-01 22:07:40,58.54
4,2025-01-01 22:08:03,57.99
4,2025-01-01 22:08:15,57.64
4,2025-01-01 22:08:30,58.03
4,2025-01-01 22:08:48,57.89
4,2025-01-01 22:09:01,58.61
4,2025-01-01 22:09:21,57.89
4,2025-01-01 22:09:35,57.02
4,2025-01-01 22:09:47,57.0
4,2025-01-01 22:10:12,57.04
4,2025-01-01 22:10:28,57.99
4,2025-01-01 22:10:47,57.24
4,2025-01-01 22:11:04,57.74
4,2025-01-01 22:11:16,57.27
4,2025-01-01 22:11:21,57.22
4,2025-01-01 22:11:41,57.59
4,2025-01-01 22:12:08,57.95
4,2025-01-01 22:12:16,57.96
4,2025-01-01 22:12:42,57.89
4,2025-01-01 22:12:56,57.1
4,2025-01-01 22:13:05,56.72
4,2025-01-01 22:13:11,57.01
4,2025-01-01 22:13:30,56.82
4,2025-01-01 22:13:52,56.39
4,2025-01-01 22:14:03,56.53
4,2025-01-01 22:14:21,56.51
4,2025-01-01 22:14:37,56.62
4,2025-01-01 22:14:55,56.04
4,2025-01-01 22:15:02,55.21
4,2025-01-01 22:15:25,55.43
4,2025-01-01 22:15:47,54.92
4,2025-01-01 22:16:09,55.19
4,2025-01-01 22:16:28,55.89
4,2025-01-01 22:16:45,55.59
4,2025-01-01 22:16:50,54.79
4,2025-01-01 22:16:55,54.44
4,2025-01-01 22:17:21,53.68
4,2025-01-01 22:17:32,53.84
4,2025-01-01 22:17:38,54.04
4,2025-01-01 22:18:08,54.34
4,2025-01-01 22:18:13,53.96
4,2025-01-01 22:18:27,54.06
4,2025-01-01 22:18:52,54.43
4,2025-01-01 22:19:07,53.79
4,2025-01-01 22:19:36,53.63
4,2025-01-01 22:19:49,53.89
4,2025-01-01 22:19:54,53.72
4,2025-01-01 22:20:13,53.62
4,2025-01-01 22:20:18,53.07
4,2025-01-01 22:20:43,52.36
4,2025-01-01 22:21:05,52.45
4,2025-01-01 22:21:29,51.53
4,2025-01-01 22:21:41,50.78
4,2025-01-01 22:22:01,50.52
4,2025-01-01 22:22:13,51.45
4,2025-01-01 22:22:41,50.91
4,2025-01-01 22:22:47,50.19
4,2025-01-01 22:23:07,50.7
4,2025-01-01 22:23:34,50.09
4,2025-01-01 22:23:51,50.78
4,2025-01-01 22:24:20,50.67
4,2025-01-01 22:24:48,51.28
4,2025-01-01 22:25:00,50.7
4,2025-01-01 22:25:23,51.59
4,2025-01-01 22:25:40,51.54
4,2025-01-01 22:26:02,50.79
4,2025-01-01 22:26:29,50.26
4,2025-01-01 22:26:55,51.06
4,2025-01-01 22:27:17,51.61
4,2025-01-01 22:27:27,52.21
4,2025-01-01 22:27:54,52.59
4,2025-01-01 22:28:05,53.01
4,2025-01-01 22:28:17,53.09
4,2025-01-01 22:28:26,52.66
4,2025-01-01 22:28:49,52.09
4,2025-01-01 22:28:59,53.04
4,2025-01-01 22:29:04,52.84
4,2025-01-01 22:29:29,52.85
4,2025-01-01 22:29:48,53.64
4,2025-01-01 22:30:08,53.62
4,2025-01-01 22:30:23,54.09
4,2025-01-01 22:30:49,54.19
4,2025-01-01 22:31:17,54.55
4,2025-01-01 22:31:25,55.39
4,2025-01-01 22:31:33,54.73
4,2025-01-01 22:31:46,54.72
4,2025-01-01 22:32:11,54.78
4,2025-01-01 22:32:34,54.37
4,2025-01-01 22:33:01,53.59
4,2025-01-01 22:33:31,53.66
4,2025-01-01 22:34:01,53.18
4,2025-01-01 22:34:21,52.39
4,2025-01-01 22:34:38,52.99
4,2025-01-01 22:34:54,52.75
4,2025-01-01 22:35:21,52.59
4,2025-01-01 22:35:50,52.62
4,2025-01-01 22:36:03,52.0
4,2025-01-01 22:36:12,52.21
4,2025-01-01 22:36:30,53.01
4,2025-01-01 22:36:42,53.76
4,2025-01-01 22:37:00,53.88
4,2025-01-01 22:37:25,54.22
4,2025-01-01 22:37:43,55.18
4,2025-01-01 22:38:12,55.46
4,2025-01-01 22:38:21,55.7
4,2025-01-01 22:38:26,56.13
4,2025-01-01 22:38:49,56.66
4,2025-01-01 22:39:11,56.05
4,2025-01-01 22:39:20,57.01
4,2025-01-01 22:39:45,56.35
4,2025-01-01 22:39:58,56.65
4,2025-01-01 22:40:28,57.45
4,2025-01-01 22:40:47,56.54
4,2025-01-01 22:40:59,55.57
4,2025-01-01 22:41:18,55.2
4,2025-01-01 22:41:44,54.46
4,2025-01-01 22:42:12,53.77
4,2025-01-01 22:42:29,53.54
4,2025-01-01 22:42:59,54.19
4,2025-01-01 22:43:26,55.07
4,2025-01-01 22:43:36,54.77
4,2025-01-01 22:43:47,53.92
4,2025-01-01 22:44:02,53.36
4,2025-01-01 22:44:10,54.28
4,2025-01-01 22:44:33,53.54
4,2025-01-01 22:45:02,54.45
4,2025-01-01 22:45:13,54.32
4,2025-01-01 22:45:36,54.29
4,2025-01-01 22:45:57,53.78
4,2025-01-01 22:46:20,54.36
4,2025-01-01 22:46:34,55.05
4,2025-01-01 22:46:39,56.01
4,2025-01-01 22:47:01,55.14
4,2025-01-01 22:47:12,55.23
4,2025-01-01 22:47:38,55.43
4,2025-01-01 22:48:03,55.23
4,2025-01-01 22:48:13,54.29
4,2025-01-01 22:48:24,55.23
4,2025-01-01 22:48:51,55.0
4,2025-01-01 22:49:08,54.44
4,2025-01-01 22:49:27,54.32
4,2025-01-01 22:49:52,53.81
4,2025-01-01 22:50:09,53.58
4,2025-01-01 22:50:25,53.31
4,2025-01-01 22:50:50,53.26
4,2025-01-01 22:51:06,52.81
4,2025-01-01 22:51:19,53.8
4,2025-01-01 22:51:38,53.33
4,2025-01-01 22:52:08,54.28
4,2025-01-01 22:52:22,55.1
4,2025-01-01 22:52:50,55.27
4,2025-01-01 22:53:20,56.19
4,2025-01-01 22:53:25,55.42
4,2025-01-01 22:53:38,55.36
4,2025-01-01 22:54:02,56.36
4,2025-01-01 22:54:11,55.42
4,2025-01-01 22:54:30,54.78
4,2025-01-01 22:54:56,54.29
4,2025-01-01 22:55:03,53.95
4,2025-01-01 22:55:12,54.66
4,2025-01-01 22:55:20,55.52
4,2025-01-01 22:55:40,55.22
4,2025-01-01 22:56:02,54.25
4,2025-01-01 22:56:10,54.11
4,2025-01-01 22:56:23,54.54
4,2025-01-01 22:56:30,54.85
4,2025-01-01 22:56:49,55.2
4,2025-01-01 22:57:04,55.76
4,2025-01-01 22:57:21,56.36
4,2025-01-01 22:57:34,56.56
4,2025-01-01 22:57:56,57.54
4,2025-01-01 22:58:26,57.73
4,2025-01-01 22:58:54,57.0
4,2025-01-01 22:58:59,57.53
4,2025-01-01 22:59:13,57.05
4,2025-01-01 22:59:28,56.69
4,2025-01-01 22:59:50,56.52
4,2025-01-01 23:00:19,57.33
4,2025-01-01 23:00:28,56.7
4,2025-01-01 23:00:34,57.67
4,2025-01-01 23:00:41,58.3
4,2025-01-01 23:00:49,58.6
4,2025-01-01 23:00:57,58.72
4,2025-01-01 23:01:21,57.89
4,2025-01-01 23:01:47,58.48
4,2025-01-01 23:02:00,58.53
4,2025-01-01 23:02:06,59.19
4,2025-01-01 23:02:17,59.92
4,2025-01-01 23:02:43,59.41
4,2025-01-01 23:02:56,59.71
4,2025-01-01 23:03:22,58.94
4,2025-01-01 23:03:42,59.15
4,2025-01-01 23:04:05,59.27
4,2025-01-01 23:04:28,58.73
4,2025-01-01 23:04:58,58.74
4,2025-01-01 23:05:26,58.24
4,2025-01-01 23:05:36,58.93
4,2025-01-01 23:06:04,58.57
4,2025-01-01 23:06:33,58.26
4,2025-01-01 23:06:56,58.95
4,2025-01-01 23:07:25,58.61
4,2025-01-01 23:07:36,58.06
4,2025-01-01 23:07:45,57.21
4,2025-01-01 23:08:09,57.02
4,2025-01-01 23:08:14,57.78
4,2025-01-01 23:08:33,58.07
4,2025-01-01 23:08:40,58.32
4,2025-01-01 23:09:03,59.03
4,2025-01-01 23:09:20,59.26
4,2025-01-01 23:09:27,59.61
4,2025-01-01 23:09:51,59.66
4,2025-01-01 23:10:20,60.27
4,2025-01-01 23:10:46,60.16
4,2025-01-01 23:11:02,59.3
4,2025-01-01 23:11:30,58.39
4,2025-01-01 23:11:36,59.0
4,2025-01-01 23:11:43,59.26
4,2025-01-01 23:11:54,58.58
4,2025-01-01 23:12:09,58.43
4,2025-01-01 23:12:34,59.25
4,2025-01-01 23:12:49,60.15
4,2025-01-01 23:12:59,60.87
4,2025-01-01 23:13:05,61.76
4,2025-01-01 23:13:34,62.14
4,2025-01-01 23:14:02,61.93
4,2025-01-01 23:14:18,62.36
4,2025-01-01 23:14:38,62.27
4,2025-01-01 23:14:51,61.5
4,2025-01-01 23:15:05,60.84
4,2025-01-01 23:15:23,61.28
4,2025-01-01 23:15:41,61.49
4,2025-01-01 23:15:58,61.49
4,2025-01-01 23:16:20,61.29
4,2025-01-01 23:16:28,60.78
4,2025-01-01 23:16:52,60.05
4,2025-01-01 23:17:06,60.74
4,2025-01-01 23:17:20,60.13
4,2025-01-01 23:17:35,59.14
4,2025-01-01 23:17:44,58.34
4,2025-01-01 23:18:04,57.49
4,2025-01-01 23:18:12,56.95
4,2025-01-01 23:18:22,56.69
4,2025-01-01 23:18:50,56.9
4,2025-01-01 23:18:57,56.18
4,2025-01-01 23:19:19,56.81
4,2025-01-01 23:19:32,57.48
4,2025-01-01 23:19:48,57.26
4,2025-01-01 23:20:05,56.64
4,2025-01-01 23:20:23,55.69
4,2025-01-01 23:20:43,56.4
4,2025-01-01 23:20:53,55.94
4,2025-01-01 23:21:22,55.42
4,2025-01-01 23:21:36,56.42
4,2025-01-01 23:21:47,56.88
4,2025-01-01 23:22:04,57.67
4,2025-01-01 23:22:10,57.58
4,2025-01-01 23:22:24,56.82
4,2025-01-01 23:22:36,57.47
4,2025-01-01 23:22:47,56.86
4,2025-01-01 23:23:09,57.85
4,2025-01-01 23:23:16,56.92
4,2025-01-01 23:23:26,56.62
4,2025-01-01 23:23:35,57.24
4,2025-01-01 23:23:45,56.74
4,2025-01-01 23:24:02,57.25
4,2025-01-01 23:24:16,57.69
4,2025-01-01 23:24:46,57.1
4,2025-01-01 23:24:53,57.8
4,2025-01-01 23:25:18,57.38
4,2025-01-01 23:25:24,57.21
4,2025-01-01 23:25:46,57.94
4,2025-01-01 23:26:16,57.63
4,2025-01-01 23:26:26,58.44
4,2025-01-01 23:26:39,58.86
4,2025-01-01 23:26:48,58.05
4,2025-01-01 23:27:17,59.02
4,2025-01-01 23:27:31,58.68
4,2025-01-01 23:27:58,58.5
4,2025-01-01 23:28:17,57.82
4,2025-01-01 23:28:30,58.04
4,2025-01-01 23:28:51,58.67
4,2025-01-01 23:29:19,58.78
4,2025-01-01 23:29:29,59.77
4,2025-01-01 23:29:44,59.03
4,2025-01-01 23:29:52,59.94
4,2025-01-01 23:30:08,60.84
4,2025-01-01 23:30:24,61.6
4,2025-01-01 23:30:43,61.12
4,2025-01-01 23:31:06,60.12
4,2025-01-01 23:31:22,60.96
4,2025-01-01 23:31:38,59.99
4,2025-01-01 23:31:59,60.49
4,2025-01-01 23:32:14,59.6
4,2025-01-01 23:32:25,59.38
4,2025-01-01 23:32:45,59.71
4,2025-01-01 23:33:00,58.72
4,2025-01-01 23:33:16,59.57
4,2025-01-01 23:33:35,59.99
4,2025-01-01 23:33:47,60.82
4,2025-01-01 23:33:53,60.48
4,2025-01-01 23:33:59,61.28
4,2025-01-01 23:34:08,62.03
4,2025-01-01 23:34:26,61.38
4,2025-01-01 23:34:45,60.66
4,2025-01-01 23:34:58,60.02
4,2025-01-01 23:35:12,60.25
4,2025-01-01 23:35:33,61.15
4,2025-01-01 23:35:50,60.69
4,2025-01-01 23:36:06,61.46
4,2025-01-01 23:36:21,62.4
4,2025-01-01 23:36:47,62.9
4,2025-01-01 23:36:57,62.77
4,2025-01-01 23:37:17,62.03
4,2025-01-01 23:37:27,62.16
4,2025-01-01 23:37:57,61.4
4,2025-01-01 23:38:24,61.47
4,2025-01-01 23:38:43,60.84
4,2025-01-01 23:38:58,60.62
4,2025-01-01 23:39:26,60.0
4,2025-01-01 23:39:43,59.2
4,2025-01-01 23:40:09,58.47
4,2025-01-01 23:40:33,58.98
4,2025-01-01 23:41:02,59.5
4,2025-01-01 23:41:26,59.33
4,2025-01-01 23:41:39,58.78
4,2025-01-01 23:41:58,57.98
4,2025-01-01 23:42:23,58.41
4,2025-01-01 23:42:41,58.31
4,2025-01-01 23:43:09,58.46
4,2025-01-01 23:43:36,58.16
4,2025-01-01 23:43:56,58.02
4,2025-01-01 23:44:09,58.97
4,2025-01-01 23:44:33,59.17
4,2025-01-01 23:44:44,60.07
4,2025-01-01 23:45:02,59.49
4,2025-01-01 23:45:17,59.38
4,2025-01-01 23:45:41,59.29
4,2025-01-01 23:46:04,59.1
4,2025-01-01 23:46:30,58.44
4,2025-01-01 23:46:50,58.51
4,2025-01-01 23:47:12,58.17
4,2025-01-01 23:47:20,58.05
4,2025-01-01 23:47:27,57.08
4,2025-01-01 23:47:36,56.52
4,2025-01-01 23:47:58,57.05
4,2025-01-01 23:48:21,56.42
4,2025-01-01 23:48:49,56.82
4,2025-01-01 23:49:17,55.91
4,2025-01-01 23:49:32,55.12
4,2025-01-01 23:49:56,56.02
4,2025-01-01 23:50:13,56.78
4,2025-01-01 23:50:43,57.19
4,2025-01-01 23:51:09,57.83
4,2025-01-01 23:51:28,57.52
4,2025-01-01 23:51:36,56.58
4,2025-01-01 23:51:55,56.21
4,2025-01-01 23:52:09,55.88
4,2025-01-01 23:52:19,55.84
4,2025-01-01 23:52:46,56.1
4,2025-01-01 23:53:15,55.12
4,2025-01-01 23:53:24,54.71
4,2025-01-01 23:53:29,54.39
4,2025-01-01 23:53:46,54.3
4,2025-01-01 23:54:03,54.91
4,2025-01-01 23:54:32,54.78
4,2025-01-01 23:54:54,54.81
4,2025-01-01 23:55:21,53.86
4,2025-01-01 23:55:44,53.42
4,2025-01-01 23:56:08,53.02
4,2025-01-01 23:56:38,52.92
4,2025-01-01 23:56:58,52.36
4,2025-01-01 23:57:26,51.91
4,2025-01-01 23:57:41,51.11
4,2025-01-01 23:57:49,51.41
4,2025-01-01 23:57:56,50.78
4,2025-01-01 23:58:14,50.43
4,2025-01-01 23:58:34,50.25
4,2025-01-01 23:59:03,49.99
4,2025-01-01 23:59:16,49.01
4,2025-01-01 23:59:21,49.74
4,2025-01-01 23:59:48,50.54
4,2025-01-01 23:59:54,51.21
4,2025-01-02 00:00:07,50.79
4,2025-01-02 00:00:18,50.14
4,2025-01-02 00:00:46,50.86
4,2025-01-02 00:01:08,51.56
4,2025-01-02 00:01:26,51.52
4,2025-01-02 00:01:55,51.19
4,2025-01-02 00:02:04,51.34
4,2025-01-02 00:02:15,50.7
4,2025-01-02 00:02:21,51.21
4,2025-01-02 00:02:26,50.57
4,2025-01-02 00:02:43,51.27
4,2025-01-02 00:02:48,52.23
4,2025-01-02 00:03:03,51.3
4,2025-01-02 00:03:16,52.09
4,2025-01-02 00:03:28,51.72
4,2025-01-02 00:03:48,51.93
4,2025-01-02 00:03:54,52.71
4,2025-01-02 00:04:12,53.61
4,2025-01-02 00:04:40,52.8
4,2025-01-02 00:05:07,52.84
4,2025-01-02 00:05:35,52.26
4,2025-01-02 00:05:57,52.83
4,2025-01-02 00:06:06,53.7
4,2025-01-02 00:06:17,53.72
4,2025-01-02 00:06:33,53.98
4,2025-01-02 00:06:56,53.86
4,2025-01-02 00:07:20,53.64
4,2025-01-02 00:07:44,54.52
4,2025-01-02 00:07:58,53.94
4,2025-01-02 00:08:18,53.42
4,2025-01-02 00:08:38,53.93
4,2025-01-02 00:09:03,53.3
4,2025-01-02 00:09:10,53.01
4,2025-01-02 00:09:37,52.53
4,2025-01-02 00:09:45,52.7
4,2025-01-02 00:09:52,51.97
4,2025-01-02 00:10:11,52.22
4,2025-01-02 00:10:28,52.17
4,2025-01-02 00:10:45,51.87
4,2025-01-02 00:10:52,51.65
4,2025-01-02 00:11:08,52.64
4,2025-01-02 00:11:20,53.53
4,2025-01-02 00:11:42,54.06
4,2025-01-02 00:12:11,55.04
4,2025-01-02 00:12:26,55.7
4,2025-01-02 00:12:37,56.57
4,2025-01-02 00:12:45,56.14
4,2025-01-02 00:13:13,55.62
4,2025-01-02 00:13:22,55.38
4,2025-01-02 00:13:47,56.3
4,2025-01-02 00:13:58,57.25
4,2025-01-02 00:14:28,57.03
4,2025-01-02 00:14:46,57.26
4,2025-01-02 00:15:15,57.08
4,2025-01-02 00:15:31,58.04
4,2025-01-02 00:15:44,58.78
4,2025-01-02 00:16:00,58.86
4,2025-01-02 00:16:24,59.16
4,2025-01-02 00:16:31,59.52
4,2025-01-02 00:16:50,59.65
4,2025-01-02 00:16:57,60.19
4,2025-01-02 00:17:24,59.25
4,2025-01-02 00:17:47,58.5
4,2025-01-02 00:18:16,58.5
4,2025-01-02 00:18:36,57.95
4,2025-01-02 00:18:59,58.23
4,2025-01-02 00:19:06,58.75
4,2025-01-02 00:19:17,59.07
4,2025-01-02 00:19:24,58.93
4,2025-01-02 00:19:42,59.9
4,2025-01-02 00:19:55,60.4
4,2025-01-02 00:20:21,61.36
4,2025-01-02 00:20:47,61.98
4,2025-01-02 00:21:15,62.29
4,2025-01-02 00:21:20,61.83
4,2025-01-02 00:21:34,61.79
4,2025-01-02 00:22:00,62.05
4,2025-01-02 00:22:23,61.75
5,2025-01-01 00:00:00,89.0
5,2025-01-01 00:00:27,88.11
5,2025-01-01 00:00:50,87.57
5,2025-01-01 00:01:18,86.6
5,2025-01-01 00:01:38,86.67
5,2025-01-01 00:01:49,87.8
5,2025-01-01 00:02:05,87.02
5,2025-01-01 00:02:24,86.48
5,2025-01-01 00:02:35,85.88
5,2025-01-01 00:02:57,86.75
5,2025-01-01 00:03:19,87.45
5,2025-01-01 00:03:38,86.99
5,2025-01-01 00:03:44,87.99
5,2025-01-01 00:03:57,88.74
5,2025-01-01 00:04:16,88.67
5,2025-01-01 00:04:41,87.26
5,2025-01-01 00:05:09,86.48
5,2025-01-01 00:05:29,85.73
5,2025-01-01 00:05:41,85.85
5,2025-01-01 00:06:06,85.11
5,2025-01-01 00:06:15,85.73
5,2025-01-01 00:06:35,86.25
5,2025-01-01 00:06:52,86.49
5,2025-01-01 00:07:02,85.89
5,2025-01-01 00:07:21,86.48
5,2025-01-01 00:07:30,87.63
5,2025-01-01 00:07:37,87.15
5,2025-01-01 00:07:56,86.3
5,2025-01-01 00:08:16,86.34
5,2025-01-01 00:08:34,85.43
5,2025-01-01 00:08:49,86.1
5,2025-01-01 00:09:16,84.7
5,2025-01-01 00:09:42,83.24
5,2025-01-01 00:10:11,82.51
5,2025-01-01 00:10:41,82.87
5,2025-01-01 00:10:58,82.32
5,2025-01-01 00:11:25,82.59
5,2025-01-01 00:11:34,82.3
5,2025-01-01 00:11:53,83.53
5,2025-01-01 00:12:09,84.64
5,2025-01-01 00:12:36,85.91
5,2025-01-01 00:12:58,84.85
5,2025-01-01 00:13:11,83.81
5,2025-01-01 00:13:35,82.68
5,2025-01-01 00:13:55,82.47
5,2025-01-01 00:14:09,82.99
5,2025-01-01 00:14:37,83.79
5,2025-01-01 00:15:01,82.83
5,2025-01-01 00:15:31,83.61
5,2025-01-01 00:15:55,84.74
5,2025-01-01 00:16:09,85.22
5,2025-01-01 00:16:19,83.83
5,2025-01-01 00:16:30,84.42
5,2025-01-01 00:16:39,85.26
5,2025-01-01 00:17:08,85.31
5,2025-01-01 00:17:34,86.3
5,2025-01-01 00:17:46,85.19
5,2025-01-01 00:18:05,85.67
5,2025-01-01 00:18:18,85.88
5,2025-01-01 00:18:45,85.41
5,2025-01-01 00:19:04,84.85
5,2025-01-01 00:19:31,84.3
5,2025-01-01 00:19:51,84.8
5,2025-01-01 00:20:07,83.8
5,2025-01-01 00:20:34,84.79
5,2025-01-01 00:20:39,86.25
5,2025-01-01 00:20:50,87.27
5,2025-01-01 00:21:04,86.3
5,2025-01-01 00:21:23,85.0
5,2025-01-01 00:21:28,84.69
5,2025-01-01 00:21:43,85.38
5,2025-01-01 00:22:03,85.25
5,2025-01-01 00:22:16,83.95
5,2025-01-01 00:22:22,82.86
5,2025-01-01 00:22:43,82.22
5,2025-01-01 00:22:54,83.13
5,2025-01-01 00:23:09,83.34
5,2025-01-01 00:23:18,84.69
5,2025-01-01 00:23:38,85.33
5,2025-01-01 00:24:03,85.48
5,2025-01-01 00:24:24,85.58
5,2025-01-01 00:24:35,85.53
5,2025-01-01 00:24:59,85.47
5,2025-01-01 00:25:08,85.72
5,2025-01-01 00:25:13,85.4
5,2025-01-01 00:25:29,86.0
5,2025-01-01 00:25:58,86.11
5,2025-01-01 00:26:06,87.61
5,2025-01-01 00:26:31,87.35
5,2025-01-01 00:26:42,86.09
5,2025-01-01 00:26:59,85.59
5,2025-01-01 00:27:15,87.09
5,2025-01-01 00:27:32,88.33
5,2025-01-01 00:28:00,87.33
5,2025-01-01 00:28:19,86.32
5,2025-01-01 00:28:27,86.19
5,2025-01-01 00:28:43,87.69
5,2025-01-01 00:29:13,86.74
5,2025-01-01 00:29:29,86.08
5,2025-01-01 00:29:35,86.06
5,2025-01-01 00:30:04,85.25
5,2025-01-01 00:30:23,86.43
5,2025-01-01 00:30:43,86.82
5,2025-01-01 00:30:55,88.1
5,2025-01-01 00:31:21,88.01
5,2025-01-01 00:31:43,87.84
5,2025-01-01 00:32:10,89.21
5,2025-01-01 00:32:37,88.49
5,2025-01-01 00:32:47,89.58
5,2025-01-01 00:33:16,88.7
5,2025-01-01 00:33:40,87.77
5,2025-01-01 00:33:50,88.51
5,2025-01-01 00:34:20,88.79
5,2025-01-01 00:34:31,90.26
5,2025-01-01 00:34:45,90.85
5,2025-01-01 00:34:55,92.33
5,2025-01-01 00:35:24,91.72
5,2025-01-01 00:35:48,90.55
5,2025-01-01 00:36:08,89.21
5,2025-01-01 00:36:34,90.45
5,2025-01-01 00:36:51,89.4
5,2025-01-01 00:37:00,89.75
5,2025-01-01 00:37:19,90.46
5,2025-01-01 00:37:32,90.39
5,2025-01-01 00:37:53,89.04
5,2025-01-01 00:38:01,88.95
5,2025-01-01 00:38:22,87.66
5,2025-01-01 00:38:51,88.36
5,2025-01-01 00:39:21,89.78
5,2025-01-01 00:39:31,90.94
5,2025-01-01 00:39:58,92.07
5,2025-01-01 00:40:09,92.0
5,2025-01-01 00:40:26,92.1
5,2025-01-01 00:40:37,92.91
5,2025-01-01 00:40:42,94.09
5,2025-01-01 00:41:11,93.75
5,2025-01-01 00:41:23,94.39
5,2025-01-01 00:41:32,94.03
5,2025-01-01 00:41:42,92.79
5,2025-01-01 00:42:02,92.78
5,2025-01-01 00:42:10,91.63
5,2025-01-01 00:42:19,92.21
5,2025-01-01 00:42:32,92.94
5,2025-01-01 00:42:40,91.85
5,2025-01-01 00:43:04,91.08
5,2025-01-01 00:43:11,90.83
5,2025-01-01 00:43:20,91.39
5,2025-01-01 00:43:45,92.38
5,2025-01-01 00:43:54,93.88
5,2025-01-01 00:44:09,93.46
5,2025-01-01 00:44:39,93.05
5,2025-01-01 00:44:51,93.73
5,2025-01-01 00:45:08,93.35
5,2025-01-01 00:45:24,92.95
5,2025-01-01 00:45:47,92.83
5,2025-01-01 00:46:04,91.82
5,2025-01-01 00:46:29,90.46
5,2025-01-01 00:46:49,90.8
5,2025-01-01 00:46:57,90.3
5,2025-01-01 00:47:15,89.95
5,2025-01-01 00:47:39,91.34
5,2025-01-01 00:48:07,92.73
5,2025-01-01 00:48:29,94.05
5,2025-01-01 00:48:39,93.22
5,2025-01-01 00:49:00,93.88
5,2025-01-01 00:49:28,92.54
5,2025-01-01 00:49:38,91.17
5,2025-01-01 00:49:56,90.76
5,2025-01-01 00:50:24,91.49
5,2025-01-01 00:50:41,92.44
5,2025-01-01 00:50:53,91.27
5,2025-01-01 00:51:20,90.63
5,2025-01-01 00:51:31,91.33
5,2025-01-01 00:51:47,90.03
5,2025-01-01 00:52:04,90.75
5,2025-01-01 00:52:34,90.13
5,2025-01-01 00:52:52,89.94
5,2025-01-01 00:53:12,88.54
5,2025-01-01 00:53:38,88.83
5,2025-01-01 00:53:55,88.18
5,2025-01-01 00:54:04,88.97
5,2025-01-01 00:54:25,90.34
5,2025-01-01 00:54:46,90.77
5,2025-01-01 00:54:58,91.77
5,2025-01-01 00:55:28,92.47
5,2025-01-01 00:55:40,92.38
5,2025-01-01 00:56:00,93.63
5,2025-01-01 00:56:30,92.71
5,2025-01-01 00:56:43,93.98
5,2025-01-01 00:57:10,95.04
5,2025-01-01 00:57:28,95.92
5,2025-01-01 00:57:43,95.68
5,2025-01-01 00:57:59,95.82
5,2025-01-01 00:58:15,95.06
5,2025-01-01 00:58:44,96.24
5,2025-01-01 00:58:52,95.9
5,2025-01-01 00:59:15,94.93
5,2025-01-01 00:59:32,94.5
5,2025-01-01 00:59:41,95.16
5,2025-01-01 01:00:02,94.92
5,2025-01-01 01:00:08,93.68
5,2025-01-01 01:00:25,95.01
5,2025-01-01 01:00:52,95.93
5,2025-01-01 01:01:12,96.92
5,2025-01-01 01:01:25,96.2
5,2025-01-01 01:01:51,94.74
5,2025-01-01 01:01:56,95.72
5,2025-01-01 01:02:18,96.99
5,2025-01-01 01:02:31,96.79
5,2025-01-01 01:02:40,97.01
5,2025-01-01 01:02:49,97.48
5,2025-01-01 01:03:12,96.1
5,2025-01-01 01:03:33,96.02
5,2025-01-01 01:03:55,95.87
5,2025-01-01 01:04:05,95.63
5,2025-01-01 01:04:14,96.17
5,2025-01-01 01:04:29,95.63
5,2025-01-01 01:04:59,95.59
5,2025-01-01 01:05:08,94.43
5,2025-01-01 01:05:23,94.65
5,2025-01-01 01:05:38,93.37
5,2025-01-01 01:05:56,92.92
5,2025-01-01 01:06:26,92.32
5,2025-01-01 01:06:46,91.76
5,2025-01-01 01:07:06,91.12
5,2025-01-01 01:07:28,89.78
5,2025-01-01 01:07:57,88.43
5,2025-01-01 01:08:13,89.06
5,2025-01-01 01:08:20,89.19
5,2025-01-01 01:08:37,88.46
5,2025-01-01 01:08:47,88.96
5,2025-01-01 01:09:06,89.35
5,2025-01-01 01:09:30,89.79
5,2025-01-01 01:09:39,89.5
5,2025-01-01 01:09:50,88.7
5,2025-01-01 01:10:19,89.64
5,2025-01-01 01:10:49,89.96
5,2025-01-01 01:10:59,90.89
5,2025-01-01 01:11:13,90.12
5,2025-01-01 01:11:29,91.3
5,2025-01-01 01:11:59,92.51
5,2025-01-01 01:12:12,92.96
5,2025-01-01 01:12:37,94.42
5,2025-01-01 01:12:47,95.13
5,2025-01-01 01:13:01,95.6
5,2025-01-01 01:13:18,96.55
5,2025-01-01 01:13:46,97.93
5,2025-01-01 01:13:53,97.72
5,2025-01-01 01:14:11,98.78
5,2025-01-01 01:14:36,98.14
5,2025-01-01 01:14:52,98.67
5,2025-01-01 01:15:16,97.63
5,2025-01-01 01:15:27,98.51
5,2025-01-01 01:15:45,99.91
5,2025-01-01 01:15:58,98.88
5,2025-01-01 01:16:15,98.61
5,2025-01-01 01:16:42,97.75
5,2025-01-01 01:16:56,96.55
5,2025-01-01 01:17:05,96.34
5,2025-01-01 01:17:16,97.06
5,2025-01-01 01:17:44,95.77
5,2025-01-01 01:17:54,96.28
5,2025-01-01 01:18:07,96.37
5,2025-01-01 01:18:15,95.23
5,2025-01-01 01:18:28,95.62
5,2025-01-01 01:18:52,95.75
5,2025-01-01 01:19:22,96.95
5,2025-01-01 01:19:31,95.78
5,2025-01-01 01:19:46,95.81
5,2025-01-01 01:20:10,94.51
5,2025-01-01 01:20:30,94.18
5,2025-01-01 01:20:52,94.39
5,2025-01-01 01:21:02,95.12
5,2025-01-01 01:21:12,96.14
5,2025-01-01 01:21:22,95.19
5,2025-01-01 01:21:33,96.14
5,2025-01-01 01:21:52,96.67
5,2025-01-01 01:21:57,96.53
5,2025-01-01 01:22:02,95.75
5,2025-01-01 01:22:29,94.52
5,2025-01-01 01:22:40,95.04
5,2025-01-01 01:22:45,94.81
5,2025-01-01 01:22:53,94.67
5,2025-01-01 01:23:18,94.39
5,2025-01-01 01:23:24,94.52
5,2025-01-01 01:23:42,93.68
5,2025-01-01 01:24:06,93.98
5,2025-01-01 01:24:23,93.22
5,2025-01-01 01:24:28,94.09
5,2025-01-01 01:24:55,94.5
5,2025-01-01 01:25:19,93.48
5,2025-01-01 01:25:41,93.43
5,2025-01-01 01:25:49,94.06
5,2025-01-01 01:26:01,95.36
5,2025-01-01 01:26:09,93.97
5,2025-01-01 01:26:33,93.6
5,2025-01-01 01:26:47,92.6
5,2025-01-01 01:27:17,92.66
5,2025-01-01 01:27:36,91.82
5,2025-01-01 01:27:58,91.29
5,2025-01-01 01:28:17,90.72
5,2025-01-01 01:28:32,92.04
5,2025-01-01 01:28:52,91.36
5,2025-01-01 01:28:59,91.5
5,2025-01-01 01:29:21,91.62
5,2025-01-01 01:29:48,91.35
5,2025-01-01 01:29:56,91.14
5,2025-01-01 01:30:23,91.9
5,2025-01-01 01:30:40,90.54
5,2025-01-01 01:31:09,90.43
5,2025-01-01 01:31:22,90.43
5,2025-01-01 01:31:52,89.11
5,2025-01-01 01:32:00,89.15
5,2025-01-01 01:32:15,88.08
5,2025-01-01 01:32:22,89.22
5,2025-01-01 01:32:27,88.05
5,2025-01-01 01:32:41,89.54
5,2025-01-01 01:33:02,88.48
5,2025-01-01 01:33:27,87.99
5,2025-01-01 01:33:43,88.77
5,2025-01-01 01:34:07,88.55
5,2025-01-01 01:34:24,88.79
5,2025-01-01 01:34:48,89.89
5,2025-01-01 01:35:15,89.97
5,2025-01-01 01:35:42,89.32
5,2025-01-01 01:35:48,88.07
5,2025-01-01 01:36:10,86.62
5,2025-01-01 01:36:26,86.66
5,2025-01-01 01:36:38,86.85
5,2025-01-01 01:37:00,88.22
5,2025-01-01 01:37:16,87.94
5,2025-01-01 01:37:34,88.81
5,2025-01-01 01:38:02,87.57
5,2025-01-01 01:38:24,86.28
5,2025-01-01 01:38:40,87.22
5,2025-01-01 01:38:47,87.23
5,2025-01-01 01:38:58,86.21
5,2025-01-01 01:39:12,87.54
5,2025-01-01 01:39:30,88.2
5,2025-01-01 01:39:49,88.6
5,2025-01-01 01:40:04,88.06
5,2025-01-01 01:40:11,88.16
5,2025-01-01 01:40:20,89.13
5,2025-01-01 01:40:42,87.9
5,2025-01-01 01:40:57,86.73
5,2025-01-01 01:41:11,85.3
5,2025-01-01 01:41:30,84.19
5,2025-01-01 01:41:35,84.65
5,2025-01-01 01:41:59,83.78
5,2025-01-01 01:42:20,82.78
5,2025-01-01 01:42:36,83.45
5,2025-01-01 01:43:05,82.41
5,2025-01-01 01:43:24,81.32
5,2025-01-01 01:43:45,80.18
5,2025-01-01 01:43:57,80.3
5,2025-01-01 01:44:19,81.23
5,2025-01-01 01:44:46,80.76
5,2025-01-01 01:44:57,79.68
5,2025-01-01 01:45:13,80.22
5,2025-01-01 01:45:20,79.34
5,2025-01-01 01:45:33,79.79
5,2025-01-01 01:45:47,78.88
5,2025-01-01 01:45:57,77.53
5,2025-01-01 01:46:25,77.92
5,2025-01-01 01:46:31,76.82
5,2025-01-01 01:46:53,78.16
5,2025-01-01 01:46:59,78.29
5,2025-01-01 01:47:06,77.13
5,2025-01-01 01:47:32,75.95
5,2025-01-01 01:47:39,77.21
5,2025-01-01 01:48:07,77.13
5,2025-01-01 01:48:28,77.57
5,2025-01-01 01:48:46,77.99
5,2025-01-01 01:48:59,78.17
5,2025-01-01 01:49:29,78.12
5,2025-01-01 01:49:55,77.09
5,2025-01-01 01:50:05,75.84
5,2025-01-01 01:50:25,76.76
5,2025-01-01 01:50:47,77.94
5,2025-01-01 01:50:56,77.19
5,2025-01-01 01:51:16,75.69
5,2025-01-01 01:51:36,75.39
5,2025-01-01 01:51:45,76.21
5,2025-01-01 01:52:04,77.66
5,2025-01-01 01:52:30,77.15
5,2025-01-01 01:52:55,75.97
5,2025-01-01 01:53:22,75.87
5,2025-01-01 01:53:37,74.88
5,2025-01-01 01:53:53,75.32
5,2025-01-01 01:54:09,75.56
5,2025-01-01 01:54:28,74.49
5,2025-01-01 01:54:56,74.32
5,2025-01-01 01:55:02,75.1
5,2025-01-01 01:55:11,74.95
5,2025-01-01 01:55:35,74.86
5,2025-01-01 01:55:45,74.5
5,2025-01-01 01:56:04,74.7
5,2025-01-01 01:56:33,74.42
5,2025-01-01 01:56:53,72.94
5,2025-01-01 01:57:15,74.11
5,2025-01-01 01:57:20,72.8
5,2025-01-01 01:57:28,71.96
5,2025-01-01 01:57:56,73.35
5,2025-01-01 01:58:05,72.92
5,2025-01-01 01:58:26,72.15
5,2025-01-01 01:58:45,71.2
5,2025-01-01 01:59:04,72.04
5,2025-01-01 01:59:29,72.33
5,2025-01-01 01:59:45,73.2
5,2025-01-01 01:59:54,72.45
5,2025-01-01 02:00:05,72.21
5,2025-01-01 02:00:35,72.15
5,2025-01-01 02:00:41,70.99
5,2025-01-01 02:00:50,69.64
5,2025-01-01 02:01:18,69.65
5,2025-01-01 02:01:31,69.18
5,2025-01-01 02:01:50,68.77
5,2025-01-01 02:02:04,67.3
5,2025-01-01 02:02:29,66.35
5,2025-01-01 02:02:57,66.74
5,2025-01-01 02:03:17,67.92
5,2025-01-01 02:03:34,68.6
5,2025-01-01 02:03:57,67.83
5,2025-01-01 02:04:14,68.1
5,2025-01-01 02:04:22,66.63
5,2025-01-01 02:04:44,66.0
5,2025-01-01 02:05:12,66.31
5,2025-01-01 02:05:39,65.09
5,2025-01-01 02:06:03,64.71
5,2025-01-01 02:06:25,65.52
5,2025-01-01 02:06:44,64.89
5,2025-01-01 02:07:13,63.81
5,2025-01-01 02:07:38,65.09
5,2025-01-01 02:08:02,65.77
5,2025-01-01 02:08:11,67.11
5,2025-01-01 02:08:22,68.58
5,2025-01-01 02:08:50,67.71
5,2025-01-01 02:09:16,67.91
5,2025-01-01 02:09:35,67.77
5,2025-01-01 02:09:54,68.37
5,2025-01-01 02:10:13,68.36
5,2025-01-01 02:10:19,69.65
5,2025-01-01 02:10:46,70.2
5,2025-01-01 02:11:09,71.55
5,2025-01-01 02:11:22,70.7
5,2025-01-01 02:11:47,71.95
5,2025-01-01 02:12:00,72.34
5,2025-01-01 02:12:22,72.07
5,2025-01-01 02:12:50,71.74
5,2025-01-01 02:13:01,71.7
5,2025-01-01 02:13:16,72.47
5,2025-01-01 02:13:21,73.35
5,2025-01-01 02:13:41,73.04
5,2025-01-01 02:13:58,73.47
5,2025-01-01 02:14:11,74.39
5,2025-01-01 02:14:24,73.72
5,2025-01-01 02:14:48,72.57
5,2025-01-01 02:15:09,73.43
5,2025-01-01 02:15:35,72.6
5,2025-01-01 02:15:48,73.22
5,2025-01-01 02:16:02,72.86
5,2025-01-01 02:16:07,71.88
5,2025-01-01 02:16:24,73.33
5,2025-01-01 02:16:52,72.73
5,2025-01-01 02:17:15,73.2
5,2025-01-01 02:17:23,72.77
5,2025-01-01 02:17:45,72.15
5,2025-01-01 02:18:15,73.0
5,2025-01-01 02:18:44,73.88
5,2025-01-01 02:18:52,73.03
5,2025-01-01 02:19:04,72.88
5,2025-01-01 02:19:14,72.13
5,2025-01-01 02:19:25,71.45
5,2025-01-01 02:19:37,71.87
5,2025-01-01 02:20:01,70.63
5,2025-01-01 02:20:11,69.2
5,2025-01-01 02:20:18,70.2
5,2025-01-01 02:20:46,70.01
5,2025-01-01 02:21:05,70.83
5,2025-01-01 02:21:30,71.84
5,2025-01-01 02:21:55,71.63
5,2025-01-01 02:22:11,72.56
5,2025-01-01 02:22:41,73.85
5,2025-01-01 02:23:01,75.25
5,2025-01-01 02:23:24,76.34
5,2025-01-01 02:23:29,77.73
5,2025-01-01 02:23:38,78.24
5,2025-01-01 02:24:01,77.46
5,2025-01-01 02:24:21,78.28
5,2025-01-01 02:24:31,77.34
5,2025-01-01 02:24:41,76.05
5,2025-01-01 02:25:05,76.06
5,2025-01-01 02:25:24,76.59
5,2025-01-01 02:25:32,78.04
5,2025-01-01 02:25:54,78.65
5,2025-01-01 02:26:09,77.94
5,2025-01-01 02:26:38,77.93
5,2025-01-01 02:27:03,77.16
5,2025-01-01 02:27:09,77.78
5,2025-01-01 02:27:33,77.95
5,2025-01-01 02:27:58,77.55
5,2025-01-01 02:28:14,76.5
5,2025-01-01 02:28:43,77.69
5,2025-01-01 02:29:09,78.18
5,2025-01-01 02:29:36,76.92
5,2025-01-01 02:29:43,76.52
5,2025-01-01 02:30:03,76.77
5,2025-01-01 02:30:23,78.05
5,2025-01-01 02:30:40,77.46
5,2025-01-01 02:30:45,77.08
5,2025-01-01 02:30:57,76.46
5,2025-01-01 02:31:24,77.41
5,2025-01-01 02:31:33,76.34
5,2025-01-01 02:31:46,77.26
5,2025-01-01 02:31:56,78.09
5,2025-01-01 02:32:05,78.24
5,2025-01-01 02:32:28,78.05
5,2025-01-01 02:32:51,76.62
5,2025-01-01 02:33:09,75.63
5,2025-01-01 02:33:14,76.12
5,2025-01-01 02:33:33,75.73
5,2025-01-01 02:33:44,75.27
5,2025-01-01 02:33:56,76.08
5,2025-01-01 02:34:20,75.86
5,2025-01-01 02:34:27,76.46
5,2025-01-01 02:34:52,75.51
5,2025-01-01 02:35:10,75.59
5,2025-01-01 02:35:15,74.31
5,2025-01-01 02:35:32,75.43
5,2025-01-01 02:35:52,75.61
5,2025-01-01 02:36:07,77.02
5,2025-01-01 02:36:33,77.01
5,2025-01-01 02:36:53,77.25
5,2025-01-01 02:37:10,77.07
5,2025-01-01 02:37:36,78.13
5,2025-01-01 02:37:41,78.77
5,2025-01-01 02:37:55,79.93
5,2025-01-01 02:38:16,79.04
5,2025-01-01 02:38:26,79.26
5,2025-01-01 02:38:51,79.47
5,2025-01-01 02:39:20,80.39
5,2025-01-01 02:39:32,81.08
5,2025-01-01 02:39:56,80.81
5,2025-01-01 02:40:19,81.4
5,2025-01-01 02:40:36,82.24
5,2025-01-01 02:40:59,82.62
5,2025-01-01 02:41:12,83.63
5,2025-01-01 02:41:26,83.34
5,2025-01-01 02:41:56,82.56
5,2025-01-01 02:42:03,83.04
5,2025-01-01 02:42:16,83.8
5,2025-01-01 02:42:38,83.91
5,2025-01-01 02:42:55,83.14
5,2025-01-01 02:43:14,83.55
5,2025-01-01 02:43:21,83.14
5,2025-01-01 02:43:42,82.43
5,2025-01-01 02:43:48,81.13
5,2025-01-01 02:44:16,82.59
5,2025-01-01 02:44:39,83.27
5,2025-01-01 02:44:50,83.8
5,2025-01-01 02:45:05,84.35
5,2025-01-01 02:45:18,84.93
5,2025-01-01 02:45:44,85.67
5,2025-01-01 02:46:03,87.11
5,2025-01-01 02:46:10,88.22
5,2025-01-01 02:46:39,87.49
5,2025-01-01 02:46:52,86.4
5,2025-01-01 02:47:02,85.71
5,2025-01-01 02:47:14,84.45
5,2025-01-01 02:47:37,84.16
5,2025-01-01 02:48:05,84.97
5,2025-01-01 02:48:10,85.06
5,2025-01-01 02:48:36,85.28
5,2025-01-01 02:48:58,84.1
5,2025-01-01 02:49:03,83.82
5,2025-01-01 02:49:31,83.79
5,2025-01-01 02:49:57,84.0
5,2025-01-01 02:50:12,84.81
5,2025-01-01 02:50:32,83.56
5,2025-01-01 02:50:42,82.97
5,2025-01-01 02:51:04,81.95
5,2025-01-01 02:51:30,81.83
5,2025-01-01 02:51:49,80.92
5,2025-01-01 02:52:06,80.03
5,2025-01-01 02:52:22,78.59
5,2025-01-01 02:52:46,78.71
5,2025-01-01 02:53:16,77.81
5,2025-01-01 02:53:31,78.43
5,2025-01-01 02:53:46,77.81
5,2025-01-01 02:53:53,78.42
5,2025-01-01 02:54:12,79.67
5,2025-01-01 02:54:19,78.99
5,2025-01-01 02:54:30,78.07
5,2025-01-01 02:54:49,77.25
5,2025-01-01 02:55:04,78.15
5,2025-01-01 02:55:29,76.76
5,2025-01-01 02:55:44,76.38
5,2025-01-01 02:55:53,75.33
5,2025-01-01 02:55:59,75.36
5,2025-01-01 02:56:29,75.97
5,2025-01-01 02:56:55,77.22
5,2025-01-01 02:57:23,78.71
5,2025-01-01 02:57:35,79.91
5,2025-01-01 02:57:46,80.74
5,2025-01-01 02:58:10,81.67
5,2025-01-01 02:58:33,82.63
5,2025-01-01 02:58:42,83.98
5,2025-01-01 02:58:49,83.29
5,2025-01-01 02:59:18,82.1
5,2025-01-01 02:59:32,80.83
5,2025-01-01 02:59:51,80.04
5,2025-01-01 03:00:12,79.9
5,2025-01-01 03:00:41,80.39
5,2025-01-01 03:01:04,79.63
5,2025-01-01 03:01:19,79.46
5,2025-01-01 03:01:30,78.89
5,2025-01-01 03:01:50,77.43
5,2025-01-01 03:02:20,76.52
5,2025-01-01 03:02:46,76.52
5,2025-01-01 03:02:58,77.69
5,2025-01-01 03:03:09,76.5
5,2025-01-01 03:03:30,77.81
5,2025-01-01 03:03:42,78.73
5,2025-01-01 03:04:01,79.79
5,2025-01-01 03:04:09,78.86
5,2025-01-01 03:04:33,79.4
5,2025-01-01 03:04:54,80.88
5,2025-01-01 03:05:22,82.3
5,2025-01-01 03:05:35,83.17
5,2025-01-01 03:05:51,84.37
5,2025-01-01 03:06:08,84.29
5,2025-01-01 03:06:14,83.92
5,2025-01-01 03:06:28,85.41
5,2025-01-01 03:06:50,86.26
5,2025-01-01 03:07:01,85.97
5,2025-01-01 03:07:08,85.62
5,2025-01-01 03:07:15,86.66
5,2025-01-01 03:07:24,86.59
5,2025-01-01 03:07:44,87.32
5,2025-01-01 03:08:06,88.79
5,2025-01-01 03:08:34,87.89
5,2025-01-01 03:09:02,86.91
5,2025-01-01 03:09:17,88.31
5,2025-01-01 03:09:22,89.47
5,2025-01-01 03:09:33,89.17
5,2025-01-01 03:10:00,89.15
5,2025-01-01 03:10:24,88.79
5,2025-01-01 03:10:44,90.03
5,2025-01-01 03:11:01,90.94
5,2025-01-01 03:11:23,91.5
5,2025-01-01 03:11:35,91.15
5,2025-01-01 03:11:55,90.36
5,2025-01-01 03:12:01,91.73
5,2025-01-01 03:12:31,90.92
5,2025-01-01 03:12:50,91.86
5,2025-01-01 03:12:57,91.18
5,2025-01-01 03:13:24,90.91
5,2025-01-01 03:13:32,90.77
5,2025-01-01 03:13:55,90.19
5,2025-01-01 03:14:22,90.47
5,2025-01-01 03:14:43,91.11
5,2025-01-01 03:14:52,91.49
5,2025-01-01 03:15:13,91.3
5,2025-01-01 03:15:33,90.7
5,2025-01-01 03:15:45,91.68
5,2025-01-01 03:16:01,91.1
5,2025-01-01 03:16:30,90.12
5,2025-01-01 03:16:58,90.93
5,2025-01-01 03:17:11,92.38
5,2025-01-01 03:17:26,91.13
5,2025-01-01 03:17:33,92.45
5,2025-01-01 03:17:45,93.32
5,2025-01-01 03:18:07,92.22
5,2025-01-01 03:18:31,91.22
5,2025-01-01 03:18:59,91.57
5,2025-01-01 03:19:10,92.9
5,2025-01-01 03:19:38,93.41
5,2025-01-01 03:19:58,94.15
5,2025-01-01 03:20:21,92.81
5,2025-01-01 03:20:47,94.21
5,2025-01-01 03:21:12,95.08
5,2025-01-01 03:21:17,94.8
5,2025-01-01 03:21:37,93.74
5,2025-01-01 03:22:00,93.91
5,2025-01-01 03:22:19,93.71
5,2025-01-01 03:22:39,93.59
5,2025-01-01 03:22:58,94.98
5,2025-01-01 03:23:03,93.64
5,2025-01-01 03:23:10,92.23
5,2025-01-01 03:23:31,92.56
5,2025-01-01 03:23:48,93.69
5,2025-01-01 03:24:03,95.12
5,2025-01-01 03:24:20,93.98
5,2025-01-01 03:24:29,92.94
5,2025-01-01 03:24:36,94.32
5,2025-01-01 03:24:57,93.88
5,2025-01-01 03:25:26,94.03
5,2025-01-01 03:25:51,95.38
5,2025-01-01 03:26:13,94.21
5,2025-01-01 03:26:35,94.64
5,2025-01-01 03:26:49,95.18
5,2025-01-01 03:26:54,96.12
5,2025-01-01 03:27:03,95.96
5,2025-01-01 03:27:11,94.54
5,2025-01-01 03:27:39,93.99
5,2025-01-01 03:27:59,95.4
5,2025-01-01 03:28:19,94.1
5,2025-01-01 03:28:49,93.69
5,2025-01-01 03:29:17,93.88
5,2025-01-01 03:29:39,93.27
5,2025-01-01 03:29:55,92.22
5,2025-01-01 03:30:07,92.02
5,2025-01-01 03:30:14,90.8
5,2025-01-01 03:30:40,91.82
5,2025-01-01 03:30:46,92.88
5,2025-01-01 03:30:54,92.01
5,2025-01-01 03:31:22,91.33
5,2025-01-01 03:31:46,90.4
5,2025-01-01 03:31:51,89.81
5,2025-01-01 03:31:58,88.45
5,2025-01-01 03:32:03,88.28
5,2025-01-01 03:32:22,88.49
5,2025-01-01 03:32:39,88.35
5,2025-01-01 03:33:03,87.97
5,2025-01-01 03:33:16,88.38
5,2025-01-01 03:33:40,89.72
5,2025-01-01 03:33:53,89.76
5,2025-01-01 03:34:21,88.4
5,2025-01-01 03:34:40,87.1
5,2025-01-01 03:34:54,86.81
5,2025-01-01 03:35:23,85.35
5,2025-01-01 03:35:48,85.81
5,2025-01-01 03:35:55,86.43
5,2025-01-01 03:36:13,85.66
5,2025-01-01 03:36:36,84.37
5,2025-01-01 03:36:47,85.26
5,2025-01-01 03:37:06,86.32
5,2025-01-01 03:37:20,84.96
5,2025-01-01 03:37:32,84.17
5,2025-01-01 03:37:59,83.93
5,2025-01-01 03:38:29,84.47
5,2025-01-01 03:38:50,85.32
5,2025-01-01 03:38:58,85.8
5,2025-01-01 03:39:13,85.1
5,2025-01-01 03:39:34,84.53
5,2025-01-01 03:39:57,84.68
5,2025-01-01 03:40:25,83.23
5,2025-01-01 03:40:46,84.41
5,2025-01-01 03:41:05,84.55
5,2025-01-01 03:41:20,85.55
5,2025-01-01 03:41:40,85.88
5,2025-01-01 03:42:09,84.67
5,2025-01-01 03:42:27,84.09
5,2025-01-01 03:42:47,83.99
5,2025-01-01 03:42:52,82.96
5,2025-01-01 03:43:06,83.34
5,2025-01-01 03:43:33,84.19
5,2025-01-01 03:43:45,84.23
5,2025-01-01 03:43:53,84.34
5,2025-01-01 03:44:03,84.93
5,2025-01-01 03:44:30,83.43
5,2025-01-01 03:44:59,82.07
5,2025-01-01 03:45:21,83.51
5,2025-01-01 03:45:36,82.02
5,2025-01-01 03:45:58,81.72
5,2025-01-01 03:46:08,82.06
5,2025-01-01 03:46:33,82.77
5,2025-01-01 03:46:39,83.04
5,2025-01-01 03:47:07,84.18
5,2025-01-01 03:47:31,82.71
5,2025-01-01 03:47:56,83.69
5,2025-01-01 03:48:04,82.59
5,2025-01-01 03:48:09,83.97
5,2025-01-01 03:48:36,85.14
5,2025-01-01 03:48:47,85.44
5,2025-01-01 03:48:56,85.53
5,2025-01-01 03:49:26,85.54
5,2025-01-01 03:49:36,84.4
5,2025-01-01 03:49:41,85.48
5,2025-01-01 03:49:49,85.21
5,2025-01-01 03:49:54,85.17
5,2025-01-01 03:50:12,84.04
5,2025-01-01 03:50:26,84.51
5,2025-01-01 03:50:53,84.51
5,2025-01-01 03:51:11,84.97
5,2025-01-01 03:51:20,83.5
5,2025-01-01 03:51:49,82.11
5,2025-01-01 03:52:19,81.53
5,2025-01-01 03:52:37,82.28
5,2025-01-01 03:53:02,83.55
5,2025-01-01 03:53:28,84.93
5,2025-01-01 03:53:44,84.26
5,2025-01-01 03:54:10,85.72
5,2025-01-01 03:54:15,87.09
5,2025-01-01 03:54:34,86.47
5,2025-01-01 03:54:56,87.13
5,2025-01-01 03:55:10,85.97
5,2025-01-01 03:55:38,86.19
5,2025-01-01 03:56:02,85.49
5,2025-01-01 03:56:16,85.84
5,2025-01-01 03:56:24,87.03
5,2025-01-01 03:56:43,86.37
5,2025-01-01 03:57:09,86.58
5,2025-01-01 03:57:18,85.29
5,2025-01-01 03:57:47,84.27
5,2025-01-01 03:58:06,83.35
5,2025-01-01 03:58:16,84.83
5,2025-01-01 03:58:45,84.29
5,2025-01-01 03:59:09,84.08
5,2025-01-01 03:59:22,83.43
5,2025-01-01 03:59:51,84.59
5,2025-01-01 04:00:09,85.97
5,2025-01-01 04:00:34,85.8
5,2025-01-01 04:01:02,87.08
5,2025-01-01 04:01:30,86.28
5,2025-01-01 04:01:42,85.15
5,2025-01-01 04:01:57,85.65
5,2025-01-01 04:02:05,85.03
5,2025-01-01 04:02:35,84.54
5,2025-01-01 04:02:46,85.86
5,2025-01-01 04:02:58,84.96
5,2025-01-01 04:03:10,85.44
5,2025-01-01 04:03:36,85.42
5,2025-01-01 04:03:49,84.36
5,2025-01-01 04:04:14,85.73
5,2025-01-01 04:04:40,87.07
5,2025-01-01 04:05:06,86.08
5,2025-01-01 04:05:13,87.09
5,2025-01-01 04:05:32,86.04
5,2025-01-01 04:05:44,86.94
5,2025-01-01 04:05:54,85.87
5,2025-01-01 04:06:20,87.04
5,2025-01-01 04:06:34,88.07
5,2025-01-01 04:06:43,88.66
5,2025-01-01 04:07:13,87.49
5,2025-01-01 04:07:18,87.05
5,2025-01-01 04:07:46,86.75
5,2025-01-01 04:07:51,88.02
5,2025-01-01 04:08:02,87.15
5,2025-01-01 04:08:25,86.46
5,2025-01-01 04:08:53,87.82
5,2025-01-01 04:09:02,87.24
5,2025-01-01 04:09:16,88.58
5,2025-01-01 04:09:46,89.06
5,2025-01-01 04:09:53,88.34
5,2025-01-01 04:10:00,86.92
5,2025-01-01 04:10:07,85.78
5,2025-01-01 04:10:31,84.55
5,2025-01-01 04:10:39,85.38
5,2025-01-01 04:10:54,84.26
5,2025-01-01 04:11:08,83.37
5,2025-01-01 04:11:28,82.84
5,2025-01-01 04:11:37,83.03
5,2025-01-01 04:11:58,83.91
5,2025-01-01 04:12:04,83.91
5,2025-01-01 04:12:10,85.16
5,2025-01-01 04:12:39,83.89
5,2025-01-01 04:12:59,83.49
5,2025-01-01 04:13:25,82.79
5,2025-01-01 04:13:30,82.14
5,2025-01-01 04:13:52,82.67
5,2025-01-01 04:14:15,82.95
5,2025-01-01 04:14:23,82.32
5,2025-01-01 04:14:40,82.65
5,2025-01-01 04:15:03,81.17
5,2025-01-01 04:15:29,81.69
5,2025-01-01 04:15:57,82.31
5,2025-01-01 04:16:20,81.79
5,2025-01-01 04:16:44,83.27
5,2025-01-01 04:16:53,81.94
5,2025-01-01 04:17:13,81.99
5,2025-01-01 04:17:27,81.52
5,2025-01-01 04:17:39,81.33
5,2025-01-01 04:17:51,82.02
5,2025-01-01 04:18:02,82.06
5,2025-01-01 04:18:09,83.08
5,2025-01-01 04:18:23,83.54
5,2025-01-01 04:18:50,82.22
5,2025-01-01 04:19:14,83.52
5,2025-01-01 04:19:37,84.1
5,2025-01-01 04:20:05,83.55
5,2025-01-01 04:20:18,83.23
5,2025-01-01 04:20:41,84.01
5,2025-01-01 04:20:59,83.98
5,2025-01-01 04:21:16,84.07
5,2025-01-01 04:21:38,83.0
5,2025-01-01 04:21:51,82.55
5,2025-01-01 04:22:00,82.93
5,2025-01-01 04:22:27,82.37
5,2025-01-01 04:22:35,82.1
5,2025-01-01 04:22:47,81.07
5,2025-01-01 04:23:06,79.61
5,2025-01-01 04:23:20,81.05
5,2025-01-01 04:23:46,81.1
5,2025-01-01 04:24:05,79.67
5,2025-01-01 04:24:22,79.5
5,2025-01-01 04:24:38,78.23
5,2025-01-01 04:25:04,78.97
5,2025-01-01 04:25:13,77.93
5,2025-01-01 04:25:34,77.97
5,2025-01-01 04:25:59,79.35
5,2025-01-01 04:26:10,78.78
5,2025-01-01 04:26:21,79.1
5,2025-01-01 04:26:39,78.73
5,2025-01-01 04:27:06,78.17
5,2025-01-01 04:27:30,78.36
5,2025-01-01 04:27:39,78.61
5,2025-01-01 04:27:58,77.27
5,2025-01-01 04:28:15,78.51
5,2025-01-01 04:28:36,78.28
5,2025-01-01 04:28:41,76.99
5,2025-01-01 04:28:59,76.55
5,2025-01-01 04:29:25,75.22
5,2025-01-01 04:29:47,76.69
5,2025-01-01 04:29:54,75.78
5,2025-01-01 04:30:10,77.03
5,2025-01-01 04:30:37,77.68
5,2025-01-01 04:30:45,77.24
5,2025-01-01 04:30:59,76.76
5,2025-01-01 04:31:07,76.78
5,2025-01-01 04:31:21,78.06
5,2025-01-01 04:31:33,79.38
5,2025-01-01 04:32:03,80.39
5,2025-01-01 04:32:20,79.74
5,2025-01-01 04:32:42,80.2
5,2025-01-01 04:33:08,80.19
5,2025-01-01 04:33:20,80.88
5,2025-01-01 04:33:25,82.28
5,2025-01-01 04:33:54,80.93
5,2025-01-01 04:34:07,79.63
5,2025-01-01 04:34:20,78.77
5,2025-01-01 04:34:49,78.03
5,2025-01-01 04:35:10,77.02
5,2025-01-01 04:35:36,76.48
5,2025-01-01 04:36:02,75.87
5,2025-01-01 04:36:20,76.7
5,2025-01-01 04:36:44,76.62
5,2025-01-01 04:36:54,75.19
5,2025-01-01 04:37:09,74.29
5,2025-01-01 04:37:33,74.09
5,2025-01-01 04:38:00,74.5
5,2025-01-01 04:38:23,73.03
5,2025-01-01 04:38:33,71.94
5,2025-01-01 04:38:55,71.73
5,2025-01-01 04:39:19,72.33
5,2025-01-01 04:39:25,73.24
5,2025-01-01 04:39:35,72.32
5,2025-01-01 04:39:51,71.85
5,2025-01-01 04:40:20,70.79
5,2025-01-01 04:40:39,70.57
5,2025-01-01 04:40:44,70.44
5,2025-01-01 04:40:51,69.02
5,2025-01-01 04:41:04,68.6
5,2025-01-01 04:41:09,68.63
5,2025-01-01 04:41:14,67.77
5,2025-01-01 04:41:38,68.04
5,2025-01-01 04:41:59,67.52
5,2025-01-01 04:42:08,67.57
5,2025-01-01 04:42:31,67.06
5,2025-01-01 04:42:49,68.06
5,2025-01-01 04:43:14,67.41
5,2025-01-01 04:43:29,68.89
5,2025-01-01 04:43:40,69.29
5,2025-01-01 04:43:54,69.11
5,2025-01-01 04:44:12,70.09
5,2025-01-01 04:44:35,69.99
5,2025-01-01 04:44:51,71.01
5,2025-01-01 04:45:01,70.32
5,2025-01-01 04:45:27,71.59
5,2025-01-01 04:45:33,72.9
5,2025-01-01 04:45:51,73.68
5,2025-01-01 04:46:21,72.64
5,2025-01-01 04:46:38,71.38
5,2025-01-01 04:46:57,70.17
5,2025-01-01 04:47:27,70.77
5,2025-01-01 04:47:55,70.89
5,2025-01-01 04:48:01,70.96
5,2025-01-01 04:48:08,71.18
5,2025-01-01 04:48:37,70.12
5,2025-01-01 04:48:57,68.62
5,2025-01-01 04:49:03,69.25
5,2025-01-01 04:49:16,70.17
5,2025-01-01 04:49:22,70.0
5,2025-01-01 04:49:35,71.48
5,2025-01-01 04:49:42,70.76
5,2025-01-01 04:49:51,70.43
5,2025-01-01 04:50:08,70.03
5,2025-01-01 04:50:19,70.3
5,2025-01-01 04:50:49,71.58
5,2025-01-01 04:50:58,71.72
5,2025-01-01 04:51:21,71.01
5,2025-01-01 04:51:37,71.97
5,2025-01-01 04:51:51,72.78
5,2025-01-01 04:51:58,71.72
5,2025-01-01 04:52:11,70.94
5,2025-01-01 04:52:32,71.63
5,2025-01-01 04:52:59,71.33
5,2025-01-01 04:53:06,69.92
5,2025-01-01 04:53:18,69.64
5,2025-01-01 04:53:26,70.06
5,2025-01-01 04:53:47,70.52
5,2025-01-01 04:54:03,70.1
5,2025-01-01 04:54:29,69.79
5,2025-01-01 04:54:52,70.34
5,2025-01-01 04:54:59,71.48
5,2025-01-01 04:55:08,72.93
5,2025-01-01 04:55:38,72.61
5,2025-01-01 04:56:05,71.28
5,2025-01-01 04:56:16,70.73
5,2025-01-01 04:56:32,71.38
5,2025-01-01 04:56:43,71.72
5,2025-01-01 04:56:52,71.6
5,2025-01-01 04:57:19,70.13
5,2025-01-01 04:57:31,71.29
5,2025-01-01 04:57:50,72.18
5,2025-01-01 04:57:55,71.28
5,2025-01-01 04:58:06,71.71
5,2025-01-01 04:58:25,71.95
5,2025-01-01 04:58:50,73.23
5,2025-01-01 04:59:08,72.08
5,2025-01-01 04:59:16,70.87
5,2025-01-01 04:59:41,69.99
5,2025-01-01 05:00:04,69.88
5,2025-01-01 05:00:13,71.33
5,2025-01-01 05:00:22,72.47
5,2025-01-01 05:00:39,71.94
5,2025-01-01 05:00:44,72.85
5,2025-01-01 05:01:01,72.31
5,2025-01-01 05:01:31,71.12
5,2025-01-01 05:02:00,69.63
5,2025-01-01 05:02:30,68.13
5,2025-01-01 05:02:46,67.69
5,2025-01-01 05:03:00,68.58
5,2025-01-01 05:03:16,68.26
5,2025-01-01 05:03:26,68.78
5,2025-01-01 05:03:52,69.76
5,2025-01-01 05:03:59,71.15
5,2025-01-01 05:04:14,72.61
5,2025-01-01 05:04:34,73.75
5,2025-01-01 05:05:03,74.65
5,2025-01-01 05:05:12,75.07
5,2025-01-01 05:05:31,74.74
5,2025-01-01 05:05:42,75.82
5,2025-01-01 05:06:08,77.17
5,2025-01-01 05:06:31,77.61
5,2025-01-01 05:06:46,78.12
5,2025-01-01 05:07:14,78.28
5,2025-01-01 05:07:27,77.82
5,2025-01-01 05:07:35,78.03
5,2025-01-01 05:07:50,77.68
5,2025-01-01 05:08:18,79.03
5,2025-01-01 05:08:42,78.61
5,2025-01-01 05:08:54,77.52
5,2025-01-01 05:09:14,76.99
5,2025-01-01 05:09:43,75.59
5,2025-01-01 05:10:12,76.16
5,2025-01-01 05:10:18,75.37
5,2025-01-01 05:10:38,74.0
5,2025-01-01 05:10:53,74.91
5,2025-01-01 05:11:14,73.53
5,2025-01-01 05:11:35,72.05
5,2025-01-01 05:12:03,71.07
5,2025-01-01 05:12:25,72.13
5,2025-01-01 05:12:50,73.61
5,2025-01-01 05:12:56,72.83
5,2025-01-01 05:13:13,74.18
5,2025-01-01 05:13:35,73.0
5,2025-01-01 05:13:49,73.04
5,2025-01-01 05:14:04,73.61
5,2025-01-01 05:14:25,72.46
5,2025-01-01 05:14:49,71.42
5,2025-01-01 05:15:03,72.9
5,2025-01-01 05:15:09,73.3
5,2025-01-01 05:15:28,72.47
5,2025-01-01 05:15:47,72.46
5,2025-01-01 05:15:54,71.43
5,2025-01-01 05:16:22,70.77
5,2025-01-01 05:16:50,70.06
5,2025-01-01 05:17:03,71.47
5,2025-01-01 05:17:10,72.02
5,2025-01-01 05:17:37,72.2
5,2025-01-01 05:18:00,73.2
5,2025-01-01 05:18:29,74.68
5,2025-01-01 05:18:45,75.99
5,2025-01-01 05:18:59,77.38
5,2025-01-01 05:19:27,78.5
5,2025-01-01 05:19:50,77.05
5,2025-01-01 05:20:00,76.28
5,2025-01-01 05:20:11,76.36
5,2025-01-01 05:20:16,77.73
5,2025-01-01 05:20:24,79.18
5,2025-01-01 05:20:43,78.89
5,2025-01-01 05:21:08,77.43
5,2025-01-01 05:21:19,77.61
5,2025-01-01 05:21:27,79.1
5,2025-01-01 05:21:40,79.45
5,2025-01-01 05:21:54,78.29
5,2025-01-01 05:22:11,77.08
5,2025-01-01 05:22:29,78.38
5,2025-01-01 05:22:49,79.72
5,2025-01-01 05:23:07,80.89
5,2025-01-01 05:23:16,81.5
5,2025-01-01 05:23:29,80.61
5,2025-01-01 05:23:38,80.85
5,2025-01-01 05:23:47,81.55
5,2025-01-01 05:23:55,81.38
5,2025-01-01 05:24:18,80.93
5,2025-01-01 05:24:45,81.75
5,2025-01-01 05:25:11,81.24
5,2025-01-01 05:25:37,81.7
5,2025-01-01 05:25:46,82.76
5,2025-01-01 05:25:56,82.93
5,2025-01-01 05:26:18,84.08
5,2025-01-01 05:26:25,84.1
5,2025-01-01 05:26:44,85.54
5,2025-01-01 05:27:07,86.21
5,2025-01-01 05:27:32,87.63
5,2025-01-01 05:27:53,86.86
5,2025-01-01 05:28:17,85.88
5,2025-01-01 05:28:47,86.65
5,2025-01-01 05:28:57,86.59
5,2025-01-01 05:29:23,86.39
5,2025-01-01 05:29:48,86.26
5,2025-01-01 05:30:17,85.53
5,2025-01-01 05:30:36,86.03
5,2025-01-01 05:30:48,85.52
5,2025-01-01 05:31:12,84.6
5,2025-01-01 05:31:30,85.56
5,2025-01-01 05:31:38,86.24
5,2025-01-01 05:32:00,86.38
5,2025-01-01 05:32:11,85.06
5,2025-01-01 05:32:24,86.08
5,2025-01-01 05:32:31,87.34
5,2025-01-01 05:32:36,86.3
5,2025-01-01 05:32:41,87.59
5,2025-01-01 05:32:55,86.46
5,2025-01-01 05:33:00,86.54
5,2025-01-01 05:33:30,85.38
5,2025-01-01 05:34:00,85.99
5,2025-01-01 05:34:23,84.67
5,2025-01-01 05:34:37,83.94
5,2025-01-01 05:34:45,83.47
5,2025-01-01 05:34:53,82.54
5,2025-01-01 05:35:18,83.33
5,2025-01-01 05:35:34,83.61
5,2025-01-01 05:36:03,83.71
5,2025-01-01 05:36:11,82.6
5,2025-01-01 05:36:18,82.26
5,2025-01-01 05:36:41,82.89
5,2025-01-01 05:36:52,82.73
5,2025-01-01 05:37:12,82.82
5,2025-01-01 05:37:24,82.26
5,2025-01-01 05:37:33,80.98
5,2025-01-01 05:37:54,80.21
5,2025-01-01 05:38:02,79.26
5,2025-01-01 05:38:12,80.66
5,2025-01-01 05:38:41,82.09
5,2025-01-01 05:39:09,81.47
5,2025-01-01 05:39:28,82.95
5,2025-01-01 05:39:49,82.81
5,2025-01-01 05:40:07,82.48
5,2025-01-01 05:40:14,81.89
5,2025-01-01 05:40:29,81.82
5,2025-01-01 05:40:52,83.02
5,2025-01-01 05:41:15,83.49
5,2025-01-01 05:41:28,83.06
5,2025-01-01 05:41:45,82.11
5,2025-01-01 05:42:02,81.51
5,2025-01-01 05:42:07,81.49
5,2025-01-01 05:42:26,80.49
5,2025-01-01 05:42:43,79.28
5,2025-01-01 05:43:10,77.86
5,2025-01-01 05:43:18,77.55
5,2025-01-01 05:43:43,77.04
5,2025-01-01 05:43:57,76.16
5,2025-01-01 05:44:09,76.83
5,2025-01-01 05:44:25,75.56
5,2025-01-01 05:44:46,75.06
5,2025-01-01 05:45:05,74.95
5,2025-01-01 05:45:19,74.62
5,2025-01-01 05:45:32,75.2
5,2025-01-01 05:45:54,74.93
5,2025-01-01 05:46:01,74.45
5,2025-01-01 05:46:16,73.32
5,2025-01-01 05:46:29,73.21
5,2025-01-01 05:46:39,72.08
5,2025-01-01 05:47:03,72.7
5,2025-01-01 05:47:31,72.9
5,2025-01-01 05:47:46,71.89
5,2025-01-01 05:47:55,73.0
5,2025-01-01 05:48:15,72.0
5,2025-01-01 05:48:31,73.21
5,2025-01-01 05:49:01,74.17
5,2025-01-01 05:49:06,73.72
5,2025-01-01 05:49:20,73.27
5,2025-01-01 05:49:30,73.51
5,2025-01-01 05:49:49,74.13
5,2025-01-01 05:50:17,73.18
5,2025-01-01 05:50:34,72.64
5,2025-01-01 05:51:01,72.63
5,2025-01-01 05:51:17,72.08
5,2025-01-01 05:51:28,71.98
5,2025-01-01 05:51:44,72.12
5,2025-01-01 05:52:13,72.39
5,2025-01-01 05:52:21,72.84
5,2025-01-01 05:52:48,73.68
5,2025-01-01 05:53:10,73.55
5,2025-01-01 05:53:34,72.39
5,2025-01-01 05:53:40,71.03
5,2025-01-01 05:53:51,71.02
5,2025-01-01 05:53:57,70.67
5,2025-01-01 05:54:12,71.37
5,2025-01-01 05:54:38,72.18
5,2025-01-01 05:54:43,71.49
5,2025-01-01 05:54:48,72.08
5,2025-01-01 05:55:16,71.26
5,2025-01-01 05:55:34,70.33
5,2025-01-01 05:55:59,71.25
5,2025-01-01 05:56:29,71.9
5,2025-01-01 05:56:56,71.91
5,2025-01-01 05:57:08,72.52
5,2025-01-01 05:57:15,72.3
5,2025-01-01 05:57:27,73.09
5,2025-01-01 05:57:33,73.01
5,2025-01-01 05:57:44,73.85
5,2025-01-01 05:58:11,74.07
5,2025-01-01 05:58:22,75.55
5,2025-01-01 05:58:28,75.45
5,2025-01-01 05:58:50,76.67
5,2025-01-01 05:59:15,76.04
5,2025-01-01 05:59:36,75.43
5,2025-01-01 05:59:54,76.83
5,2025-01-01 06:00:11,76.04
5,2025-01-01 06:00:26,76.23
5,2025-01-01 06:00:33,76.52
5,2025-01-01 06:00:48,76.49
5,2025-01-01 06:01:00,77.97
5,2025-01-01 06:01:30,79.24
5,2025-01-01 06:01:57,80.25
5,2025-01-01 06:02:06,79.67
5,2025-01-01 06:02:36,80.16
5,2025-01-01 06:03:01,79.18
5,2025-01-01 06:03:08,78.39
5,2025-01-01 06:03:17,78.98
5,2025-01-01 06:03:45,79.8
5,2025-01-01 06:03:57,80.27
5,2025-01-01 06:04:09,80.01
5,2025-01-01 06:04:27,80.96
5,2025-01-01 06:04:56,81.26
5,2025-01-01 06:05:16,80.55
5,2025-01-01 06:05:38,80.57
5,2025-01-01 06:06:02,80.42
5,2025-01-01 06:06:31,81.4
5,2025-01-01 06:06:49,81.6
5,2025-01-01 06:06:58,82.85
5,2025-01-01 06:07:12,84.31
5,2025-01-01 06:07:38,83.56
5,2025-01-01 06:07:55,84.18
5,2025-01-01 06:08:17,85.63
5,2025-01-01 06:08:35,84.83
5,2025-01-01 06:08:50,85.56
5,2025-01-01 06:09:05,84.85
5,2025-01-01 06:09:16,84.21
5,2025-01-01 06:09:33,83.18
5,2025-01-01 06:09:40,82.37
5,2025-01-01 06:10:08,81.85
5,2025-01-01 06:10:21,82.21
5,2025-01-01 06:10:32,82.26
5,2025-01-01 06:10:40,83.67
5,2025-01-01 06:10:46,82.23
5,2025-01-01 06:11:15,83.23
5,2025-01-01 06:11:45,83.58
5,2025-01-01 06:11:50,83.17
5,2025-01-01 06:12:01,82.18
5,2025-01-01 06:12:07,81.64
5,2025-01-01 06:12:32,81.37
5,2025-01-01 06:12:55,81.41
5,2025-01-01 06:13:23,82.52
5,2025-01-01 06:13:32,82.02
5,2025-01-01 06:13:56,81.64
5,2025-01-01 06:14:06,82.2
5,2025-01-01 06:14:29,82.93
5,2025-01-01 06:14:42,83.54
5,2025-01-01 06:14:59,82.41
5,2025-01-01 06:15:24,83.65
5,2025-01-01 06:15:44,83.04
5,2025-01-01 06:16:03,83.53
5,2025-01-01 06:16:20,84.34
5,2025-01-01 06:16:47,84.63
5,2025-01-01 06:16:58,86.1
5,2025-01-01 06:17:11,84.71
5,2025-01-01 06:17:40,83.58
5,2025-01-01 06:18:03,84.31
5,2025-01-01 06:18:13,82.98
5,2025-01-01 06:18:31,84.3
5,2025-01-01 06:18:41,85.69
5,2025-01-01 06:19:07,84.4
5,2025-01-01 06:19:23,85.55
5,2025-01-01 06:19:53,85.46
5,2025-01-01 06:19:58,84.0
5,2025-01-01 06:20:20,84.22
5,2025-01-01 06:20:43,84.03
5,2025-01-01 06:20:48,84.91
5,2025-01-01 06:21:09,85.98
5,2025-01-01 06:21:21,86.24
5,2025-01-01 06:21:43,86.74
5,2025-01-01 06:21:58,86.06
5,2025-01-01 06:22:17,84.8
5,2025-01-01 06:22:47,84.29
5,2025-01-01 06:23:06,85.61
5,2025-01-01 06:23:12,84.9
5,2025-01-01 06:23:39,84.02
5,2025-01-01 06:23:59,82.87
5,2025-01-01 06:24:18,82.32
5,2025-01-01 06:24:24,83.43
5,2025-01-01 06:24:46,82.35
5,2025-01-01 06:24:55,81.7
5,2025-01-01 06:25:08,82.08
5,2025-01-01 06:25:24,81.5
5,2025-01-01 06:25:45,81.56
5,2025-01-01 06:25:54,81.41
5,2025-01-01 06:26:18,82.79
5,2025-01-01 06:26:44,82.77
5,2025-01-01 06:27:02,82.48
5,2025-01-01 06:27:28,81.48
5,2025-01-01 06:27:50,82.21
5,2025-01-01 06:27:56,82.09
5,2025-01-01 06:28:13,81.78
5,2025-01-01 06:28:24,82.58
5,2025-01-01 06:28:37,81.43
5,2025-01-01 06:28:58,81.99
5,2025-01-01 06:29:17,82.78
5,2025-01-01 06:29:26,83.27
5,2025-01-01 06:29:48,83.59
5,2025-01-01 06:30:17,82.73
5,2025-01-01 06:30:40,82.13
5,2025-01-01 06:30:48,80.73
5,2025-01-01 06:31:17,81.84
5,2025-01-01 06:31:22,81.4
5,2025-01-01 06:31:50,80.45
5,2025-01-01 06:31:55,81.45
5,2025-01-01 06:32:05,82.91
5,2025-01-01 06:32:11,83.92
5,2025-01-01 06:32:38,84.64
5,2025-01-01 06:32:46,83.33
5,2025-01-01 06:33:07,81.96
5,2025-01-01 06:33:13,82.88
5,2025-01-01 06:33:36,83.49
5,2025-01-01 06:33:46,82.12
5,2025-01-01 06:33:57,81.45
5,2025-01-01 06:34:23,82.61
5,2025-01-01 06:34:53,83.65
5,2025-01-01 06:34:58,84.95
5,2025-01-01 06:35:27,85.14
5,2025-01-01 06:35:50,84.24
5,2025-01-01 06:36:18,82.78
5,2025-01-01 06:36:33,81.51
5,2025-01-01 06:36:50,81.12
5,2025-01-01 06:37:03,82.58
5,2025-01-01 06:37:30,82.27
5,2025-01-01 06:37:39,81.14
5,2025-01-01 06:37:55,81.89
5,2025-01-01 06:38:00,81.86
5,2025-01-01 06:38:07,80.94
5,2025-01-01 06:38:20,81.73
5,2025-01-01 06:38:37,82.41
5,2025-01-01 06:38:48,82.65
5,2025-01-01 06:39:02,81.8
5,2025-01-01 06:39:20,82.66
5,2025-01-01 06:39:44,83.14
5,2025-01-01 06:39:52,82.84
5,2025-01-01 06:40:19,83.71
5,2025-01-01 06:40:35,84.98
5,2025-01-01 06:40:57,84.52
5,2025-01-01 06:41:09,84.55
5,2025-01-01 06:41:14,85.96
5,2025-01-01 06:41:32,86.89
5,2025-01-01 06:41:46,87.26
5,2025-01-01 06:41:58,88.42
5,2025-01-01 06:42:03,87.64
5,2025-01-01 06:42:29,87.84
5,2025-01-01 06:42:44,86.48
5,2025-01-01 06:42:51,87.86
5,2025-01-01 06:43:09,87.44
5,2025-01-01 06:43:38,87.4
5,2025-01-01 06:43:59,86.87
5,2025-01-01 06:44:06,85.93
5,2025-01-01 06:44:13,86.75
5,2025-01-01 06:44:37,86.81
5,2025-01-01 06:44:52,88.04
5,2025-01-01 06:45:15,89.25
5,2025-01-01 06:45:21,89.66
5,2025-01-01 06:45:42,88.98
5,2025-01-01 06:45:48,88.71
5,2025-01-01 06:46:09,87.9
5,2025-01-01 06:46:37,89.37
5,2025-01-01 06:46:56,88.66
5,2025-01-01 06:47:15,89.68
5,2025-01-01 06:47:34,90.9
5,2025-01-01 06:47:41,89.8
5,2025-01-01 06:47:54,89.09
5,2025-01-01 06:48:24,87.95
5,2025-01-01 06:48:48,88.07
5,2025-01-01 06:49:17,89.19
5,2025-01-01 06:49:23,88.2
5,2025-01-01 06:49:40,89.18
5,2025-01-01 06:49:56,90.14
5,2025-01-01 06:50:05,90.66
5,2025-01-01 06:50:24,89.77
5,2025-01-01 06:50:41,90.19
5,2025-01-01 06:51:04,90.67
5,2025-01-01 06:51:15,89.22
5,2025-01-01 06:51:38,88.61
5,2025-01-01 06:51:52,87.3
5,2025-01-01 06:52:03,88.53
5,2025-01-01 06:52:32,89.0
5,2025-01-01 06:52:51,88.61
5,2025-01-01 06:53:04,87.36
5,2025-01-01 06:53:28,88.06
5,2025-01-01 06:53:35,88.85
5,2025-01-01 06:53:54,89.02
5,2025-01-01 06:54:03,90.07
5,2025-01-01 06:54:18,91.35
5,2025-01-01 06:54:35,90.4
5,2025-01-01 06:54:46,91.04
5,2025-01-01 06:55:09,91.59
5,2025-01-01 06:55:35,91.55
5,2025-01-01 06:55:59,90.83
5,2025-01-01 06:56:28,90.5
5,2025-01-01 06:56:41,91.99
5,2025-01-01 06:56:50,90.59
5,2025-01-01 06:57:06,91.85
5,2025-01-01 06:57:28,91.83
5,2025-01-01 06:57:38,93.03
5,2025-01-01 06:57:43,93.21
5,2025-01-01 06:57:53,94.47
5,2025-01-01 06:57:59,94.86
5,2025-01-01 06:58:18,95.58
5,2025-01-01 06:58:41,95.55
5,2025-01-01 06:58:52,95.82
5,2025-01-01 06:59:04,94.33
5,2025-01-01 06:59:32,93.81
5,2025-01-01 06:59:40,93.64
5,2025-01-01 07:00:07,94.39
5,2025-01-01 07:00:24,95.64
5,2025-01-01 07:00:48,95.04
5,2025-01-01 07:01:13,95.83
5,2025-01-01 07:01:42,97.13
5,2025-01-01 07:01:55,96.95
5,2025-01-01 07:02:21,97.37
5,2025-01-01 07:02:27,97.03
5,2025-01-01 07:02:43,98.52
5,2025-01-01 07:02:57,99.48
5,2025-01-01 07:03:02,100.66
5,2025-01-01 07:03:19,101.89
5,2025-01-01 07:03:36,102.47
5,2025-01-01 07:03:44,101.25
5,2025-01-01 07:03:50,100.28
5,2025-01-01 07:04:15,100.74
5,2025-01-01 07:04:26,99.25
5,2025-01-01 07:04:38,99.32
5,2025-01-01 07:05:03,100.11
5,2025-01-01 07:05:17,99.34
5,2025-01-01 07:05:28,98.51
5,2025-01-01 07:05:34,99.03
5,2025-01-01 07:06:01,99.47
5,2025-01-01 07:06:08,100.61
5,2025-01-01 07:06:23,101.99
5,2025-01-01 07:06:53,102.6
5,2025-01-01 07:07:15,102.07
5,2025-01-01 07:07:34,102.82
5,2025-01-01 07:07:57,101.48
5,2025-01-01 07:08:09,100.55
5,2025-01-01 07:08:26,100.42
5,2025-01-01 07:08:43,101.92
5,2025-01-01 07:09:12,100.83
5,2025-01-01 07:09:37,100.35
5,2025-01-01 07:09:45,100.49
5,2025-01-01 07:09:53,101.08
5,2025-01-01 07:10:16,101.54
5,2025-01-01 07:10:33,102.15
5,2025-01-01 07:10:43,102.34
5,2025-01-01 07:11:07,101.1
5,2025-01-01 07:11:32,101.48
5,2025-01-01 07:11:48,101.98
5,2025-01-01 07:11:55,101.54
5,2025-01-01 07:12:08,100.33
5,2025-01-01 07:12:24,101.24
5,2025-01-01 07:12:43,101.95
5,2025-01-01 07:13:03,103.23
5,2025-01-01 07:13:19,102.92
5,2025-01-01 07:13:49,102.24
5,2025-01-01 07:13:56,102.2
5,2025-01-01 07:14:25,101.53
5,2025-01-01 07:14:50,100.87
5,2025-01-01 07:15:02,99.85
5,2025-01-01 07:15:25,99.45
5,2025-01-01 07:15:43,99.87
5,2025-01-01 07:15:57,98.86
5,2025-01-01 07:16:05,99.68
5,2025-01-01 07:16:28,100.66
5,2025-01-01 07:16:54,101.88
5,2025-01-01 07:17:12,102.89
5,2025-01-01 07:17:40,102.15
5,2025-01-01 07:17:53,102.98
5,2025-01-01 07:18:18,102.33
5,2025-01-01 07:18:45,102.29
5,2025-01-01 07:19:03,102.18
5,2025-01-01 07:19:11,102.12
5,2025-01-01 07:19:29,103.33
5,2025-01-01 07:19:43,102.71
5,2025-01-01 07:19:58,103.59
5,2025-01-01 07:20:26,104.19
5,2025-01-01 07:20:38,105.02
5,2025-01-01 07:20:52,103.95
5,2025-01-01 07:21:01,103.46
5,2025-01-01 07:21:09,103.9
5,2025-01-01 07:21:19,104.98
5,2025-01-01 07:21:45,104.91
5,2025-01-01 07:22:06,104.02
5,2025-01-01 07:22:14,104.37
5,2025-01-01 07:22:38,103.18
5,2025-01-01 07:22:45,102.59
5,2025-01-01 07:23:10,102.71
5,2025-01-01 07:23:17,103.85
5,2025-01-01 07:23:44,103.21
5,2025-01-01 07:24:02,103.79
5,2025-01-01 07:24:32,103.32
5,2025-01-01 07:24:57,103.19
5,2025-01-01 07:25:08,104.46
5,2025-01-01 07:25:21,105.74
5,2025-01-01 07:25:49,105.51
5,2025-01-01 07:26:19,104.81
5,2025-01-01 07:26:39,105.17
5,2025-01-01 07:26:52,105.21
5,2025-01-01 07:27:14,104.22
5,2025-01-01 07:27:37,104.06
5,2025-01-01 07:27:57,103.89
5,2025-01-01 07:28:18,102.73
5,2025-01-01 07:28:23,102.76
5,2025-01-01 07:28:33,104.25
5,2025-01-01 07:28:41,103.21
5,2025-01-01 07:28:49,103.57
5,2025-01-01 07:29:01,103.82
5,2025-01-01 07:29:09,104.41
5,2025-01-01 07:29:14,104.19
5,2025-01-01 07:29:22,102.91
5,2025-01-01 07:29:28,102.64
5,2025-01-01 07:29:47,102.98
5,2025-01-01 07:30:00,103.22
5,2025-01-01 07:30:14,102.98
5,2025-01-01 07:30:36,102.04
5,2025-01-01 07:30:52,102.3
5,2025-01-01 07:31:06,102.55
5,2025-01-01 07:31:33,102.78
5,2025-01-01 07:31:59,103.68
5,2025-01-01 07:32:29,103.11
5,2025-01-01 07:32:58,102.43
5,2025-01-01 07:33:10,101.45
5,2025-01-01 07:33:26,101.12
5,2025-01-01 07:33:45,102.52
5,2025-01-01 07:33:55,103.18
5,2025-01-01 07:34:14,103.53
5,2025-01-01 07:34:28,102.1
5,2025-01-01 07:34:34,100.67
5,2025-01-01 07:35:04,101.81
5,2025-01-01 07:35:34,101.06
5,2025-01-01 07:35:41,100.61
5,2025-01-01 07:36:09,101.33
5,2025-01-01 07:36:37,102.65
5,2025-01-01 07:36:53,103.08
5,2025-01-01 07:37:17,104.15
5,2025-01-01 07:37:25,104.04
5,2025-01-01 07:37:37,104.93
5,2025-01-01 07:37:48,105.51
5,2025-01-01 07:38:05,105.27
5,2025-01-01 07:38:14,106.4
5,2025-01-01 07:38:33,106.82
5,2025-01-01 07:39:01,105.85
5,2025-01-01 07:39:14,106.63
5,2025-01-01 07:39:38,108.09
5,2025-01-01 07:40:01,107.15
5,2025-01-01 07:40:27,106.56
5,2025-01-01 07:40:46,105.44
5,2025-01-01 07:41:06,106.53
5,2025-01-01 07:41:11,105.92
5,2025-01-01 07:41:27,105.37
5,2025-01-01 07:41:37,104.19
5,2025-01-01 07:41:43,105.51
5,2025-01-01 07:42:07,106.81
5,2025-01-01 07:42:37,107.21
5,2025-01-01 07:43:04,106.21
5,2025-01-01 07:43:18,107.09
5,2025-01-01 07:43:25,105.67
5,2025-01-01 07:43:42,106.78
5,2025-01-01 07:44:05,108.13
5,2025-01-01 07:44:12,109.07
5,2025-01-01 07:44:38,109.96
5,2025-01-01 07:44:45,110.41
5,2025-01-01 07:44:55,109.36
5,2025-01-01 07:45:17,108.77
5,2025-01-01 07:45:30,109.21
5,2025-01-01 07:45:39,108.97
5,2025-01-01 07:46:06,109.25
5,2025-01-01 07:46:18,109.17
5,2025-01-01 07:46:24,110.43
5,2025-01-01 07:46:43,111.21
5,2025-01-01 07:47:11,111.27
5,2025-01-01 07:47:21,111.91
5,2025-01-01 07:47:41,110.64
5,2025-01-01 07:47:59,111.66
5,2025-01-01 07:48:05,110.21
5,2025-01-01 07:48:28,110.32
5,2025-01-01 07:48:53,111.44
5,2025-01-01 07:49:11,111.64
5,2025-01-01 07:49:36,110.96
5,2025-01-01 07:49:58,109.65
5,2025-01-01 07:50:08,110.93
5,2025-01-01 07:50:15,109.88
5,2025-01-01 07:50:27,110.69
5,2025-01-01 07:50:52,110.99
5,2025-01-01 07:51:07,110.48
5,2025-01-01 07:51:29,110.43
5,2025-01-01 07:51:51,111.03
5,2025-01-01 07:51:57,112.24
5,2025-01-01 07:52:25,110.85
5,2025-01-01 07:52:40,110.5
5,2025-01-01 07:53:10,111.39
5,2025-01-01 07:53:37,111.84
5,2025-01-01 07:53:43,111.88
5,2025-01-01 07:54:04,110.67
5,2025-01-01 07:54:31,111.04
5,2025-01-01 07:54:45,110.76
5,2025-01-01 07:54:55,109.39
5,2025-01-01 07:55:17,110.39
5,2025-01-01 07:55:46,109.69
5,2025-01-01 07:56:12,108.43
5,2025-01-01 07:56:34,108.53
5,2025-01-01 07:56:52,109.14
5,2025-01-01 07:57:15,110.35
5,2025-01-01 07:57:32,110.78
5,2025-01-01 07:57:52,111.11
5,2025-01-01 07:58:11,112.6
5,2025-01-01 07:58:41,113.85
5,2025-01-01 07:58:59,113.87
5,2025-01-01 07:59:22,114.22
5,2025-01-01 07:59:38,114.19
5,2025-01-01 07:59:58,115.17
5,2025-01-01 08:00:18,116.1
5,2025-01-01 08:00:41,115.93
5,2025-01-01 08:00:56,115.67
5,2025-01-01 08:01:11,115.25
5,2025-01-01 08:01:21,116.54
5,2025-01-01 08:01:33,115.6
5,2025-01-01 08:01:49,116.72
5,2025-01-01 08:02:11,117.09
5,2025-01-01 08:02:27,117.4
5,2025-01-01 08:02:53,118.05
5,2025-01-01 08:02:59,119.12
5,2025-01-01 08:03:28,119.33
5,2025-01-01 08:03:35,120.24
5,2025-01-01 08:04:05,119.76
5,2025-01-01 08:04:21,120.09
5,2025-01-01 08:04:49,121.12
5,2025-01-01 08:05:09,122.18
5,2025-01-01 08:05:16,122.9
5,2025-01-01 08:05:44,122.59
5,2025-01-01 08:06:13,123.6
5,2025-01-01 08:06:27,122.91
5,2025-01-01 08:06:42,122.72
5,2025-01-01 08:06:57,121.66
5,2025-01-01 08:07:19,122.12
5,2025-01-01 08:07:32,123.41
5,2025-01-01 08:07:53,122.73
5,2025-01-01 08:08:06,124.04
5,2025-01-01 08:08:11,122.93
5,2025-01-01 08:08:23,121.55
5,2025-01-01 08:08:38,123.02
5,2025-01-01 08:09:03,124.24
5,2025-01-01 08:09:29,123.55
5,2025-01-01 08:09:49,124.28
5,2025-01-01 08:10:17,123.14
5,2025-01-01 08:10:32,121.8
5,2025-01-01 08:10:46,121.64
5,2025-01-01 08:11:08,122.25
5,2025-01-01 08:11:17,121.21
5,2025-01-01 08:11:36,122.54
5,2025-01-01 08:12:04,122.49
5,2025-01-01 08:12:24,122.08
5,2025-01-01 08:12:47,121.64
5,2025-01-01 08:13:04,122.28
5,2025-01-01 08:13:10,123.03
5,2025-01-01 08:13:30,123.23
5,2025-01-01 08:13:52,123.51
5,2025-01-01 08:14:17,122.09
5,2025-01-01 08:14:42,123.57
5,2025-01-01 08:14:49,124.7
5,2025-01-01 08:15:01,125.39
5,2025-01-01 08:15:28,125.53
5,2025-01-01 08:15:41,124.11
5,2025-01-01 08:16:00,124.92
5,2025-01-01 08:16:20,126.39
5,2025-01-01 08:16:44,127.76
5,2025-01-01 08:17:05,126.55
5,2025-01-01 08:17:32,126.96
5,2025-01-01 08:17:38,126.49
5,2025-01-01 08:18:03,125.45
5,2025-01-01 08:18:11,126.27
5,2025-01-01 08:18:27,125.37
5,2025-01-01 08:18:50,123.89
5,2025-01-01 08:19:12,125.21
5,2025-01-01 08:19:40,126.4
5,2025-01-01 08:19:55,127.27
5,2025-01-01 08:20:00,127.62
5,2025-01-01 08:20:10,126.41
5,2025-01-01 08:20:28,125.69
5,2025-01-01 08:20:56,125.48
5,2025-01-01 08:21:24,124.85
5,2025-01-01 08:21:54,125.71
5,2025-01-01 08:22:00,126.77
5,2025-01-01 08:22:18,126.9
5,2025-01-01 08:22:33,127.14
5,2025-01-01 08:22:55,128.45
5,2025-01-01 08:23:25,128.37
5,2025-01-01 08:23:52,127.23
5,2025-01-01 08:23:58,128.25
5,2025-01-01 08:24:08,127.14
5,2025-01-01 08:24:29,126.98
5,2025-01-01 08:24:41,127.08
5,2025-01-01 08:24:57,125.63
5,2025-01-01 08:25:08,124.7
5,2025-01-01 08:25:26,125.29
5,2025-01-01 08:25:44,123.92
5,2025-01-01 08:25:56,122.42
5,2025-01-01 08:26:19,121.25
5,2025-01-01 08:26:28,122.01
5,2025-01-01 08:26:34,122.52
5,2025-01-01 08:26:52,121.57
5,2025-01-01 08:27:15,121.55
5,2025-01-01 08:27:34,121.39
5,2025-01-01 08:27:40,120.85
5,2025-01-01 08:28:01,121.97
5,2025-01-01 08:28:12,121.96
5,2025-01-01 08:28:27,122.46
5,2025-01-01 08:28:53,122.23
5,2025-01-01 08:29:06,121.18
5,2025-01-01 08:29:29,121.56
5,2025-01-01 08:29:38,121.73
5,2025-01-01 08:30:04,121.96
5,2025-01-01 08:30:34,121.1
5,2025-01-01 08:30:53,122.28
5,2025-01-01 08:31:21,122.22
5,2025-01-01 08:31:47,120.83
5,2025-01-01 08:32:17,121.92
5,2025-01-01 08:32:42,122.39
5,2025-01-01 08:32:57,122.4
5,2025-01-01 08:33:02,121.76
5,2025-01-01 08:33:29,122.21
5,2025-01-01 08:33:48,121.21
5,2025-01-01 08:34:08,120.67
5,2025-01-01 08:34:16,120.8
5,2025-01-01 08:34:39,120.87
5,2025-01-01 08:35:09,119.86
5,2025-01-01 08:35:33,119.5
5,2025-01-01 08:35:49,118.56
5,2025-01-01 08:36:04,119.38
5,2025-01-01 08:36:22,118.08
5,2025-01-01 08:36:44,118.2
5,2025-01-01 08:36:53,117.8
5,2025-01-01 08:37:05,119.22
5,2025-01-01 08:37:20,120.32
5,2025-01-01 08:37:40,121.4
5,2025-01-01 08:38:01,120.53
5,2025-01-01 08:38:27,120.31
5,2025-01-01 08:38:56,120.98
5,2025-01-01 08:39:08,121.3
5,2025-01-01 08:39:31,120.72
5,2025-01-01 08:39:40,120.27
5,2025-01-01 08:39:46,119.95
5,2025-01-01 08:39:51,119.24
5,2025-01-01 08:40:16,118.13
5,2025-01-01 08:40:35,119.19
5,2025-01-01 08:40:46,118.63
5,2025-01-01 08:40:57,117.33
5,2025-01-01 08:41:08,118.44
5,2025-01-01 08:41:25,117.07
5,2025-01-01 08:41:32,116.11
5,2025-01-01 08:41:59,117.07
5,2025-01-01 08:42:23,117.24
5,2025-01-01 08:42:28,118.46
5,2025-01-01 08:42:47,117.0
5,2025-01-01 08:43:01,116.5
5,2025-01-01 08:43:21,116.16
5,2025-01-01 08:43:31,117.59
5,2025-01-01 08:43:48,118.02
5,2025-01-01 08:44:03,118.24
5,2025-01-01 08:44:24,119.57
5,2025-01-01 08:44:31,118.35
5,2025-01-01 08:44:52,119.51
5,2025-01-01 08:45:07,118.89
5,2025-01-01 08:45:26,117.92
5,2025-01-01 08:45:43,119.41
5,2025-01-01 08:46:02,118.58
5,2025-01-01 08:46:08,119.24
5,2025-01-01 08:46:21,120.37
5,2025-01-01 08:46:49,119.77
5,2025-01-01 08:47:04,118.8
5,2025-01-01 08:47:16,118.11
5,2025-01-01 08:47:34,117.2
5,2025-01-01 08:48:00,117.32
5,2025-01-01 08:48:11,116.87
5,2025-01-01 08:48:26,116.57
5,2025-01-01 08:48:47,115.93
5,2025-01-01 08:49:14,116.15
5,2025-01-01 08:49:29,117.29
5,2025-01-01 08:49:48,118.76
5,2025-01-01 08:50:03,120.16
5,2025-01-01 08:50:18,121.42
5,2025-01-01 08:50:23,121.8
5,2025-01-01 08:50:35,121.72
5,2025-01-01 08:50:58,122.43
5,2025-01-01 08:51:20,123.23
5,2025-01-01 08:51:40,122.72
5,2025-01-01 08:51:50,121.23
5,2025-01-01 08:51:59,120.07
5,2025-01-01 08:52:29,120.94
5,2025-01-01 08:52:51,122.42
5,2025-01-01 08:53:06,121.07
5,2025-01-01 08:53:23,120.06
5,2025-01-01 08:53:39,120.45
5,2025-01-01 08:53:49,120.59
5,2025-01-01 08:53:58,119.65
5,2025-01-01 08:54:21,120.35
5,2025-01-01 08:54:29,120.53
5,2025-01-01 08:54:43,120.7
5,2025-01-01 08:55:13,119.2
5,2025-01-01 08:55:43,118.75
5,2025-01-01 08:55:49,119.88
5,2025-01-01 08:56:19,119.74
5,2025-01-01 08:56:32,120.7
5,2025-01-01 08:56:56,119.21
5,2025-01-01 08:57:20,119.11
5,2025-01-01 08:57:42,119.61
5,2025-01-01 08:58:00,118.38
5,2025-01-01 08:58:14,119.41
5,2025-01-01 08:58:41,118.25
5,2025-01-01 08:59:02,118.15
5,2025-01-01 08:59:08,119.59
5,2025-01-01 08:59:21,118.32
5,2025-01-01 08:59:51,117.41
5,2025-01-01 09:00:18,116.57
5,2025-01-01 09:00:47,115.66
5,2025-01-01 09:00:56,115.23
5,2025-01-01 09:01:23,115.64
5,2025-01-01 09:01:53,115.84
5,2025-01-01 09:02:12,117.1
5,2025-01-01 09:02:38,118.47
5,2025-01-01 09:02:56,119.57
5,2025-01-01 09:03:01,119.45
5,2025-01-01 09:03:08,118.34
5,2025-01-01 09:03:31,119.66
5,2025-01-01 09:03:51,119.5
5,2025-01-01 09:03:59,119.03
5,2025-01-01 09:04:20,117.89
5,2025-01-01 09:04:26,116.64
5,2025-01-01 09:04:39,115.96
5,2025-01-01 09:04:44,115.27
5,2025-01-01 09:04:50,114.41
5,2025-01-01 09:05:18,114.68
5,2025-01-01 09:05:29,115.41
5,2025-01-01 09:05:42,115.91
5,2025-01-01 09:05:58,115.46
5,2025-01-01 09:06:04,115.41
5,2025-01-01 09:06:27,116.21
5,2025-01-01 09:06:56,115.74
5,2025-01-01 09:07:23,115.02
5,2025-01-01 09:07:34,115.95
5,2025-01-01 09:07:53,117.06
5,2025-01-01 09:08:20,117.08
5,2025-01-01 09:08:27,116.0
5,2025-01-01 09:08:53,116.57
5,2025-01-01 09:09:03,115.39
5,2025-01-01 09:09:25,116.2
5,2025-01-01 09:09:38,115.15
5,2025-01-01 09:10:04,116.56
5,2025-01-01 09:10:33,116.52
5,2025-01-01 09:10:52,116.76
5,2025-01-01 09:11:03,117.13
5,2025-01-01 09:11:29,116.27
5,2025-01-01 09:11:48,117.43
5,2025-01-01 09:12:16,117.97
5,2025-01-01 09:12:30,118.72
5,2025-01-01 09:12:41,118.05
5,2025-01-01 09:12:46,117.99
5,2025-01-01 09:13:14,117.16
5,2025-01-01 09:13:26,115.9
5,2025-01-01 09:13:54,115.93
5,2025-01-01 09:14:14,117.41
5,2025-01-01 09:14:25,117.71
5,2025-01-01 09:14:34,116.69
5,2025-01-01 09:14:44,118.13
5,2025-01-01 09:15:14,119.58
5,2025-01-01 09:15:41,120.86
5,2025-01-01 09:15:49,122.11
5,2025-01-01 09:16:08,123.09
5,2025-01-01 09:16:26,123.82
5,2025-01-01 09:16:36,124.67
5,2025-01-01 09:16:50,123.42
5,2025-01-01 09:17:01,124.18
5,2025-01-01 09:17:11,123.22
5,2025-01-01 09:17:28,122.76
5,2025-01-01 09:17:43,121.84
5,2025-01-01 09:17:59,122.24
5,2025-01-01 09:18:28,121.44
5,2025-01-01 09:18:41,120.53
5,2025-01-01 09:18:52,120.52
5,2025-01-01 09:19:06,119.19
5,2025-01-01 09:19:25,118.57
5,2025-01-01 09:19:47,118.46
5,2025-01-01 09:20:00,117.77
5,2025-01-01 09:20:19,117.14
5,2025-01-01 09:20:48,118.07
5,2025-01-01 09:21:03,118.2
5,2025-01-01 09:21:15,117.37
5,2025-01-01 09:21:43,118.13
5,2025-01-01 09:22:09,116.92
5,2025-01-01 09:22:20,115.71
5,2025-01-01 09:22:49,114.9
5,2025-01-01 09:23:11,116.16
5,2025-01-01 09:23:35,114.98
5,2025-01-01 09:23:53,114.95
5,2025-01-01 09:24:08,115.19
5,2025-01-01 09:24:38,113.99
5,2025-01-01 09:24:58,112.78
5,2025-01-01 09:25:05,113.42
5,2025-01-01 09:25:22,114.33
5,2025-01-01 09:25:34,114.12
5,2025-01-01 09:25:48,115.55
5,2025-01-01 09:26:14,115.46
5,2025-01-01 09:26:43,115.82
5,2025-01-01 09:27:12,115.4
5,2025-01-01 09:27:41,114.88
5,2025-01-01 09:28:06,114.62
5,2025-01-01 09:28:11,115.0
5,2025-01-01 09:28:16,115.44
5,2025-01-01 09:28:33,114.36
5,2025-01-01 09:28:55,112.98
5,2025-01-01 09:29:25,112.25
5,2025-01-01 09:29:45,112.77
5,2025-01-01 09:30:08,113.24
5,2025-01-01 09:30:23,112.76
5,2025-01-01 09:30:47,113.3
5,2025-01-01 09:31:12,112.02
5,2025-01-01 09:31:26,110.63
5,2025-01-01 09:31:40,110.3
5,2025-01-01 09:32:09,111.32
5,2025-01-01 09:32:20,112.26
5,2025-01-01 09:32:30,112.05
5,2025-01-01 09:32:41,112.71
5,2025-01-01 09:32:47,113.89
5,2025-01-01 09:33:06,113.92
5,2025-01-01 09:33:26,114.46
5,2025-01-01 09:33:45,114.87
5,2025-01-01 09:34:09,114.33
5,2025-01-01 09:34:25,115.69
5,2025-01-01 09:34:51,115.35
5,2025-01-01 09:35:02,116.1
5,2025-01-01 09:35:25,115.02
5,2025-01-01 09:35:36,114.81
5,2025-01-01 09:36:04,114.64
5,2025-01-01 09:36:30,113.42
5,2025-01-01 09:36:58,113.26
5,2025-01-01 09:37:24,112.39
5,2025-01-01 09:37:31,110.91
5,2025-01-01 09:37:57,109.61
5,2025-01-01 09:38:20,108.66
5,2025-01-01 09:38:28,107.35
5,2025-01-01 09:38:56,107.47
5,2025-01-01 09:39:06,106.62
5,2025-01-01 09:39:11,105.42
5,2025-01-01 09:39:28,104.99
5,2025-01-01 09:39:37,104.27
5,2025-01-01 09:39:57,104.35
5,2025-01-01 09:40:05,105.27
5,2025-01-01 09:40:31,104.63
5,2025-01-01 09:40:41,105.77
5,2025-01-01 09:40:48,105.95
5,2025-01-01 09:40:56,104.5
5,2025-01-01 09:41:11,103.02
5,2025-01-01 09:41:33,104.1
5,2025-01-01 09:42:00,104.38
5,2025-01-01 09:42:05,103.43
5,2025-01-01 09:42:24,103.38
5,2025-01-01 09:42:39,103.17
5,2025-01-01 09:42:47,104.29
5,2025-01-01 09:42:53,103.78
5,2025-01-01 09:43:22,105.27
5,2025-01-01 09:43:52,105.61
5,2025-01-01 09:44:02,104.41
5,2025-01-01 09:44:30,105.85
5,2025-01-01 09:44:46,106.2
5,2025-01-01 09:45:06,106.45
5,2025-01-01 09:45:31,107.89
5,2025-01-01 09:45:37,107.92
5,2025-01-01 09:45:47,107.23
5,2025-01-01 09:46:03,106.85
5,2025-01-01 09:46:20,107.52
5,2025-01-01 09:46:45,107.9
5,2025-01-01 09:47:13,106.46
5,2025-01-01 09:47:35,106.98
5,2025-01-01 09:47:45,106.84
5,2025-01-01 09:48:01,106.35
5,2025-01-01 09:48:30,104.97
5,2025-01-01 09:48:35,105.16
5,2025-01-01 09:48:57,104.41
5,2025-01-01 09:49:04,104.99
5,2025-01-01 09:49:30,103.85
5,2025-01-01 09:49:55,104.77
5,2025-01-01 09:50:07,104.24
5,2025-01-01 09:50:23,103.88
5,2025-01-01 09:50:42,104.44
5,2025-01-01 09:51:02,104.63
5,2025-01-01 09:51:07,104.45
5,2025-01-01 09:51:37,105.85
5,2025-01-01 09:51:53,104.68
5,2025-01-01 09:52:20,104.18
5,2025-01-01 09:52:36,103.81
5,2025-01-01 09:52:42,105.11
5,2025-01-01 09:52:56,105.38
5,2025-01-01 09:53:26,105.38
5,2025-01-01 09:53:54,105.14
5,2025-01-01 09:54:03,104.08
5,2025-01-01 09:54:28,102.6
5,2025-01-01 09:54:39,103.85
5,2025-01-01 09:54:52,103.79
5,2025-01-01 09:55:14,104.17
5,2025-01-01 09:55:32,103.97
5,2025-01-01 09:55:56,104.19
5,2025-01-01 09:56:18,105.12
5,2025-01-01 09:56:26,105.29
5,2025-01-01 09:56:48,104.99
5,2025-01-01 09:56:53,104.95
5,2025-01-01 09:57:16,104.56
5,2025-01-01 09:57:36,103.69
5,2025-01-01 09:58:00,104.07
5,2025-01-01 09:58:17,104.75
5,2025-01-01 09:58:25,105.08
5,2025-01-01 09:58:31,104.51
5,2025-01-01 09:59:00,105.62
5,2025-01-01 09:59:19,104.8
5,2025-01-01 09:59:40,104.15
5,2025-01-01 10:00:05,103.62
5,2025-01-01 10:00:14,103.74
5,2025-01-01 10:00:27,104.85
5,2025-01-01 10:00:49,105.2
5,2025-01-01 10:01:10,105.34
5,2025-01-01 10:01:31,104.57
5,2025-01-01 10:01:53,105.13
5,2025-01-01 10:02:18,106.56
5,2025-01-01 10:02:35,107.89
5,2025-01-01 10:03:00,107.13
5,2025-01-01 10:03:19,106.49
5,2025-01-01 10:03:24,106.06
5,2025-01-01 10:03:40,106.26
5,2025-01-01 10:04:00,107.42
5,2025-01-01 10:04:25,106.8
5,2025-01-01 10:04:31,105.63
5,2025-01-01 10:04:53,106.29
5,2025-01-01 10:04:59,106.99
5,2025-01-01 10:05:15,107.03
5,2025-01-01 10:05:28,105.54
5,2025-01-01 10:05:35,104.77
5,2025-01-01 10:05:51,105.29
5,2025-01-01 10:06:13,105.11
5,2025-01-01 10:06:27,105.43
5,2025-01-01 10:06:49,106.23
5,2025-01-01 10:07:10,105.79
5,2025-01-01 10:07:27,105.01
5,2025-01-01 10:07:51,105.97
5,2025-01-01 10:08:20,106.37
5,2025-01-01 10:08:27,106.32
5,2025-01-01 10:08:33,106.73
5,2025-01-01 10:09:03,105.49
5,2025-01-01 10:09:26,106.41
5,2025-01-01 10:09:49,106.71
5,2025-01-01 10:10:07,105.58
5,2025-01-01 10:10:25,105.74
5,2025-01-01 10:10:34,106.64
5,2025-01-01 10:10:41,107.61
5,2025-01-01 10:10:59,107.92
5,2025-01-01 10:11:10,108.63
5,2025-01-01 10:11:23,110.02
5,2025-01-01 10:11:33,111.08
5,2025-01-01 10:12:03,109.85
5,2025-01-01 10:12:18,109.02
5,2025-01-01 10:12:32,110.49
5,2025-01-01 10:13:02,111.07
5,2025-01-01 10:13:27,110.4
5,2025-01-01 10:13:39,109.39
5,2025-01-01 10:13:49,109.78
5,2025-01-01 10:13:58,110.21
5,2025-01-01 10:14:17,111.56
5,2025-01-01 10:14:43,111.8
5,2025-01-01 10:15:13,112.43
5,2025-01-01 10:15:32,113.54
5,2025-01-01 10:16:00,112.4
5,2025-01-01 10:16:29,113.66
5,2025-01-01 10:16:55,114.28
5,2025-01-01 10:17:02,113.6
5,2025-01-01 10:17:07,113.23
5,2025-01-01 10:17:26,114.0
5,2025-01-01 10:17:49,114.89
5,2025-01-01 10:18:02,116.06
5,2025-01-01 10:18:13,117.39
5,2025-01-01 10:18:30,117.17
5,2025-01-01 10:18:59,117.88
5,2025-01-01 10:19:16,118.98
5,2025-01-01 10:19:43,119.66
5,2025-01-01 10:20:01,120.23
5,2025-01-01 10:20:07,120.71
5,2025-01-01 10:20:29,121.11
5,2025-01-01 10:20:54,120.37
5,2025-01-01 10:21:13,119.6
5,2025-01-01 10:21:21,118.77
5,2025-01-01 10:21:47,119.98
5,2025-01-01 10:22:05,120.33
5,2025-01-01 10:22:15,119.12
5,2025-01-01 10:22:37,119.23
5,2025-01-01 10:22:52,117.85
5,2025-01-01 10:23:01,118.43
5,2025-01-01 10:23:27,119.67
5,2025-01-01 10:23:49,120.35
5,2025-01-01 10:24:18,120.9
5,2025-01-01 10:24:31,119.49
5,2025-01-01 10:24:47,119.8
5,2025-01-01 10:25:11,119.03
5,2025-01-01 10:25:34,117.54
5,2025-01-01 10:25:43,118.8
5,2025-01-01 10:26:01,117.61
5,2025-01-01 10:26:17,118.86
5,2025-01-01 10:26:40,117.74
5,2025-01-01 10:27:07,117.38
5,2025-01-01 10:27:20,117.42
5,2025-01-01 10:27:26,118.62
5,2025-01-01 10:27:50,119.87
5,2025-01-01 10:28:17,120.57
5,2025-01-01 10:28:31,119.22
5,2025-01-01 10:28:55,118.82
5,2025-01-01 10:29:01,118.51
5,2025-01-01 10:29:18,117.68
5,2025-01-01 10:29:24,119.03
5,2025-01-01 10:29:31,119.95
5,2025-01-01 10:29:52,119.89
5,2025-01-01 10:30:09,120.77
5,2025-01-01 10:30:32,120.54
5,2025-01-01 10:30:43,121.78
5,2025-01-01 10:30:54,120.52
5,2025-01-01 10:31:00,120.02
5,2025-01-01 10:31:24,119.91
5,2025-01-01 10:31:35,121.37
5,2025-01-01 10:31:46,121.18
5,2025-01-01 10:32:09,120.71
5,2025-01-01 10:32:39,119.64
5,2025-01-01 10:32:52,120.46
5,2025-01-01 10:33:08,120.52
5,2025-01-01 10:33:24,120.88
5,2025-01-01 10:33:32,121.25
5,2025-01-01 10:33:44,122.29
5,2025-01-01 10:34:10,123.75
5,2025-01-01 10:34:39,124.81
5,2025-01-01 10:34:47,125.83
5,2025-01-01 10:34:56,126.55
5,2025-01-01 10:35:22,126.97
5,2025-01-01 10:35:30,125.69
5,2025-01-01 10:35:46,126.22
5,2025-01-01 10:36:12,125.31
5,2025-01-01 10:36:23,124.81
5,2025-01-01 10:36:36,123.49
5,2025-01-01 10:36:52,122.88
5,2025-01-01 10:36:57,122.55
5,2025-01-01 10:37:16,123.95
5,2025-01-01 10:37:45,123.87
5,2025-01-01 10:38:03,122.78
5,2025-01-01 10:38:29,123.06
5,2025-01-01 10:38:51,122.9
5,2025-01-01 10:39:08,122.11
5,2025-01-01 10:39:13,123.43
5,2025-01-01 10:39:26,124.12
5,2025-01-01 10:39:39,123.29
5,2025-01-01 10:40:02,122.86
5,2025-01-01 10:40:12,123.32
5,2025-01-01 10:40:31,122.79
5,2025-01-01 10:40:57,121.86
5,2025-01-01 10:41:24,120.39
5,2025-01-01 10:41:54,121.73
5,2025-01-01 10:42:09,120.48
5,2025-01-01 10:42:32,120.9
5,2025-01-01 10:42:40,122.17
5,2025-01-01 10:43:06,123.04
5,2025-01-01 10:43:35,124.48
5,2025-01-01 10:43:40,124.39
5,2025-01-01 10:44:10,125.65
5,2025-01-01 10:44:20,124.6
5,2025-01-01 10:44:46,124.75
5,2025-01-01 10:44:57,124.13
5,2025-01-01 10:45:04,123.29
5,2025-01-01 10:45:15,123.05
5,2025-01-01 10:45:38,122.23
5,2025-01-01 10:46:01,121.76
5,2025-01-01 10:46:22,121.15
5,2025-01-01 10:46:43,120.91
5,2025-01-01 10:47:08,119.71
5,2025-01-01 10:47:18,118.28
5,2025-01-01 10:47:32,118.32
5,2025-01-01 10:47:54,117.6
5,2025-01-01 10:48:07,116.12
5,2025-01-01 10:48:37,116.43
5,2025-01-01 10:48:44,116.95
5,2025-01-01 10:48:56,117.76
5,2025-01-01 10:49:19,117.25
5,2025-01-01 10:49:28,118.44
5,2025-01-01 10:49:57,117.58
5,2025-01-01 10:50:11,118.89
5,2025-01-01 10:50:35,117.39
5,2025-01-01 10:50:50,117.78
5,2025-01-01 10:51:18,118.51
5,2025-01-01 10:51:33,119.81
5,2025-01-01 10:51:39,120.18
5,2025-01-01 10:51:46,119.08
5,2025-01-01 10:52:09,120.21
5,2025-01-01 10:52:21,119.72
5,2025-01-01 10:52:51,119.71
5,2025-01-01 10:52:59,120.44
5,2025-01-01 10:53:07,120.51
5,2025-01-01 10:53:28,120.32
5,2025-01-01 10:53:38,119.13
5,2025-01-01 10:54:05,117.97
5,2025-01-01 10:54:13,117.47
5,2025-01-01 10:54:34,118.14
5,2025-01-01 10:54:51,118.91
5,2025-01-01 10:55:18,120.11
5,2025-01-01 10:55:47,120.62
5,2025-01-01 10:55:57,119.96
5,2025-01-01 10:56:03,120.85
5,2025-01-01 10:56:23,120.65
5,2025-01-01 10:56:42,119.85
5,2025-01-01 10:57:03,120.73
5,2025-01-01 10:57:12,120.44
5,2025-01-01 10:57:32,120.38
5,2025-01-01 10:57:58,120.62
5,2025-01-01 10:58:15,120.83
5,2025-01-01 10:58:35,119.92
5,2025-01-01 10:58:41,119.15
5,2025-01-01 10:58:52,119.6
5,2025-01-01 10:59:06,120.06
5,2025-01-01 10:59:15,118.71
5,2025-01-01 10:59:23,118.35
5,2025-01-01 10:59:37,118.39
5,2025-01-01 11:00:00,118.45
5,2025-01-01 11:00:10,117.16
5,2025-01-01 11:00:22,116.4
5,2025-01-01 11:00:40,116.71
5,2025-01-01 11:01:03,117.58
5,2025-01-01 11:01:21,118.91
5,2025-01-01 11:01:29,120.35
5,2025-01-01 11:01:49,120.54
5,2025-01-01 11:02:17,119.72
5,2025-01-01 11:02:45,120.39
5,2025-01-01 11:03:13,120.22
5,2025-01-01 11:03:29,121.6
5,2025-01-01 11:03:40,120.4
5,2025-01-01 11:04:09,120.21
5,2025-01-01 11:04:24,120.76
5,2025-01-01 11:04:54,121.3
5,2025-01-01 11:05:11,121.37
5,2025-01-01 11:05:34,122.8
5,2025-01-01 11:05:56,121.49
5,2025-01-01 11:06:01,122.89
5,2025-01-01 11:06:15,124.04
5,2025-01-01 11:06:21,124.37
5,2025-01-01 11:06:42,123.38
5,2025-01-01 11:06:51,121.99
5,2025-01-01 11:07:04,122.26
5,2025-01-01 11:07:20,123.44
5,2025-01-01 11:07:46,123.85
5,2025-01-01 11:07:51,123.47
5,2025-01-01 11:08:07,124.91
5,2025-01-01 11:08:20,123.44
5,2025-01-01 11:08:48,123.7
5,2025-01-01 11:09:06,124.85
5,2025-01-01 11:09:30,124.18
5,2025-01-01 11:09:44,125.67
5,2025-01-01 11:09:55,126.81
5,2025-01-01 11:10:15,125.73
5,2025-01-01 11:10:37,124.74
5,2025-01-01 11:10:56,123.43
5,2025-01-01 11:11:10,122.2
5,2025-01-01 11:11:37,120.75
5,2025-01-01 11:11:49,122.2
5,2025-01-01 11:12:15,121.32
5,2025-01-01 11:12:43,120.49
5,2025-01-01 11:13:13,120.34
5,2025-01-01 11:13:36,119.27
5,2025-01-01 11:13:53,119.94
5,2025-01-01 11:14:06,120.24
5,2025-01-01 11:14:25,120.37
5,2025-01-01 11:14:36,119.48
5,2025-01-01 11:14:53,120.75
5,2025-01-01 11:15:08,120.71
5,2025-01-01 11:15:19,121.36
5,2025-01-01 11:15:49,120.26
5,2025-01-01 11:15:54,120.43
5,2025-01-01 11:16:01,119.03
5,2025-01-01 11:16:27,117.76
5,2025-01-01 11:16:52,118.76
5,2025-01-01 11:17:06,117.98
5,2025-01-01 11:17:15,117.65
5,2025-01-01 11:17:26,118.95
5,2025-01-01 11:17:34,120.08
5,2025-01-01 11:17:54,121.07
5,2025-01-01 11:18:00,121.78
5,2025-01-01 11:18:10,123.0
5,2025-01-01 11:18:29,123.3
5,2025-01-01 11:18:55,123.6
5,2025-01-01 11:19:18,124.01
5,2025-01-01 11:19:45,124.98
5,2025-01-01 11:20:01,125.08
5,2025-01-01 11:20:18,125.22
5,2025-01-01 11:20:27,126.09
5,2025-01-01 11:20:49,126.32
5,2025-01-01 11:20:56,126.96
5,2025-01-01 11:21:21,126.2
5,2025-01-01 11:21:31,125.53
5,2025-01-01 11:21:39,124.83
5,2025-01-01 11:21:49,123.36
5,2025-01-01 11:22:04,123.6
5,2025-01-01 11:22:29,122.4
5,2025-01-01 11:22:52,122.75
5,2025-01-01 11:22:58,121.98
5,2025-01-01 11:23:26,121.73
5,2025-01-01 11:23:52,122.21
5,2025-01-01 11:24:21,121.08
5,2025-01-01 11:24:32,121.02
5,2025-01-01 11:24:54,121.93
5,2025-01-01 11:25:00,123.18
5,2025-01-01 11:25:09,122.88
5,2025-01-01 11:25:33,122.97
5,2025-01-01 11:25:43,122.15
5,2025-01-01 11:25:55,121.67
5,2025-01-01 11:26:24,121.26
5,2025-01-01 11:26:46,120.13
5,2025-01-01 11:27:01,119.19
5,2025-01-01 11:27:11,119.11
5,2025-01-01 11:27:40,117.81
5,2025-01-01 11:27:57,116.91
5,2025-01-01 11:28:11,117.49
5,2025-01-01 11:28:22,116.05
5,2025-01-01 11:28:51,115.66
5,2025-01-01 11:29:01,116.33
5,2025-01-01 11:29:21,117.58
5,2025-01-01 11:29:39,117.31
5,2025-01-01 11:29:56,118.77
5,2025-01-01 11:30:26,119.64
5,2025-01-01 11:30:48,118.95
5,2025-01-01 11:30:54,119.98
5,2025-01-01 11:31:08,121.22
5,2025-01-01 11:31:36,121.35
5,2025-01-01 11:31:59,121.5
5,2025-01-01 11:32:22,121.83
5,2025-01-01 11:32:51,122.98
5,2025-01-01 11:33:03,123.43
5,2025-01-01 11:33:20,122.0
5,2025-01-01 11:33:37,122.91
5,2025-01-01 11:34:00,121.62
5,2025-01-01 11:34:23,120.36
5,2025-01-01 11:34:49,121.77
5,2025-01-01 11:34:58,120.9
5,2025-01-01 11:35:23,121.14
5,2025-01-01 11:35:47,121.04
5,2025-01-01 11:35:59,121.33
5,2025-01-01 11:36:18,121.76
5,2025-01-01 11:36:47,121.75
5,2025-01-01 11:37:11,121.28
5,2025-01-01 11:37:33,121.4
5,2025-01-01 11:37:46,121.07
5,2025-01-01 11:37:52,120.59
5,2025-01-01 11:38:01,119.59
5,2025-01-01 11:38:16,118.86
5,2025-01-01 11:38:30,119.93
5,2025-01-01 11:38:58,120.73
5,2025-01-01 11:39:14,120.12
5,2025-01-01 11:39:43,119.35
5,2025-01-01 11:39:52,118.77
5,2025-01-01 11:40:18,118.29
5,2025-01-01 11:40:47,119.45
5,2025-01-01 11:40:57,119.37
5,2025-01-01 11:41:26,117.92
5,2025-01-01 11:41:56,118.83
5,2025-01-01 11:42:21,120.27
5,2025-01-01 11:42:44,120.62
5,2025-01-01 11:43:07,119.58
5,2025-01-01 11:43:32,120.67
5,2025-01-01 11:43:52,121.84
5,2025-01-01 11:44:21,122.32
5,2025-01-01 11:44:33,121.33
5,2025-01-01 11:44:52,120.47
5,2025-01-01 11:45:12,121.45
5,2025-01-01 11:45:20,120.69
5,2025-01-01 11:45:45,120.99
5,2025-01-01 11:46:12,121.12
5,2025-01-01 11:46:18,119.67
5,2025-01-01 11:46:32,121.06
5,2025-01-01 11:47:00,119.73
5,2025-01-01 11:47:18,118.27
5,2025-01-01 11:47:28,117.9
5,2025-01-01 11:47:52,118.29
5,2025-01-01 11:48:03,118.98
5,2025-01-01 11:48:27,119.2
5,2025-01-01 11:48:46,119.41
5,2025-01-01 11:48:56,119.73
5,2025-01-01 11:49:11,120.8
5,2025-01-01 11:49:22,119.3
5,2025-01-01 11:49:45,118.87
5,2025-01-01 11:50:04,117.91
5,2025-01-01 11:50:16,119.14
5,2025-01-01 11:50:26,119.37
5,2025-01-01 11:50:36,119.8
5,2025-01-01 11:51:04,120.02
5,2025-01-01 11:51:09,120.79
5,2025-01-01 11:51:33,122.19
5,2025-01-01 11:52:03,123.11
5,2025-01-01 11:52:14,123.73
5,2025-01-01 11:52:31,122.4
5,2025-01-01 11:53:00,122.12
5,2025-01-01 11:53:22,120.7
5,2025-01-01 11:53:40,122.03
5,2025-01-01 11:54:05,123.1
5,2025-01-01 11:54:30,123.88
5,2025-01-01 11:54:50,122.51
5,2025-01-01 11:55:20,121.75
5,2025-01-01 11:55:32,120.31
5,2025-01-01 11:55:57,120.1
5,2025-01-01 11:56:05,119.82
5,2025-01-01 11:56:15,120.14
5,2025-01-01 11:56:30,121.21
5,2025-01-01 11:56:45,120.85
5,2025-01-01 11:57:08,122.2
5,2025-01-01 11:57:28,120.72
5,2025-01-01 11:57:51,120.45
5,2025-01-01 11:57:59,120.8
5,2025-01-01 11:58:28,119.68
5,2025-01-01 11:58:44,121.15
5,2025-01-01 11:59:02,121.14
5,2025-01-01 11:59:27,120.11
5,2025-01-01 11:59:37,121.0
5,2025-01-01 11:59:56,119.75
5,2025-01-01 12:00:25,119.95
5,2025-01-01 12:00:40,120.33
5,2025-01-01 12:00:58,121.29
5,2025-01-01 12:01:21,121.13
5,2025-01-01 12:01:28,122.09
5,2025-01-01 12:01:56,122.15
5,2025-01-01 12:02:06,121.49
5,2025-01-01 12:02:27,121.01
5,2025-01-01 12:02:32,121.83
5,2025-01-01 12:02:46,121.01
5,2025-01-01 12:02:52,120.37
5,2025-01-01 12:03:14,121.46
5,2025-01-01 12:03:25,120.27
5,2025-01-01 12:03:41,119.83
5,2025-01-01 12:03:52,119.18
5,2025-01-01 12:04:16,119.17
5,2025-01-01 12:04:30,120.28
5,2025-01-01 12:04:59,120.39
5,2025-01-01 12:05:15,120.22
5,2025-01-01 12:05:30,121.36
5,2025-01-01 12:05:57,122.68
5,2025-01-01 12:06:13,122.7
5,2025-01-01 12:06:36,122.54
5,2025-01-01 12:06:56,122.07
5,2025-01-01 12:07:25,121.2
5,2025-01-01 12:07:30,121.31
5,2025-01-01 12:07:54,120.0
5,2025-01-01 12:08:18,120.02
5,2025-01-01 12:08:47,119.39
5,2025-01-01 12:09:07,117.92
5,2025-01-01 12:09:29,116.8
5,2025-01-01 12:09:36,117.76
5,2025-01-01 12:09:50,118.89
5,2025-01-01 12:10:07,117.99
5,2025-01-01 12:10:23,118.03
5,2025-01-01 12:10:34,117.56
5,2025-01-01 12:11:02,118.1
5,2025-01-01 12:11:12,118.67
5,2025-01-01 12:11:40,118.8
5,2025-01-01 12:11:53,120.27
5,2025-01-01 12:12:20,118.98
5,2025-01-01 12:12:27,119.64
5,2025-01-01 12:12:33,118.8
5,2025-01-01 12:12:58,119.89
5,2025-01-01 12:13:18,118.92
5,2025-01-01 12:13:45,120.05
5,2025-01-01 12:14:14,120.14
5,2025-01-01 12:14:24,120.13
5,2025-01-01 12:14:32,120.02
5,2025-01-01 12:14:53,121.13
5,2025-01-01 12:15:03,122.34
5,2025-01-01 12:15:14,122.15
5,2025-01-01 12:15:29,121.59
5,2025-01-01 12:15:40,123.02
5,2025-01-01 12:16:09,123.71
5,2025-01-01 12:16:31,122.4
5,2025-01-01 12:16:36,122.23
5,2025-01-01 12:16:48,122.88
5,2025-01-01 12:17:02,122.81
5,2025-01-01 12:17:27,123.95
5,2025-01-01 12:17:44,123.61
5,2025-01-01 12:17:50,123.87
5,2025-01-01 12:18:01,122.49
5,2025-01-01 12:18:29,122.64
5,2025-01-01 12:18:40,121.53
5,2025-01-01 12:19:06,121.68
5,2025-01-01 12:19:19,122.19
5,2025-01-01 12:19:27,121.75
5,2025-01-01 12:19:48,123.04
5,2025-01-01 12:19:57,122.9
5,2025-01-01 12:20:22,122.94
5,2025-01-01 12:20:40,121.82
5,2025-01-01 12:20:46,123.16
5,2025-01-01 12:20:51,121.89
5,2025-01-01 12:21:00,121.25
5,2025-01-01 12:21:27,121.23
5,2025-01-01 12:21:44,121.03
5,2025-01-01 12:21:56,122.44
5,2025-01-01 12:22:03,122.98
5,2025-01-01 12:22:15,123.31
5,2025-01-01 12:22:25,121.98
5,2025-01-01 12:22:48,121.66
5,2025-01-01 12:23:13,122.1
5,2025-01-01 12:23:21,123.04
5,2025-01-01 12:23:37,124.18
5,2025-01-01 12:24:02,124.19
5,2025-01-01 12:24:13,125.54
5,2025-01-01 12:24:21,125.3
5,2025-01-01 12:24:42,123.82
5,2025-01-01 12:25:08,123.31
5,2025-01-01 12:25:25,124.63
5,2025-01-01 12:25:51,125.2
5,2025-01-01 12:26:04,125.87
5,2025-01-01 12:26:25,124.82
5,2025-01-01 12:26:52,125.45
5,2025-01-01 12:27:06,124.56
5,2025-01-01 12:27:24,125.78
5,2025-01-01 12:27:42,126.88
5,2025-01-01 12:27:59,126.29
5,2025-01-01 12:28:28,126.96
5,2025-01-01 12:28:38,126.42
5,2025-01-01 12:28:56,125.43
5,2025-01-01 12:29:17,124.8
5,2025-01-01 12:29:43,123.53
5,2025-01-01 12:30:12,124.09
5,2025-01-01 12:30:42,124.04
5,2025-01-01 12:31:09,123.02
5,2025-01-01 12:31:25,123.34
5,2025-01-01 12:31:43,124.19
5,2025-01-01 12:32:05,123.98
5,2025-01-01 12:32:24,123.55
5,2025-01-01 12:32:52,122.41
5,2025-01-01 12:33:07,121.5
5,2025-01-01 12:33:23,121.27
5,2025-01-01 12:33:36,121.85
5,2025-01-01 12:34:02,123.22
5,2025-01-01 12:34:31,122.94
5,2025-01-01 12:34:45,123.02
5,2025-01-01 12:35:11,123.0
5,2025-01-01 12:35:27,121.65
5,2025-01-01 12:35:34,122.84
5,2025-01-01 12:35:45,123.0
5,2025-01-01 12:36:09,124.45
5,2025-01-01 12:36:19,123.81
5,2025-01-01 12:36:37,123.28
5,2025-01-01 12:37:00,124.39
5,2025-01-01 12:37:12,124.16
5,2025-01-01 12:37:23,123.33
5,2025-01-01 12:37:36,122.39
5,2025-01-01 12:38:06,122.7
5,2025-01-01 12:38:18,122.18
5,2025-01-01 12:38:43,122.02
5,2025-01-01 12:38:52,121.78
5,2025-01-01 12:39:22,120.32
5,2025-01-01 12:39:30,118.98
5,2025-01-01 12:39:38,119.21
5,2025-01-01 12:40:04,117.99
5,2025-01-01 12:40:29,117.82
5,2025-01-01 12:40:46,118.28
5,2025-01-01 12:41:00,119.24
5,2025-01-01 12:41:22,119.18
5,2025-01-01 12:41:36,118.65
5,2025-01-01 12:42:00,118.45
5,2025-01-01 12:42:10,118.42
5,2025-01-01 12:42:29,117.27
5,2025-01-01 12:42:46,117.08
5,2025-01-01 12:43:07,118.52
5,2025-01-01 12:43:27,117.53
5,2025-01-01 12:43:34,118.71
5,2025-01-01 12:43:53,118.01
5,2025-01-01 12:44:09,119.06
5,2025-01-01 12:44:29,117.57
5,2025-01-01 12:44:55,117.37
5,2025-01-01 12:45:12,117.31
5,2025-01-01 12:45:30,118.75
5,2025-01-01 12:45:55,118.14
5,2025-01-01 12:46:02,119.49
5,2025-01-01 12:46:27,118.74
5,2025-01-01 12:46:50,118.83
5,2025-01-01 12:47:10,117.74
5,2025-01-01 12:47:20,118.83
5,2025-01-01 12:47:40,117.46
5,2025-01-01 12:48:02,117.89
5,2025-01-01 12:48:18,117.53
5,2025-01-01 12:48:37,117.64
5,2025-01-01 12:48:42,116.26
5,2025-01-01 12:49:10,115.94
5,2025-01-01 12:49:19,115.78
5,2025-01-01 12:49:39,115.65
5,2025-01-01 12:50:00,114.7
5,2025-01-01 12:50:08,115.07
5,2025-01-01 12:50:35,116.32
5,2025-01-01 12:50:41,117.01
5,2025-01-01 12:50:50,117.95
5,2025-01-01 12:51:03,119.09
5,2025-01-01 12:51:27,119.29
5,2025-01-01 12:51:40,120.03
5,2025-01-01 12:51:56,119.84
5,2025-01-01 12:52:16,119.76
5,2025-01-01 12:52:24,120.66
5,2025-01-01 12:52:40,119.34
5,2025-01-01 12:52:57,118.14
5,2025-01-01 12:53:25,116.9
5,2025-01-01 12:53:55,116.56
5,2025-01-01 12:54:17,116.39
5,2025-01-01 12:54:46,116.52
5,2025-01-01 12:55:00,116.66
5,2025-01-01 12:55:23,116.16
5,2025-01-01 12:55:33,116.53
5,2025-01-01 12:55:42,116.57
5,2025-01-01 12:55:49,115.16
5,2025-01-01 12:56:13,115.58
5,2025-01-01 12:56:20,116.3
5,2025-01-01 12:56:40,115.42
5,2025-01-01 12:56:53,114.17
5,2025-01-01 12:57:07,115.09
5,2025-01-01 12:57:27,115.17
5,2025-01-01 12:57:43,114.98
5,2025-01-01 12:57:52,114.37
5,2025-01-01 12:58:06,115.4
5,2025-01-01 12:58:32,116.31
5,2025-01-01 12:58:54,115.65
5,2025-01-01 12:59:09,115.86
5,2025-01-01 12:59:22,115.46
5,2025-01-01 12:59:39,114.83
5,2025-01-01 12:59:59,114.06
5,2025-01-01 13:00:07,114.46
5,2025-01-01 13:00:13,115.62
5,2025-01-01 13:00:26,116.76
5,2025-01-01 13:00:33,117.9
5,2025-01-01 13:00:55,116.51
5,2025-01-01 13:01:25,116.57
5,2025-01-01 13:01:51,115.46
5,2025-01-01 13:02:15,116.11
5,2025-01-01 13:02:38,115.02
5,2025-01-01 13:03:00,115.32
5,2025-01-01 13:03:10,116.6
5,2025-01-01 13:03:38,117.82
5,2025-01-01 13:03:58,119.01
5,2025-01-01 13:04:08,117.74
5,2025-01-01 13:04:22,117.87
5,2025-01-01 13:04:34,118.78
5,2025-01-01 13:04:57,119.53
5,2025-01-01 13:05:13,120.81
5,2025-01-01 13:05:36,122.21
5,2025-01-01 13:05:55,120.8
5,2025-01-01 13:06:12,119.9
5,2025-01-01 13:06:30,121.23
5,2025-01-01 13:06:49,121.93
5,2025-01-01 13:06:58,121.3
5,2025-01-01 13:07:03,120.99
5,2025-01-01 13:07:18,121.26
5,2025-01-01 13:07:45,120.85
5,2025-01-01 13:08:03,122.19
5,2025-01-01 13:08:18,123.46
5,2025-01-01 13:08:25,122.79
5,2025-01-01 13:08:39,123.9
5,2025-01-01 13:09:00,124.84
5,2025-01-01 13:09:06,123.36
5,2025-01-01 13:09:11,122.62
5,2025-01-01 13:09:22,121.78
5,2025-01-01 13:09:32,120.28
5,2025-01-01 13:09:56,119.79
5,2025-01-01 13:10:20,119.05
5,2025-01-01 13:10:29,118.65
5,2025-01-01 13:10:34,117.59
5,2025-01-01 13:10:59,118.03
5,2025-01-01 13:11:29,119.47
5,2025-01-01 13:11:56,119.05
5,2025-01-01 13:12:20,118.8
5,2025-01-01 13:12:36,117.41
5,2025-01-01 13:13:05,117.33
5,2025-01-01 13:13:14,117.43
5,2025-01-01 13:13:29,116.37
5,2025-01-01 13:13:34,117.35
5,2025-01-01 13:13:51,117.46
5,2025-01-01 13:14:03,118.62
5,2025-01-01 13:14:09,117.88
5,2025-01-01 13:14:34,117.9
5,2025-01-01 13:15:02,119.38
5,2025-01-01 13:15:12,120.76
5,2025-01-01 13:15:30,120.81
5,2025-01-01 13:15:51,121.35
5,2025-01-01 13:16:04,120.65
5,2025-01-01 13:16:17,120.04
5,2025-01-01 13:16:39,120.5
5,2025-01-01 13:16:58,121.43
5,2025-01-01 13:17:11,122.26
5,2025-01-01 13:17:39,123.42
5,2025-01-01 13:17:52,124.74
5,2025-01-01 13:18:02,124.23
5,2025-01-01 13:18:16,125.24
5,2025-01-01 13:18:39,125.51
5,2025-01-01 13:19:09,126.49
5,2025-01-01 13:19:25,126.78
5,2025-01-01 13:19:51,126.97
5,2025-01-01 13:20:13,125.56
5,2025-01-01 13:20:23,124.57
5,2025-01-01 13:20:39,125.95
5,2025-01-01 13:20:51,124.87
5,2025-01-01 13:21:02,124.73
5,2025-01-01 13:21:17,124.84
5,2025-01-01 13:21:22,124.0
5,2025-01-01 13:21:38,123.35
5,2025-01-01 13:22:06,124.58
5,2025-01-01 13:22:15,124.7
5,2025-01-01 13:22:20,124.0
5,2025-01-01 13:22:46,123.94
5,2025-01-01 13:22:58,124.23
5,2025-01-01 13:23:05,125.58
5,2025-01-01 13:23:27,125.41
5,2025-01-01 13:23:53,125.42
5,2025-01-01 13:24:14,125.55
5,2025-01-01 13:24:23,125.13
5,2025-01-01 13:24:52,126.18
5,2025-01-01 13:25:11,125.5
5,2025-01-01 13:25:21,125.84
5,2025-01-01 13:25:30,125.83
5,2025-01-01 13:25:53,126.21
5,2025-01-01 13:26:07,126.35
5,2025-01-01 13:26:18,126.74
5,2025-01-01 13:26:40,126.25
5,2025-01-01 13:26:53,125.49
5,2025-01-01 13:27:19,126.74
5,2025-01-01 13:27:34,127.71
5,2025-01-01 13:28:04,127.07
5,2025-01-01 13:28:17,128.38
5,2025-01-01 13:28:37,129.38
5,2025-01-01 13:28:45,130.56
5,2025-01-01 13:29:08,129.69
5,2025-01-01 13:29:29,128.34
5,2025-01-01 13:29:41,129.71
5,2025-01-01 13:30:00,129.77
5,2025-01-01 13:30:27,130.06
5,2025-01-01 13:30:32,129.97
5,2025-01-01 13:30:37,130.39
5,2025-01-01 13:30:54,129.97
5,2025-01-01 13:31:21,131.46
5,2025-01-01 13:31:36,131.77
5,2025-01-01 13:31:54,130.92
5,2025-01-01 13:32:12,131.64
5,2025-01-01 13:32:35,132.24
5,2025-01-01 13:32:44,131.58
5,2025-01-01 13:32:50,131.35
5,2025-01-01 13:33:17,131.48
5,2025-01-01 13:33:36,132.12
5,2025-01-01 13:33:44,131.52
5,2025-01-01 13:34:06,132.18
5,2025-01-01 13:34:21,132.11
5,2025-01-01 13:34:27,132.57
5,2025-01-01 13:34:46,132.62
5,2025-01-01 13:34:51,133.0
5,2025-01-01 13:35:18,134.14
5,2025-01-01 13:35:24,135.34
5,2025-01-01 13:35:31,135.71
5,2025-01-01 13:35:58,134.83
5,2025-01-01 13:36:25,134.54
5,2025-01-01 13:36:39,133.65
5,2025-01-01 13:36:51,134.05
5,2025-01-01 13:37:08,134.38
5,2025-01-01 13:37:18,135.1
5,2025-01-01 13:37:35,134.52
5,2025-01-01 13:38:00,135.2
5,2025-01-01 13:38:28,134.26
5,2025-01-01 13:38:55,134.8
5,2025-01-01 13:39:17,135.22
5,2025-01-01 13:39:40,136.08
5,2025-01-01 13:40:00,137.28
5,2025-01-01 13:40:22,138.72
5,2025-01-01 13:40:30,138.7
5,2025-01-01 13:40:59,139.76
5,2025-01-01 13:41:27,140.98
5,2025-01-01 13:41:43,140.4
5,2025-01-01 13:41:57,140.54
5,2025-01-01 13:42:16,141.18
5,2025-01-01 13:42:30,142.56
5,2025-01-01 13:42:59,142.72
5,2025-01-01 13:43:20,142.62
5,2025-01-01 13:43:31,141.54
5,2025-01-01 13:44:00,142.98
5,2025-01-01 13:44:24,141.49
5,2025-01-01 13:44:37,141.67
5,2025-01-01 13:45:06,140.99
5,2025-01-01 13:45:16,140.41
5,2025-01-01 13:45:35,138.99
5,2025-01-01 13:45:51,137.97
5,2025-01-01 13:46:17,137.4
5,2025-01-01 13:46:22,138.35
5,2025-01-01 13:46:35,138.14
5,2025-01-01 13:47:00,137.56
5,2025-01-01 13:47:22,137.55
5,2025-01-01 13:47:37,138.04
5,2025-01-01 13:47:47,138.06
5,2025-01-01 13:48:14,138.16
5,2025-01-01 13:48:31,138.01
5,2025-01-01 13:48:40,137.64
5,2025-01-01 13:48:53,136.85
5,2025-01-01 13:49:01,135.59
5,2025-01-01 13:49:28,137.04
5,2025-01-01 13:49:49,138.21
5,2025-01-01 13:50:12,139.47
5,2025-01-01 13:50:24,139.84
5,2025-01-01 13:50:40,138.95
5,2025-01-01 13:50:46,138.85
5,2025-01-01 13:51:06,139.5
5,2025-01-01 13:51:23,138.71
5,2025-01-01 13:51:53,138.26
5,2025-01-01 13:52:09,139.13
5,2025-01-01 13:52:34,139.84
5,2025-01-01 13:53:03,141.31
5,2025-01-01 13:53:24,141.42
5,2025-01-01 13:53:40,142.01
5,2025-01-01 13:53:54,142.42
5,2025-01-01 13:54:09,143.85
5,2025-01-01 13:54:37,142.97
5,2025-01-01 13:55:04,142.3
5,2025-01-01 13:55:14,141.95
5,2025-01-01 13:55:25,140.91
5,2025-01-01 13:55:54,141.14
5,2025-01-01 13:56:21,141.66
5,2025-01-01 13:56:43,142.16
5,2025-01-01 13:57:01,142.92
5,2025-01-01 13:57:06,142.78
5,2025-01-01 13:57:34,144.21
5,2025-01-01 13:57:44,143.12
5,2025-01-01 13:57:59,143.04
5,2025-01-01 13:58:10,142.04
5,2025-01-01 13:58:32,141.91
5,2025-01-01 13:58:46,140.55
5,2025-01-01 13:58:53,140.54
5,2025-01-01 13:59:21,139.27
5,2025-01-01 13:59:45,139.33
5,2025-01-01 13:59:54,138.68
5,2025-01-01 13:59:59,139.26
5,2025-01-01 14:00:05,139.68
5,2025-01-01 14:00:30,139.07
5,2025-01-01 14:00:39,139.16
5,2025-01-01 14:00:51,140.42
5,2025-01-01 14:01:01,141.56
5,2025-01-01 14:01:15,141.14
5,2025-01-01 14:01:44,139.71
5,2025-01-01 14:01:53,140.19
5,2025-01-01 14:02:06,139.77
5,2025-01-01 14:02:26,140.31
5,2025-01-01 14:02:32,139.11
5,2025-01-01 14:02:42,139.53
5,2025-01-01 14:02:59,140.76
5,2025-01-01 14:03:08,141.79
5,2025-01-01 14:03:31,143.25
5,2025-01-01 14:03:38,143.59
5,2025-01-01 14:04:03,142.15
5,2025-01-01 14:04:19,141.23
5,2025-01-01 14:04:46,141.55
5,2025-01-01 14:05:01,142.61
5,2025-01-01 14:05:25,143.63
5,2025-01-01 14:05:51,145.06
5,2025-01-01 14:06:06,145.91
5,2025-01-01 14:06:25,145.43
5,2025-01-01 14:06:31,145.39
5,2025-01-01 14:06:40,143.94
5,2025-01-01 14:06:48,144.07
5,2025-01-01 14:07:10,145.52
5,2025-01-01 14:07:20,145.91
5,2025-01-01 14:07:38,144.97
5,2025-01-01 14:07:55,146.46
5,2025-01-01 14:08:20,145.59
5,2025-01-01 14:08:43,146.9
5,2025-01-01 14:08:59,147.12
5,2025-01-01 14:09:06,145.65
5,2025-01-01 14:09:35,145.88
5,2025-01-01 14:10:04,144.4
5,2025-01-01 14:10:25,144.16
5,2025-01-01 14:10:46,143.32
5,2025-01-01 14:11:02,144.81
5,2025-01-01 14:11:13,144.53
5,2025-01-01 14:11:41,144.02
5,2025-01-01 14:11:52,145.13
5,2025-01-01 14:12:20,145.23
5,2025-01-01 14:12:31,143.77
5,2025-01-01 14:12:48,143.17
5,2025-01-01 14:13:12,141.84
5,2025-01-01 14:13:34,143.2
5,2025-01-01 14:13:54,141.92
5,2025-01-01 14:14:11,141.77
5,2025-01-01 14:14:19,142.81
5,2025-01-01 14:14:47,143.5
5,2025-01-01 14:15:07,143.36
5,2025-01-01 14:15:15,143.69
5,2025-01-01 14:15:44,143.51
5,2025-01-01 14:15:50,142.99
5,2025-01-01 14:16:06,142.68
5,2025-01-01 14:16:11,142.92
5,2025-01-01 14:16:20,141.55
5,2025-01-01 14:16:30,140.37
5,2025-01-01 14:16:39,141.5
5,2025-01-01 14:16:55,142.88
5,2025-01-01 14:17:15,143.53
5,2025-01-01 14:17:40,144.89
5,2025-01-01 14:17:55,144.31
5,2025-01-01 14:18:03,143.21
5,2025-01-01 14:18:12,143.74
5,2025-01-01 14:18:23,143.57
5,2025-01-01 14:18:29,143.88
5,2025-01-01 14:18:40,143.19
5,2025-01-01 14:19:10,144.04
5,2025-01-01 14:19:20,143.18
5,2025-01-01 14:19:44,144.07
5,2025-01-01 14:20:05,143.07
5,2025-01-01 14:20:30,143.32
5,2025-01-01 14:20:53,143.56
5,2025-01-01 14:21:02,144.14
5,2025-01-01 14:21:14,143.07
5,2025-01-01 14:21:40,143.31
5,2025-01-01 14:22:08,144.68
5,2025-01-01 14:22:18,145.35
5,2025-01-01 14:22:45,145.67
5,2025-01-01 14:22:56,146.14
5,2025-01-01 14:23:12,147.09
5,2025-01-01 14:23:28,146.41
5,2025-01-01 14:23:52,146.62
5,2025-01-01 14:24:22,145.25
5,2025-01-01 14:24:38,145.36
5,2025-01-01 14:25:06,146.33
5,2025-01-01 14:25:35,144.9
5,2025-01-01 14:25:54,146.35
5,2025-01-01 14:26:04,146.71
5,2025-01-01 14:26:13,148.03
5,2025-01-01 14:26:39,146.66
5,2025-01-01 14:27:02,146.01
5,2025-01-01 14:27:29,145.12
5,2025-01-01 14:27:56,143.88
5,2025-01-01 14:28:21,145.35
5,2025-01-01 14:28:45,145.54
5,2025-01-01 14:29:06,146.74
5,2025-01-01 14:29:32,146.72
5,2025-01-01 14:29:58,146.71
5,2025-01-01 14:30:04,147.53
5,2025-01-01 14:30:27,146.53
5,2025-01-01 14:30:47,145.75
5,2025-01-01 14:31:13,144.28
5,2025-01-01 14:31:20,144.3
5,2025-01-01 14:31:43,144.0
5,2025-01-01 14:31:57,143.68
5,2025-01-01 14:32:27,143.34
5,2025-01-01 14:32:44,141.96
5,2025-01-01 14:32:52,142.33
5,2025-01-01 14:33:04,142.78
5,2025-01-01 14:33:11,142.79
5,2025-01-01 14:33:19,143.76
5,2025-01-01 14:33:42,144.71
5,2025-01-01 14:34:04,144.92
5,2025-01-01 14:34:31,144.08
5,2025-01-01 14:34:48,144.23
5,2025-01-01 14:35:16,145.17
5,2025-01-01 14:35:39,144.9
5,2025-01-01 14:35:49,145.36
5,2025-01-01 14:36:06,145.34
5,2025-01-01 14:36:23,144.26
5,2025-01-01 14:36:28,142.77
5,2025-01-01 14:36:53,142.53
5,2025-01-01 14:37:20,142.3
5,2025-01-01 14:37:29,141.58
5,2025-01-01 14:37:42,140.63
5,2025-01-01 14:38:03,141.5
5,2025-01-01 14:38:12,141.22
5,2025-01-01 14:38:41,142.72
5,2025-01-01 14:39:04,141.69
5,2025-01-01 14:39:12,142.39
5,2025-01-01 14:39:42,141.73
5,2025-01-01 14:40:01,142.3
5,2025-01-01 14:40:09,143.49
5,2025-01-01 14:40:37,142.46
5,2025-01-01 14:40:53,141.71
5,2025-01-01 14:41:13,142.13
5,2025-01-01 14:41:34,142.53
5,2025-01-01 14:41:40,141.69
5,2025-01-01 14:42:05,140.69
5,2025-01-01 14:42:30,140.63
5,2025-01-01 14:42:37,141.41
5,2025-01-01 14:42:51,141.02
5,2025-01-01 14:43:02,140.34
5,2025-01-01 14:43:14,140.63
5,2025-01-01 14:43:39,139.67
5,2025-01-01 14:43:55,139.52
5,2025-01-01 14:44:15,139.02
5,2025-01-01 14:44:42,140.46
5,2025-01-01 14:44:56,140.95
5,2025-01-01 14:45:14,139.7
5,2025-01-01 14:45:22,138.91
5,2025-01-01 14:45:37,139.73
5,2025-01-01 14:46:01,139.53
5,2025-01-01 14:46:14,139.11
5,2025-01-01 14:46:31,138.98
5,2025-01-01 14:46:39,139.45
5,2025-01-01 14:47:02,139.24
5,2025-01-01 14:47:07,138.47
5,2025-01-01 14:47:19,138.08
5,2025-01-01 14:47:25,138.75
5,2025-01-01 14:47:49,138.55
5,2025-01-01 14:48:06,139.42
5,2025-01-01 14:48:31,138.62
5,2025-01-01 14:48:37,139.24
5,2025-01-01 14:48:55,140.17
5,2025-01-01 14:49:15,140.01
5,2025-01-01 14:49:44,141.16
5,2025-01-01 14:50:01,140.2
5,2025-01-01 14:50:22,140.55
5,2025-01-01 14:50:30,139.74
5,2025-01-01 14:50:42,139.94
5,2025-01-01 14:51:07,139.19
5,2025-01-01 14:51:18,139.16
5,2025-01-01 14:51:45,138.96
5,2025-01-01 14:52:12,139.88
5,2025-01-01 14:52:33,140.65
5,2025-01-01 14:52:51,141.08
5,2025-01-01 14:53:02,141.53
5,2025-01-01 14:53:29,141.83
5,2025-01-01 14:53:38,140.82
5,2025-01-01 14:53:55,140.84
5,2025-01-01 14:54:20,142.06
5,2025-01-01 14:54:49,143.56
5,2025-01-01 14:55:05,144.54
5,2025-01-01 14:55:13,145.67
5,2025-01-01 14:55:25,146.92
5,2025-01-01 14:55:30,146.36
5,2025-01-01 14:56:00,146.46
5,2025-01-01 14:56:11,146.41
5,2025-01-01 14:56:25,147.14
5,2025-01-01 14:56:30,146.43
5,2025-01-01 14:56:36,147.72
5,2025-01-01 14:56:54,146.66
5,2025-01-01 14:57:10,147.07
5,2025-01-01 14:57:15,148.01
5,2025-01-01 14:57:42,148.45
5,2025-01-01 14:58:04,148.49
5,2025-01-01 14:58:17,148.15
5,2025-01-01 14:58:40,149.15
5,2025-01-01 14:59:08,148.78
5,2025-01-01 14:59:18,147.67
5,2025-01-01 14:59:27,146.91
5,2025-01-01 14:59:43,146.71
5,2025-01-01 14:59:48,146.34
5,2025-01-01 15:00:00,147.01
5,2025-01-01 15:00:24,145.98
5,2025-01-01 15:00:41,145.87
5,2025-01-01 15:01:05,146.13
5,2025-01-01 15:01:32,145.47
5,2025-01-01 15:01:51,145.21
5,2025-01-01 15:01:59,144.51
5,2025-01-01 15:02:10,144.53
5,2025-01-01 15:02:33,145.54
5,2025-01-01 15:03:02,146.83
5,2025-01-01 15:03:26,147.41
5,2025-01-01 15:03:40,146.56
5,2025-01-01 15:03:56,145.69
5,2025-01-01 15:04:06,145.68
5,2025-01-01 15:04:14,145.84
5,2025-01-01 15:04:42,147.02
5,2025-01-01 15:04:57,145.87
5,2025-01-01 15:05:02,144.5
5,2025-01-01 15:05:15,144.27
5,2025-01-01 15:05:32,145.18
5,2025-01-01 15:05:54,144.1
5,2025-01-01 15:06:16,143.55
5,2025-01-01 15:06:38,142.57
5,2025-01-01 15:06:59,143.5
5,2025-01-01 15:07:10,142.91
5,2025-01-01 15:07:37,141.66
5,2025-01-01 15:07:53,141.76
5,2025-01-01 15:08:08,142.04
5,2025-01-01 15:08:21,142.75
5,2025-01-01 15:08:43,141.68
5,2025-01-01 15:09:13,142.25
5,2025-01-01 15:09:18,141.84
5,2025-01-01 15:09:26,140.47
5,2025-01-01 15:09:38,139.2
5,2025-01-01 15:09:51,140.6
5,2025-01-01 15:10:01,139.95
5,2025-01-01 15:10:24,139.13
5,2025-01-01 15:10:29,140.32
5,2025-01-01 15:10:52,141.65
5,2025-01-01 15:11:07,141.28
5,2025-01-01 15:11:14,141.88
5,2025-01-01 15:11:33,143.17
5,2025-01-01 15:12:01,142.08
5,2025-01-01 15:12:26,142.68
5,2025-01-01 15:12:56,142.5
5,2025-01-01 15:13:21,141.86
5,2025-01-01 15:13:27,143.33
5,2025-01-01 15:13:42,142.51
5,2025-01-01 15:14:08,141.03
5,2025-01-01 15:14:13,140.01
5,2025-01-01 15:14:40,138.73
5,2025-01-01 15:15:06,138.22
5,2025-01-01 15:15:27,136.88
5,2025-01-01 15:15:37,135.47
5,2025-01-01 15:16:05,135.43
5,2025-01-01 15:16:21,135.77
5,2025-01-01 15:16:49,134.74
5,2025-01-01 15:17:12,135.44
5,2025-01-01 15:17:28,135.96
5,2025-01-01 15:17:38,136.4
5,2025-01-01 15:17:58,136.35
5,2025-01-01 15:18:05,135.92
5,2025-01-01 15:18:31,137.3
5,2025-01-01 15:18:39,138.69
5,2025-01-01 15:18:55,138.05
5,2025-01-01 15:19:25,136.59
5,2025-01-01 15:19:53,136.82
5,2025-01-01 15:20:17,136.55
5,2025-01-01 15:20:31,135.96
5,2025-01-01 15:20:44,136.61
5,2025-01-01 15:21:01,138.08
5,2025-01-01 15:21:20,137.66
5,2025-01-01 15:21:37,138.66
5,2025-01-01 15:22:00,139.38
5,2025-01-01 15:22:24,139.92
5,2025-01-01 15:22:39,138.52
5,2025-01-01 15:23:06,139.32
5,2025-01-01 15:23:33,140.52
5,2025-01-01 15:23:42,140.6
5,2025-01-01 15:23:47,140.25
5,2025-01-01 15:23:57,139.68
5,2025-01-01 15:24:07,139.32
5,2025-01-01 15:24:32,138.77
5,2025-01-01 15:24:54,139.2
5,2025-01-01 15:25:12,138.26
5,2025-01-01 15:25:22,137.64
5,2025-01-01 15:25:31,138.62
5,2025-01-01 15:25:46,139.54
5,2025-01-01 15:26:06,139.81
5,2025-01-01 15:26:12,138.68
5,2025-01-01 15:26:42,139.35
5,2025-01-01 15:26:50,139.63
5,2025-01-01 15:27:13,138.62
5,2025-01-01 15:27:37,138.56
5,2025-01-01 15:27:59,137.8
5,2025-01-01 15:28:23,138.7
5,2025-01-01 15:28:43,139.26
5,2025-01-01 15:29:04,140.27
5,2025-01-01 15:29:20,139.48
5,2025-01-01 15:29:46,138.22
5,2025-01-01 15:29:56,137.14
5,2025-01-01 15:30:06,136.54
5,2025-01-01 15:30:19,136.17
5,2025-01-01 15:30:39,135.17
5,2025-01-01 15:30:46,134.28
5,2025-01-01 15:30:58,135.26
5,2025-01-01 15:31:11,135.11
5,2025-01-01 15:31:29,134.61
5,2025-01-01 15:31:55,135.12
5,2025-01-01 15:32:16,134.19
5,2025-01-01 15:32:43,134.97
5,2025-01-01 15:33:01,136.41
5,2025-01-01 15:33:06,137.76
5,2025-01-01 15:33:32,139.16
5,2025-01-01 15:33:55,140.35
5,2025-01-01 15:34:16,139.42
5,2025-01-01 15:34:25,140.07
5,2025-01-01 15:34:46,139.49
5,2025-01-01 15:35:03,138.42
5,2025-01-01 15:35:09,138.85
5,2025-01-01 15:35:21,137.54
5,2025-01-01 15:35:39,136.92
5,2025-01-01 15:35:44,138.4
5,2025-01-01 15:35:56,138.53
5,2025-01-01 15:36:23,139.53
5,2025-01-01 15:36:37,140.24
5,2025-01-01 15:37:02,141.61
5,2025-01-01 15:37:16,142.86
5,2025-01-01 15:37:42,142.42
5,2025-01-01 15:37:48,143.29
5,2025-01-01 15:38:10,143.58
5,2025-01-01 15:38:33,144.54
5,2025-01-01 15:39:02,145.09
5,2025-01-01 15:39:25,146.54
5,2025-01-01 15:39:48,147.5
5,2025-01-01 15:40:18,146.92
5,2025-01-01 15:40:40,145.94
5,2025-01-01 15:41:05,145.98
5,2025-01-01 15:41:27,146.08
5,2025-01-01 15:41:33,147.24
5,2025-01-01 15:41:48,146.98
5,2025-01-01 15:42:12,146.13
5,2025-01-01 15:42:25,144.94
5,2025-01-01 15:42:51,145.19
5,2025-01-01 15:43:09,144.11
5,2025-01-01 15:43:35,143.13
5,2025-01-01 15:43:54,144.58
5,2025-01-01 15:44:15,145.97
5,2025-01-01 15:44:28,147.43
5,2025-01-01 15:44:55,147.23
5,2025-01-01 15:45:17,145.79
5,2025-01-01 15:45:27,146.95
5,2025-01-01 15:45:51,146.4
5,2025-01-01 15:46:05,146.79
5,2025-01-01 15:46:34,145.93
5,2025-01-01 15:46:58,145.49
5,2025-01-01 15:47:13,146.25
5,2025-01-01 15:47:38,146.62
5,2025-01-01 15:47:46,147.22
5,2025-01-01 15:48:12,146.47
5,2025-01-01 15:48:39,147.22
5,2025-01-01 15:48:54,148.33
5,2025-01-01 15:49:06,147.9
5,2025-01-01 15:49:21,148.03
5,2025-01-01 15:49:44,148.75
5,2025-01-01 15:49:53,148.12
5,2025-01-01 15:50:20,146.8
5,2025-01-01 15:50:31,146.25
5,2025-01-01 15:50:40,146.28
5,2025-01-01 15:50:51,146.17
5,2025-01-01 15:51:18,145.73
5,2025-01-01 15:51:39,146.93
5,2025-01-01 15:51:55,148.28
5,2025-01-01 15:52:05,149.1
5,2025-01-01 15:52:22,148.77
5,2025-01-01 15:52:39,149.37
5,2025-01-01 15:52:52,150.0
5,2025-01-01 15:53:15,149.64
5,2025-01-01 15:53:33,150.0
5,2025-01-01 15:53:44,149.55
5,2025-01-01 15:54:11,149.8
5,2025-01-01 15:54:32,150.0
5,2025-01-01 15:54:56,148.75
5,2025-01-01 15:55:12,149.94
5,2025-01-01 15:55:37,148.74
5,2025-01-01 15:56:02,148.94
5,2025-01-01 15:56:31,148.67
5,2025-01-01 15:57:00,149.83
5,2025-01-01 15:57:15,149.54
5,2025-01-01 15:57:38,148.87
5,2025-01-01 15:57:50,147.59
5,2025-01-01 15:58:19,147.99
5,2025-01-01 15:58:46,148.48
5,2025-01-01 15:59:13,148.78
5,2025-01-01 15:59:28,148.53
5,2025-01-01 15:59:35,147.88
5,2025-01-01 15:59:59,147.06
5,2025-01-01 16:00:08,147.45
5,2025-01-01 16:00:34,146.25
5,2025-01-01 16:00:47,144.84
5,2025-01-01 16:01:09,143.4
5,2025-01-01 16:01:15,144.89
5,2025-01-01 16:01:30,143.75
5,2025-01-01 16:01:44,144.39
5,2025-01-01 16:02:10,145.31
5,2025-01-01 16:02:30,144.57
5,2025-01-01 16:02:53,143.57
5,2025-01-01 16:03:19,143.27
5,2025-01-01 16:03:38,143.56
5,2025-01-01 16:04:01,144.66
5,2025-01-01 16:04:09,145.0
5,2025-01-01 16:04:22,144.41
5,2025-01-01 16:04:45,144.63
5,2025-01-01 16:05:14,143.75
5,2025-01-01 16:05:42,144.56
5,2025-01-01 16:06:10,144.52
5,2025-01-01 16:06:18,144.12
5,2025-01-01 16:06:45,142.71
5,2025-01-01 16:06:57,141.66
5,2025-01-01 16:07:11,142.79
5,2025-01-01 16:07:26,142.71
5,2025-01-01 16:07:40,143.7
5,2025-01-01 16:08:08,142.51
5,2025-01-01 16:08:17,143.73
5,2025-01-01 16:08:40,142.96
5,2025-01-01 16:09:01,143.96
5,2025-01-01 16:09:21,143.33
5,2025-01-01 16:09:41,142.97
5,2025-01-01 16:09:57,142.59
5,2025-01-01 16:10:21,144.09
5,2025-01-01 16:10:26,143.04
5,2025-01-01 16:10:50,143.74
5,2025-01-01 16:11:00,143.39
5,2025-01-01 16:11:05,143.9
5,2025-01-01 16:11:31,144.03
5,2025-01-01 16:11:49,144.04
5,2025-01-01 16:12:15,143.23
5,2025-01-01 16:12:21,143.82
5,2025-01-01 16:12:32,143.88
5,2025-01-01 16:12:43,144.62
5,2025-01-01 16:13:04,144.37
5,2025-01-01 16:13:32,145.58
5,2025-01-01 16:13:48,145.14
5,2025-01-01 16:14:11,146.15
5,2025-01-01 16:14:39,147.35
5,2025-01-01 16:15:06,148.6
5,2025-01-01 16:15:20,149.34
5,2025-01-01 16:15:46,149.49
5,2025-01-01 16:15:55,149.12
5,2025-01-01 16:16:07,149.81
5,2025-01-01 16:16:32,148.89
5,2025-01-01 16:16:44,150.0
5,2025-01-01 16:17:01,149.92
5,2025-01-01 16:17:20,150.0
5,2025-01-01 16:17:31,148.82
5,2025-01-01 16:17:51,149.62
5,2025-01-01 16:18:20,148.25
5,2025-01-01 16:18:47,149.15
5,2025-01-01 16:19:00,149.1
5,2025-01-01 16:19:07,150.0
5,2025-01-01 16:19:30,148.65
5,2025-01-01 16:19:58,148.56
5,2025-01-01 16:20:20,147.7
5,2025-01-01 16:20:40,147.26
5,2025-01-01 16:21:10,147.96
5,2025-01-01 16:21:19,146.8
5,2025-01-01 16:21:48,146.89
5,2025-01-01 16:22:13,147.41
5,2025-01-01 16:22:38,148.19
5,2025-01-01 16:22:54,149.39
5,2025-01-01 16:23:18,149.54
5,2025-01-01 16:23:44,149.07
5,2025-01-01 16:23:50,149.19
5,2025-01-01 16:24:09,150.0
5,2025-01-01 16:24:18,150.0
5,2025-01-01 16:24:31,150.0
5,2025-01-01 16:24:36,150.0
5,2025-01-01 16:24:49,150.0
5,2025-01-01 16:25:05,150.0
5,2025-01-01 16:25:26,149.33
5,2025-01-01 16:25:34,149.58
5,2025-01-01 16:25:58,148.57
5,2025-01-01 16:26:16,148.7
5,2025-01-01 16:26:37,149.66
5,2025-01-01 16:27:05,150.0
5,2025-01-01 16:27:26,149.96
5,2025-01-01 16:27:45,150.0
5,2025-01-01 16:27:53,150.0
5,2025-01-01 16:28:10,149.24
5,2025-01-01 16:28:40,149.82
5,2025-01-01 16:28:56,148.47
5,2025-01-01 16:29:18,148.47
5,2025-01-01 16:29:31,147.53
5,2025-01-01 16:29:44,146.49
5,2025-01-01 16:30:00,147.98
5,2025-01-01 16:30:07,149.22
5,2025-01-01 16:30:24,148.8
5,2025-01-01 16:30:49,149.48
5,2025-01-01 16:31:13,149.1
5,2025-01-01 16:31:29,150.0
5,2025-01-01 16:31:56,150.0
5,2025-01-01 16:32:24,149.88
5,2025-01-01 16:32:35,150.0
5,2025-01-01 16:32:45,150.0
5,2025-01-01 16:33:05,148.84
5,2025-01-01 16:33:25,149.95
5,2025-01-01 16:33:53,148.6
5,2025-01-01 16:34:08,149.28
5,2025-01-01 16:34:24,149.72
5,2025-01-01 16:34:38,148.85
5,2025-01-01 16:34:54,147.88
5,2025-01-01 16:35:06,146.44
5,2025-01-01 16:35:25,146.04
5,2025-01-01 16:35:54,146.17
5,2025-01-01 16:36:06,146.0
5,2025-01-01 16:36:32,144.58
5,2025-01-01 16:36:58,143.1
5,2025-01-01 16:37:10,144.08
5,2025-01-01 16:37:25,144.12
5,2025-01-01 16:37:54,142.67
5,2025-01-01 16:38:18,141.95
5,2025-01-01 16:38:38,142.58
5,2025-01-01 16:38:46,142.11
5,2025-01-01 16:38:58,140.82
5,2025-01-01 16:39:19,140.61
5,2025-01-01 16:39:42,141.55
5,2025-01-01 16:39:55,142.48
5,2025-01-01 16:40:04,143.64
5,2025-01-01 16:40:20,144.08
5,2025-01-01 16:40:39,144.72
5,2025-01-01 16:40:49,144.22
5,2025-01-01 16:41:05,143.75
5,2025-01-01 16:41:34,142.26
5,2025-01-01 16:41:44,141.73
5,2025-01-01 16:41:51,142.29
5,2025-01-01 16:42:06,142.62
5,2025-01-01 16:42:28,142.21
5,2025-01-01 16:42:51,142.01
5,2025-01-01 16:43:06,142.58
5,2025-01-01 16:43:22,144.02
5,2025-01-01 16:43:51,144.31
5,2025-01-01 16:43:56,144.15
5,2025-01-01 16:44:13,142.88
5,2025-01-01 16:44:37,143.51
5,2025-01-01 16:44:56,144.25
5,2025-01-01 16:45:20,145.3
5,2025-01-01 16:45:38,146.65
5,2025-01-01 16:45:57,148.02
5,2025-01-01 16:46:25,148.49
5,2025-01-01 16:46:41,147.85
5,2025-01-01 16:47:05,148.46
5,2025-01-01 16:47:32,147.63
5,2025-01-01 16:48:01,148.71
5,2025-01-01 16:48:25,148.68
5,2025-01-01 16:48:30,148.41
5,2025-01-01 16:48:46,147.07
5,2025-01-01 16:48:53,146.86
5,2025-01-01 16:49:05,147.53
5,2025-01-01 16:49:30,147.46
5,2025-01-01 16:49:55,146.61
5,2025-01-01 16:50:21,146.15
5,2025-01-01 16:50:30,144.92
5,2025-01-01 16:50:38,145.56
5,2025-01-01 16:51:01,145.31
5,2025-01-01 16:51:24,145.2
5,2025-01-01 16:51:41,145.4
5,2025-01-01 16:52:00,144.59
5,2025-01-01 16:52:09,145.02
5,2025-01-01 16:52:24,143.87
5,2025-01-01 16:52:38,144.58
5,2025-01-01 16:52:43,144.89
5,2025-01-01 16:53:12,143.98
5,2025-01-01 16:53:31,145.28
5,2025-01-01 16:53:40,145.96
5,2025-01-01 16:54:09,146.93
5,2025-01-01 16:54:35,147.39
5,2025-01-01 16:54:42,147.95
5,2025-01-01 16:55:10,147.49
5,2025-01-01 16:55:25,148.36
5,2025-01-01 16:55:30,149.1
5,2025-01-01 16:55:48,147.88
5,2025-01-01 16:56:06,149.31
5,2025-01-01 16:56:21,148.68
5,2025-01-01 16:56:44,148.34
5,2025-01-01 16:57:01,147.88
5,2025-01-01 16:57:10,148.44
5,2025-01-01 16:57:28,146.98
5,2025-01-01 16:57:44,148.17
5,2025-01-01 16:58:10,149.4
5,2025-01-01 16:58:22,150.0
5,2025-01-01 16:58:31,148.74
5,2025-01-01 16:58:53,149.69
5,2025-01-01 16:59:01,148.73
5,2025-01-01 16:59:30,148.46
5,2025-01-01 16:59:35,147.81
5,2025-01-01 16:59:53,146.88
5,2025-01-01 17:00:14,145.99
5,2025-01-01 17:00:37,144.65
5,2025-01-01 17:01:05,143.71
5,2025-01-01 17:01:31,144.38
5,2025-01-01 17:01:41,144.08
5,2025-01-01 17:02:01,143.48
5,2025-01-01 17:02:11,143.57
5,2025-01-01 17:02:16,144.53
5,2025-01-01 17:02:22,145.58
5,2025-01-01 17:02:32,144.09
5,2025-01-01 17:02:38,143.09
5,2025-01-01 17:03:04,144.43
5,2025-01-01 17:03:31,143.33
5,2025-01-01 17:03:40,142.6
5,2025-01-01 17:04:10,142.59
5,2025-01-01 17:04:17,142.34
5,2025-01-01 17:04:25,142.07
5,2025-01-01 17:04:35,141.02
5,2025-01-01 17:05:05,140.53
5,2025-01-01 17:05:23,140.28
5,2025-01-01 17:05:49,140.22
5,2025-01-01 17:05:54,140.64
5,2025-01-01 17:06:13,141.32
5,2025-01-01 17:06:24,140.61
5,2025-01-01 17:06:48,139.37
5,2025-01-01 17:07:14,140.6
5,2025-01-01 17:07:44,141.39
5,2025-01-01 17:08:13,141.89
5,2025-01-01 17:08:27,141.38
5,2025-01-01 17:08:39,140.49
5,2025-01-01 17:08:44,140.95
5,2025-01-01 17:08:55,142.32
5,2025-01-01 17:09:18,141.2
5,2025-01-01 17:09:33,141.34
5,2025-01-01 17:10:02,141.75
5,2025-01-01 17:10:18,141.63
5,2025-01-01 17:10:39,142.34
5,2025-01-01 17:10:50,141.42
5,2025-01-01 17:10:59,140.65
5,2025-01-01 17:11:09,141.99
5,2025-01-01 17:11:21,141.87
5,2025-01-01 17:11:37,142.3
5,2025-01-01 17:11:50,141.35
5,2025-01-01 17:12:07,140.63
5,2025-01-01 17:12:18,140.19
5,2025-01-01 17:12:26,138.77
5,2025-01-01 17:12:45,138.78
5,2025-01-01 17:13:14,138.87
5,2025-01-01 17:13:31,138.17
5,2025-01-01 17:13:49,138.09
5,2025-01-01 17:14:06,138.86
5,2025-01-01 17:14:24,138.88
5,2025-01-01 17:14:54,139.24
5,2025-01-01 17:15:15,139.24
5,2025-01-01 17:15:22,138.26
5,2025-01-01 17:15:39,137.04
5,2025-01-01 17:16:00,136.67
5,2025-01-01 17:16:05,137.73
5,2025-01-01 17:16:34,136.97
5,2025-01-01 17:16:54,136.72
5,2025-01-01 17:17:16,137.81
5,2025-01-01 17:17:39,139.07
5,2025-01-01 17:18:09,140.28
5,2025-01-01 17:18:36,139.76
5,2025-01-01 17:18:54,139.3
5,2025-01-01 17:19:08,138.1
5,2025-01-01 17:19:16,138.53
5,2025-01-01 17:19:44,138.83
5,2025-01-01 17:20:03,138.0
5,2025-01-01 17:20:11,139.17
5,2025-01-01 17:20:41,139.57
5,2025-01-01 17:21:00,138.12
5,2025-01-01 17:21:30,138.61
5,2025-01-01 17:21:51,139.73
5,2025-01-01 17:22:19,138.97
5,2025-01-01 17:22:31,140.3
5,2025-01-01 17:22:49,139.38
5,2025-01-01 17:23:17,139.97
5,2025-01-01 17:23:41,140.32
5,2025-01-01 17:23:46,140.81
5,2025-01-01 17:24:06,141.76
5,2025-01-01 17:24:13,140.43
5,2025-01-01 17:24:22,139.14
5,2025-01-01 17:24:31,137.68
5,2025-01-01 17:25:01,137.16
5,2025-01-01 17:25:17,136.88
5,2025-01-01 17:25:44,137.16
5,2025-01-01 17:25:56,137.77
5,2025-01-01 17:26:15,136.75
5,2025-01-01 17:26:36,138.02
5,2025-01-01 17:26:59,136.55
5,2025-01-01 17:27:06,137.19
5,2025-01-01 17:27:30,136.4
5,2025-01-01 17:27:36,136.62
5,2025-01-01 17:28:02,137.6
5,2025-01-01 17:28:18,138.84
5,2025-01-01 17:28:36,139.31
5,2025-01-01 17:28:48,138.3
5,2025-01-01 17:29:15,137.01
5,2025-01-01 17:29:29,138.22
5,2025-01-01 17:29:43,136.87
5,2025-01-01 17:29:52,136.54
5,2025-01-01 17:30:08,135.6
5,2025-01-01 17:30:27,136.45
5,2025-01-01 17:30:33,135.86
5,2025-01-01 17:30:45,136.69
5,2025-01-01 17:31:08,136.33
5,2025-01-01 17:31:21,137.18
5,2025-01-01 17:31:42,138.37
5,2025-01-01 17:32:03,138.37
5,2025-01-01 17:32:10,139.5
5,2025-01-01 17:32:26,138.87
5,2025-01-01 17:32:41,140.17
5,2025-01-01 17:32:49,139.21
5,2025-01-01 17:33:14,139.69
5,2025-01-01 17:33:26,138.34
5,2025-01-01 17:33:32,139.41
5,2025-01-01 17:33:51,140.9
5,2025-01-01 17:34:01,140.87
5,2025-01-01 17:34:07,141.58
5,2025-01-01 17:34:14,141.04
5,2025-01-01 17:34:21,140.89
5,2025-01-01 17:34:50,140.62
5,2025-01-01 17:34:57,141.31
5,2025-01-01 17:35:08,140.51
5,2025-01-01 17:35:16,140.6
5,2025-01-01 17:35:24,141.2
5,2025-01-01 17:35:41,141.48
5,2025-01-01 17:35:58,140.37
5,2025-01-01 17:36:10,141.18
5,2025-01-01 17:36:33,140.14
5,2025-01-01 17:37:00,140.61
5,2025-01-01 17:37:16,139.93
5,2025-01-01 17:37:43,138.91
5,2025-01-01 17:38:02,137.75
5,2025-01-01 17:38:19,136.55
5,2025-01-01 17:38:49,137.04
5,2025-01-01 17:39:06,136.92
5,2025-01-01 17:39:28,138.29
5,2025-01-01 17:39:37,139.09
5,2025-01-01 17:39:47,139.38
5,2025-01-01 17:40:01,139.08
5,2025-01-01 17:40:08,137.86
5,2025-01-01 17:40:22,138.48
5,2025-01-01 17:40:44,138.37
5,2025-01-01 17:41:14,139.51
5,2025-01-01 17:41:24,140.22
5,2025-01-01 17:41:43,139.65
5,2025-01-01 17:41:50,139.38
5,2025-01-01 17:42:04,138.14
5,2025-01-01 17:42:28,137.65
5,2025-01-01 17:42:54,137.52
5,2025-01-01 17:43:24,138.09
5,2025-01-01 17:43:30,137.3
5,2025-01-01 17:44:00,137.15
5,2025-01-01 17:44:28,137.55
5,2025-01-01 17:44:49,138.18
5,2025-01-01 17:45:15,138.18
5,2025-01-01 17:45:31,139.09
5,2025-01-01 17:45:40,138.65
5,2025-01-01 17:45:58,138.36
5,2025-01-01 17:46:17,139.12
5,2025-01-01 17:46:23,138.79
5,2025-01-01 17:46:37,139.99
5,2025-01-01 17:46:43,138.99
5,2025-01-01 17:47:11,139.0
5,2025-01-01 17:47:24,138.72
5,2025-01-01 17:47:32,138.37
5,2025-01-01 17:47:39,137.24
5,2025-01-01 17:48:04,138.19
5,2025-01-01 17:48:10,138.5
5,2025-01-01 17:48:34,137.29
5,2025-01-01 17:48:57,136.83
5,2025-01-01 17:49:26,138.21
5,2025-01-01 17:49:34,137.34
5,2025-01-01 17:49:47,138.01
5,2025-01-01 17:50:17,138.58
5,2025-01-01 17:50:28,138.52
5,2025-01-01 17:50:50,137.19
5,2025-01-01 17:50:58,136.42
5,2025-01-01 17:51:08,136.23
5,2025-01-01 17:51:23,137.46
5,2025-01-01 17:51:38,136.09
5,2025-01-01 17:51:46,134.62
5,2025-01-01 17:52:02,134.32
5,2025-01-01 17:52:26,134.0
5,2025-01-01 17:52:49,135.4
5,2025-01-01 17:53:03,134.21
5,2025-01-01 17:53:08,135.65
5,2025-01-01 17:53:29,136.09
5,2025-01-01 17:53:39,136.02
5,2025-01-01 17:54:08,135.34
5,2025-01-01 17:54:16,134.25
5,2025-01-01 17:54:38,135.29
5,2025-01-01 17:54:48,134.94
5,2025-01-01 17:54:57,135.56
5,2025-01-01 17:55:27,136.51
5,2025-01-01 17:55:54,135.6
5,2025-01-01 17:56:17,134.47
5,2025-01-01 17:56:33,134.18
5,2025-01-01 17:56:55,135.08
5,2025-01-01 17:57:00,133.59
5,2025-01-01 17:57:28,134.85
5,2025-01-01 17:57:37,135.12
5,2025-01-01 17:57:51,136.15
5,2025-01-01 17:57:57,134.68
5,2025-01-01 17:58:25,134.94
5,2025-01-01 17:58:30,134.54
5,2025-01-01 17:58:37,135.52
5,2025-01-01 17:58:59,135.38
5,2025-01-01 17:59:23,135.44
5,2025-01-01 17:59:41,136.71
5,2025-01-01 17:59:56,135.49
5,2025-01-01 18:00:26,135.64
5,2025-01-01 18:00:54,134.35
5,2025-01-01 18:01:10,135.06
5,2025-01-01 18:01:23,134.0
5,2025-01-01 18:01:30,134.45
5,2025-01-01 18:01:36,133.86
5,2025-01-01 18:01:50,134.22
5,2025-01-01 18:02:18,132.76
5,2025-01-01 18:02:30,133.74
5,2025-01-01 18:02:56,133.57
5,2025-01-01 18:03:07,132.55
5,2025-01-01 18:03:34,133.17
5,2025-01-01 18:03:57,133.48
5,2025-01-01 18:04:18,134.16
5,2025-01-01 18:04:32,135.66
5,2025-01-01 18:04:39,135.15
5,2025-01-01 18:05:03,135.57
5,2025-01-01 18:05:25,134.56
5,2025-01-01 18:05:42,134.02
5,2025-01-01 18:06:00,133.7
5,2025-01-01 18:06:13,132.65
5,2025-01-01 18:06:33,132.3
5,2025-01-01 18:06:56,130.93
5,2025-01-01 18:07:06,130.81
5,2025-01-01 18:07:36,131.98
5,2025-01-01 18:08:01,133.36
5,2025-01-01 18:08:26,133.64
5,2025-01-01 18:08:50,132.37
5,2025-01-01 18:08:56,132.8
5,2025-01-01 18:09:04,132.53
5,2025-01-01 18:09:13,131.88
5,2025-01-01 18:09:32,131.32
5,2025-01-01 18:09:50,131.55
5,2025-01-01 18:10:12,130.48
5,2025-01-01 18:10:26,130.51
5,2025-01-01 18:10:55,130.29
5,2025-01-01 18:11:13,131.15
5,2025-01-01 18:11:42,130.86
5,2025-01-01 18:12:04,130.9
5,2025-01-01 18:12:32,131.9
5,2025-01-01 18:12:57,132.86
5,2025-01-01 18:13:02,132.85
5,2025-01-01 18:13:14,132.91
5,2025-01-01 18:13:20,131.79
5,2025-01-01 18:13:32,132.53
5,2025-01-01 18:13:52,133.68
5,2025-01-01 18:14:18,133.98
5,2025-01-01 18:14:31,134.6
5,2025-01-01 18:14:50,135.92
5,2025-01-01 18:15:02,136.18
5,2025-01-01 18:15:29,136.54
5,2025-01-01 18:15:52,136.11
5,2025-01-01 18:16:14,135.93
5,2025-01-01 18:16:26,137.12
5,2025-01-01 18:16:42,136.89
5,2025-01-01 18:16:57,135.73
5,2025-01-01 18:17:27,136.05
5,2025-01-01 18:17:40,136.54
5,2025-01-01 18:17:46,136.41
5,2025-01-01 18:18:00,137.04
5,2025-01-01 18:18:18,138.2
5,2025-01-01 18:18:38,137.11
5,2025-01-01 18:18:55,136.42
5,2025-01-01 18:19:12,136.58
5,2025-01-01 18:19:17,135.62
5,2025-01-01 18:19:36,135.72
5,2025-01-01 18:19:55,134.56
5,2025-01-01 18:20:19,134.5
5,2025-01-01 18:20:36,133.9
5,2025-01-01 18:21:04,134.48
5,2025-01-01 18:21:24,135.63
5,2025-01-01 18:21:29,136.69
5,2025-01-01 18:21:56,137.56
5,2025-01-01 18:22:13,137.5
5,2025-01-01 18:22:43,136.34
5,2025-01-01 18:22:53,136.11
5,2025-01-01 18:23:19,137.54
5,2025-01-01 18:23:36,137.75
5,2025-01-01 18:23:42,137.93
5,2025-01-01 18:24:04,136.43
5,2025-01-01 18:24:11,134.99
5,2025-01-01 18:24:34,136.45
5,2025-01-01 18:24:49,136.19
5,2025-01-01 18:25:14,134.7
5,2025-01-01 18:25:21,135.25
5,2025-01-01 18:25:30,135.98
5,2025-01-01 18:25:38,136.64
5,2025-01-01 18:25:50,137.62
5,2025-01-01 18:25:56,137.54
5,2025-01-01 18:26:10,137.66
5,2025-01-01 18:26:31,138.6
5,2025-01-01 18:26:55,137.9
5,2025-01-01 18:27:01,138.35
5,2025-01-01 18:27:20,138.66
5,2025-01-01 18:27:29,138.78
5,2025-01-01 18:27:52,138.52
5,2025-01-01 18:28:06,137.85
5,2025-01-01 18:28:12,138.16
5,2025-01-01 18:28:32,138.62
5,2025-01-01 18:28:43,138.4
5,2025-01-01 18:29:11,139.56
5,2025-01-01 18:29:16,138.82
5,2025-01-01 18:29:43,139.62
5,2025-01-01 18:29:54,138.25
5,2025-01-01 18:30:18,137.56
5,2025-01-01 18:30:45,137.48
5,2025-01-01 18:30:57,136.31
5,2025-01-01 18:31:06,136.51
5,2025-01-01 18:31:29,137.16
5,2025-01-01 18:31:43,138.32
5,2025-01-01 18:32:13,138.06
5,2025-01-01 18:32:37,138.62
5,2025-01-01 18:33:02,137.72
5,2025-01-01 18:33:11,138.78
5,2025-01-01 18:33:27,138.35
5,2025-01-01 18:33:39,138.33
5,2025-01-01 18:34:00,139.71
5,2025-01-01 18:34:05,140.6
5,2025-01-01 18:34:32,141.71
5,2025-01-01 18:34:38,142.68
5,2025-01-01 18:34:52,141.51
5,2025-01-01 18:35:08,140.17
5,2025-01-01 18:35:28,140.29
5,2025-01-01 18:35:38,139.45
5,2025-01-01 18:35:58,139.27
5,2025-01-01 18:36:28,138.03
5,2025-01-01 18:36:55,138.16
5,2025-01-01 18:37:15,137.38
5,2025-01-01 18:37:31,136.3
5,2025-01-01 18:37:37,136.52
5,2025-01-01 18:38:03,135.13
5,2025-01-01 18:38:12,136.21
5,2025-01-01 18:38:22,137.52
5,2025-01-01 18:38:35,138.69
5,2025-01-01 18:39:00,137.43
5,2025-01-01 18:39:16,137.56
5,2025-01-01 18:39:28,138.85
5,2025-01-01 18:39:51,139.07
5,2025-01-01 18:40:21,139.03
5,2025-01-01 18:40:32,139.74
5,2025-01-01 18:40:41,140.31
5,2025-01-01 18:40:48,141.13
5,2025-01-01 18:41:09,140.98
5,2025-01-01 18:41:22,141.01
5,2025-01-01 18:41:44,140.45
5,2025-01-01 18:42:04,141.66
5,2025-01-01 18:42:32,141.44
5,2025-01-01 18:42:45,140.72
5,2025-01-01 18:43:08,140.28
5,2025-01-01 18:43:18,141.15
5,2025-01-01 18:43:29,142.36
5,2025-01-01 18:43:45,143.84
5,2025-01-01 18:44:09,143.69
5,2025-01-01 18:44:37,142.69
5,2025-01-01 18:45:03,142.93
5,2025-01-01 18:45:27,142.37
5,2025-01-01 18:45:50,142.51
5,2025-01-01 18:46:06,141.75
5,2025-01-01 18:46:26,142.55
5,2025-01-01 18:46:39,143.24
5,2025-01-01 18:47:06,142.86
5,2025-01-01 18:47:31,143.82
5,2025-01-01 18:48:00,144.58
5,2025-01-01 18:48:20,143.32
5,2025-01-01 18:48:45,143.55
5,2025-01-01 18:49:07,143.95
5,2025-01-01 18:49:34,144.49
5,2025-01-01 18:49:58,145.79
5,2025-01-01 18:50:22,145.28
5,2025-01-01 18:50:47,144.82
5,2025-01-01 18:50:57,143.45
5,2025-01-01 18:51:22,143.54
5,2025-01-01 18:51:50,144.21
5,2025-01-01 18:52:09,144.88
5,2025-01-01 18:52:19,144.45
5,2025-01-01 18:52:31,144.27
5,2025-01-01 18:52:40,144.11
5,2025-01-01 18:52:53,143.49
5,2025-01-01 18:52:59,142.01
5,2025-01-01 18:53:17,143.47
5,2025-01-01 18:53:30,142.72
5,2025-01-01 18:53:47,141.73
5,2025-01-01 18:53:59,141.92
5,2025-01-01 18:54:25,141.56
5,2025-01-01 18:54:34,141.39
5,2025-01-01 18:54:53,140.3
5,2025-01-01 18:55:09,139.26
5,2025-01-01 18:55:36,139.92
5,2025-01-01 18:55:55,140.22
5,2025-01-01 18:56:21,140.61
5,2025-01-01 18:56:46,139.29
5,2025-01-01 18:57:08,138.63
5,2025-01-01 18:57:32,138.13
5,2025-01-01 18:58:02,139.05
5,2025-01-01 18:58:14,140.23
5,2025-01-01 18:58:36,141.22
5,2025-01-01 18:59:04,142.66
5,2025-01-01 18:59:28,141.24
5,2025-01-01 18:59:38,141.65
5,2025-01-01 19:00:06,141.53
5,2025-01-01 19:00:35,141.82
5,2025-01-01 19:00:45,140.98
5,2025-01-01 19:01:14,140.0
5,2025-01-01 19:01:20,140.32
5,2025-01-01 19:01:38,139.52
5,2025-01-01 19:02:01,139.37
5,2025-01-01 19:02:06,140.53
5,2025-01-01 19:02:18,139.28
5,2025-01-01 19:02:44,140.2
5,2025-01-01 19:02:49,139.41
5,2025-01-01 19:02:56,138.31
5,2025-01-01 19:03:22,139.13
5,2025-01-01 19:03:33,139.82
5,2025-01-01 19:03:51,139.56
5,2025-01-01 19:04:12,138.1
5,2025-01-01 19:04:17,136.72
5,2025-01-01 19:04:31,135.65
5,2025-01-01 19:04:46,135.53
5,2025-01-01 19:05:06,136.85
5,2025-01-01 19:05:18,135.52
5,2025-01-01 19:05:25,135.12
5,2025-01-01 19:05:37,134.09
5,2025-01-01 19:05:53,134.87
5,2025-01-01 19:06:09,136.17
5,2025-01-01 19:06:28,137.59
5,2025-01-01 19:06:37,136.53
5,2025-01-01 19:06:56,137.76
5,2025-01-01 19:07:09,138.12
5,2025-01-01 19:07:39,137.31
5,2025-01-01 19:08:04,137.8
5,2025-01-01 19:08:25,137.98
5,2025-01-01 19:08:51,136.92
5,2025-01-01 19:09:00,136.57
5,2025-01-01 19:09:26,135.97
5,2025-01-01 19:09:43,136.08
5,2025-01-01 19:09:59,134.94
5,2025-01-01 19:10:29,135.47
5,2025-01-01 19:10:34,134.55
5,2025-01-01 19:10:39,133.79
5,2025-01-01 19:11:09,134.4
5,2025-01-01 19:11:28,135.19
5,2025-01-01 19:11:53,133.92
5,2025-01-01 19:12:01,132.76
5,2025-01-01 19:12:12,132.46
5,2025-01-01 19:12:26,131.01
5,2025-01-01 19:12:54,131.26
5,2025-01-01 19:13:23,131.61
5,2025-01-01 19:13:44,131.82
5,2025-01-01 19:14:06,132.56
5,2025-01-01 19:14:18,133.43
5,2025-01-01 19:14:28,133.86
5,2025-01-01 19:14:35,134.19
5,2025-01-01 19:14:55,133.39
5,2025-01-01 19:15:00,132.6
5,2025-01-01 19:15:23,132.79
5,2025-01-01 19:15:38,132.78
5,2025-01-01 19:16:07,131.52
5,2025-01-01 19:16:36,132.54
5,2025-01-01 19:17:05,131.21
5,2025-01-01 19:17:10,131.2
5,2025-01-01 19:17:34,132.03
5,2025-01-01 19:17:56,133.39
5,2025-01-01 19:18:24,132.22
5,2025-01-01 19:18:45,130.96
5,2025-01-01 19:19:07,131.75
5,2025-01-01 19:19:27,130.59
5,2025-01-01 19:19:45,131.82
5,2025-01-01 19:20:11,130.83
5,2025-01-01 19:20:24,130.95
5,2025-01-01 19:20:36,130.57
5,2025-01-01 19:20:52,131.18
5,2025-01-01 19:21:21,131.64
5,2025-01-01 19:21:26,132.39
5,2025-01-01 19:21:45,131.48
5,2025-01-01 19:22:02,132.66
5,2025-01-01 19:22:08,131.65
5,2025-01-01 19:22:13,131.46
5,2025-01-01 19:22:36,132.92
5,2025-01-01 19:22:45,131.55
5,2025-01-01 19:23:09,131.34
5,2025-01-01 19:23:30,130.31
5,2025-01-01 19:23:58,129.41
5,2025-01-01 19:24:21,129.55
5,2025-01-01 19:24:29,129.05
5,2025-01-01 19:24:50,129.27
5,2025-01-01 19:25:07,130.3
5,2025-01-01 19:25:28,129.94
5,2025-01-01 19:25:56,129.51
5,2025-01-01 19:26:03,129.07
5,2025-01-01 19:26:22,127.67
5,2025-01-01 19:26:34,127.95
5,2025-01-01 19:26:58,128.67
5,2025-01-01 19:27:22,128.23
5,2025-01-01 19:27:45,128.98
5,2025-01-01 19:28:06,127.57
5,2025-01-01 19:28:36,128.89
5,2025-01-01 19:28:57,129.15
5,2025-01-01 19:29:12,129.85
5,2025-01-01 19:29:19,131.09
5,2025-01-01 19:29:25,132.18
5,2025-01-01 19:29:50,131.85
5,2025-01-01 19:30:11,131.05
5,2025-01-01 19:30:32,131.81
5,2025-01-01 19:30:43,133.1
5,2025-01-01 19:31:05,131.93
5,2025-01-01 19:31:26,133.17
5,2025-01-01 19:31:39,132.92
5,2025-01-01 19:31:55,132.56
5,2025-01-01 19:32:03,132.09
5,2025-01-01 19:32:16,133.49
5,2025-01-01 19:32:23,133.07
5,2025-01-01 19:32:31,133.28
5,2025-01-01 19:32:43,134.67
5,2025-01-01 19:32:48,133.5
5,2025-01-01 19:33:10,133.74
5,2025-01-01 19:33:18,133.92
5,2025-01-01 19:33:37,134.56
5,2025-01-01 19:33:45,133.76
5,2025-01-01 19:33:54,133.94
5,2025-01-01 19:34:15,135.15
5,2025-01-01 19:34:29,135.9
5,2025-01-01 19:34:59,137.34
5,2025-01-01 19:35:11,138.75
5,2025-01-01 19:35:41,139.82
5,2025-01-01 19:35:57,140.95
5,2025-01-01 19:36:18,140.88
5,2025-01-01 19:36:37,139.98
5,2025-01-01 19:36:56,139.5
5,2025-01-01 19:37:02,139.13
5,2025-01-01 19:37:07,138.79
5,2025-01-01 19:37:21,139.74
5,2025-01-01 19:37:38,138.98
5,2025-01-01 19:38:00,137.81
5,2025-01-01 19:38:17,136.31
5,2025-01-01 19:38:43,136.84
5,2025-01-01 19:39:03,137.49
5,2025-01-01 19:39:23,136.84
5,2025-01-01 19:39:31,136.32
5,2025-01-01 19:39:53,137.25
5,2025-01-01 19:40:09,138.37
5,2025-01-01 19:40:23,137.54
5,2025-01-01 19:40:48,136.22
5,2025-01-01 19:40:59,136.4
5,2025-01-01 19:41:28,137.21
5,2025-01-01 19:41:39,137.83
5,2025-01-01 19:41:48,138.74
5,2025-01-01 19:42:17,138.79
5,2025-01-01 19:42:40,139.77
5,2025-01-01 19:42:46,139.73
5,2025-01-01 19:43:15,139.85
5,2025-01-01 19:43:41,139.76
5,2025-01-01 19:44:08,139.51
5,2025-01-01 19:44:24,138.19
5,2025-01-01 19:44:52,139.06
5,2025-01-01 19:45:06,139.43
5,2025-01-01 19:45:22,139.38
5,2025-01-01 19:45:44,138.6
5,2025-01-01 19:46:07,139.41
5,2025-01-01 19:46:15,138.29
5,2025-01-01 19:46:43,138.91
5,2025-01-01 19:46:55,139.57
5,2025-01-01 19:47:20,139.47
5,2025-01-01 19:47:25,139.49
5,2025-01-01 19:47:54,140.16
5,2025-01-01 19:48:14,140.68
5,2025-01-01 19:48:42,139.98
5,2025-01-01 19:48:57,140.56
5,2025-01-01 19:49:23,141.96
5,2025-01-01 19:49:29,142.5
5,2025-01-01 19:49:43,142.46
5,2025-01-01 19:49:54,142.28
5,2025-01-01 19:50:06,142.25
5,2025-01-01 19:50:22,140.86
5,2025-01-01 19:50:34,140.18
5,2025-01-01 19:50:56,141.65
5,2025-01-01 19:51:26,141.16
5,2025-01-01 19:51:41,141.1
5,2025-01-01 19:51:58,140.53
5,2025-01-01 19:52:20,139.48
5,2025-01-01 19:52:39,140.93
5,2025-01-01 19:52:49,141.06
5,2025-01-01 19:53:01,139.98
5,2025-01-01 19:53:09,139.79
5,2025-01-01 19:53:37,139.92
5,2025-01-01 19:53:49,141.26
5,2025-01-01 19:54:18,142.63
5,2025-01-01 19:54:46,141.25
5,2025-01-01 19:54:54,142.11
5,2025-01-01 19:55:15,141.19
5,2025-01-01 19:55:32,139.81
5,2025-01-01 19:56:01,141.2
5,2025-01-01 19:56:24,142.59
5,2025-01-01 19:56:30,142.48
5,2025-01-01 19:57:00,141.49
5,2025-01-01 19:57:22,142.27
5,2025-01-01 19:57:44,142.75
5,2025-01-01 19:58:05,143.64
5,2025-01-01 19:58:18,144.04
5,2025-01-01 19:58:37,143.24
5,2025-01-01 19:59:05,141.91
5,2025-01-01 19:59:22,141.16
5,2025-01-01 19:59:45,142.04
5,2025-01-01 19:59:59,142.66
5,2025-01-01 20:00:16,143.39
5,2025-01-01 20:00:34,142.21
5,2025-01-01 20:00:53,141.03
5,2025-01-01 20:01:20,142.44
5,2025-01-01 20:01:33,141.57
5,2025-01-01 20:01:52,140.26
5,2025-01-01 20:02:03,140.95
5,2025-01-01 20:02:08,139.81
5,2025-01-01 20:02:24,138.97
5,2025-01-01 20:02:31,138.31
5,2025-01-01 20:02:40,137.59
5,2025-01-01 20:02:47,138.91
5,2025-01-01 20:02:56,138.05
5,2025-01-01 20:03:10,136.57
5,2025-01-01 20:03:20,135.46
5,2025-01-01 20:03:46,134.17
5,2025-01-01 20:04:12,133.43
5,2025-01-01 20:04:32,132.6
5,2025-01-01 20:04:42,132.54
5,2025-01-01 20:05:11,131.19
5,2025-01-01 20:05:30,130.12
5,2025-01-01 20:05:55,129.88
5,2025-01-01 20:06:16,129.55
5,2025-01-01 20:06:26,128.05
5,2025-01-01 20:06:50,128.31
5,2025-01-01 20:07:00,128.15
5,2025-01-01 20:07:23,128.53
5,2025-01-01 20:07:33,128.64
5,2025-01-01 20:07:43,128.09
5,2025-01-01 20:07:51,128.02
5,2025-01-01 20:07:56,127.97
5,2025-01-01 20:08:26,128.26
5,2025-01-01 20:08:38,129.12
5,2025-01-01 20:08:53,128.62
5,2025-01-01 20:09:07,128.35
5,2025-01-01 20:09:15,127.84
5,2025-01-01 20:09:25,129.24
5,2025-01-01 20:09:31,128.59
5,2025-01-01 20:09:42,128.89
5,2025-01-01 20:09:51,128.17
5,2025-01-01 20:10:02,128.84
5,2025-01-01 20:10:09,129.61
5,2025-01-01 20:10:19,129.12
5,2025-01-01 20:10:48,130.42
5,2025-01-01 20:11:02,130.95
5,2025-01-01 20:11:16,129.75
5,2025-01-01 20:11:28,129.5
5,2025-01-01 20:11:37,130.27
5,2025-01-01 20:11:42,130.47
5,2025-01-01 20:11:52,129.76
5,2025-01-01 20:12:01,129.45
5,2025-01-01 20:12:23,130.28
5,2025-01-01 20:12:39,130.23
5,2025-01-01 20:12:48,130.21
5,2025-01-01 20:13:16,129.08
5,2025-01-01 20:13:40,128.55
5,2025-01-01 20:13:51,129.25
5,2025-01-01 20:14:13,129.31
5,2025-01-01 20:14:34,130.53
5,2025-01-01 20:14:39,130.99
5,2025-01-01 20:14:51,130.02
5,2025-01-01 20:15:05,130.32
5,2025-01-01 20:15:24,131.58
5,2025-01-01 20:15:30,131.7
5,2025-01-01 20:15:51,132.92
5,2025-01-01 20:16:11,132.62
5,2025-01-01 20:16:27,131.53
5,2025-01-01 20:16:47,132.97
5,2025-01-01 20:17:17,133.05
5,2025-01-01 20:17:22,131.8
5,2025-01-01 20:17:33,131.94
5,2025-01-01 20:17:57,131.32
5,2025-01-01 20:18:22,130.41
5,2025-01-01 20:18:44,129.82
5,2025-01-01 20:19:02,129.12
5,2025-01-01 20:19:23,130.19
5,2025-01-01 20:19:31,131.4
5,2025-01-01 20:19:51,130.76
5,2025-01-01 20:20:19,131.72
5,2025-01-01 20:20:27,131.85
5,2025-01-01 20:20:54,131.17
5,2025-01-01 20:21:10,131.91
5,2025-01-01 20:21:40,132.26
5,2025-01-01 20:22:05,133.73
5,2025-01-01 20:22:15,132.95
5,2025-01-01 20:22:45,133.52
5,2025-01-01 20:22:58,133.13
5,2025-01-01 20:23:14,133.99
5,2025-01-01 20:23:19,133.69
5,2025-01-01 20:23:42,134.24
5,2025-01-01 20:24:09,135.72
5,2025-01-01 20:24:17,135.84
5,2025-01-01 20:24:43,136.97
5,2025-01-01 20:25:03,135.86
5,2025-01-01 20:25:18,137.29
5,2025-01-01 20:25:25,137.5
5,2025-01-01 20:25:31,136.83
5,2025-01-01 20:25:56,137.39
5,2025-01-01 20:26:13,138.84
5,2025-01-01 20:26:41,138.22
5,2025-01-01 20:27:04,139.66
5,2025-01-01 20:27:23,140.2
5,2025-01-01 20:27:31,139.74
5,2025-01-01 20:27:40,138.44
5,2025-01-01 20:27:52,138.73
5,2025-01-01 20:28:06,139.74
5,2025-01-01 20:28:19,139.75
5,2025-01-01 20:28:48,139.68
5,2025-01-01 20:28:56,140.9
5,2025-01-01 20:29:04,140.48
5,2025-01-01 20:29:24,140.19
5,2025-01-01 20:29:41,141.5
5,2025-01-01 20:30:08,142.12
5,2025-01-01 20:30:19,142.22
5,2025-01-01 20:30:43,142.41
5,2025-01-01 20:30:58,140.97
5,2025-01-01 20:31:15,141.88
5,2025-01-01 20:31:43,140.56
5,2025-01-01 20:32:05,140.97
5,2025-01-01 20:32:32,140.56
5,2025-01-01 20:32:38,141.1
5,2025-01-01 20:32:44,141.03
5,2025-01-01 20:32:53,141.73
5,2025-01-01 20:33:15,140.61
5,2025-01-01 20:33:32,139.25
5,2025-01-01 20:33:49,139.41
5,2025-01-01 20:33:56,137.94
5,2025-01-01 20:34:09,136.92
5,2025-01-01 20:34:30,137.73
5,2025-01-01 20:34:35,137.34
5,2025-01-01 20:34:46,137.72
5,2025-01-01 20:34:51,138.11
5,2025-01-01 20:35:19,137.31
5,2025-01-01 20:35:27,137.87
5,2025-01-01 20:35:49,139.26
5,2025-01-01 20:36:15,138.38
5,2025-01-01 20:36:23,138.66
5,2025-01-01 20:36:28,137.79
5,2025-01-01 20:36:40,138.53
5,2025-01-01 20:37:06,137.25
5,2025-01-01 20:37:26,138.3
5,2025-01-01 20:37:34,137.85
5,2025-01-01 20:38:03,139.16
5,2025-01-01 20:38:10,138.73
5,2025-01-01 20:38:30,140.21
5,2025-01-01 20:38:59,140.76
5,2025-01-01 20:39:21,140.84
5,2025-01-01 20:39:48,142.0
5,2025-01-01 20:40:17,141.05
5,2025-01-01 20:40:36,141.94
5,2025-01-01 20:40:51,140.73
5,2025-01-01 20:41:07,141.91
5,2025-01-01 20:41:33,141.13
5,2025-01-01 20:41:57,142.01
5,2025-01-01 20:42:13,141.46
5,2025-01-01 20:42:37,140.99
5,2025-01-01 20:43:00,139.87
5,2025-01-01 20:43:24,139.22
5,2025-01-01 20:43:41,139.86
5,2025-01-01 20:44:02,140.2
5,2025-01-01 20:44:23,138.95
5,2025-01-01 20:44:30,138.67
5,2025-01-01 20:44:52,139.03
5,2025-01-01 20:45:22,138.88
5,2025-01-01 20:45:52,140.1
5,2025-01-01 20:45:59,141.59
5,2025-01-01 20:46:29,140.37
5,2025-01-01 20:46:41,139.32
5,2025-01-01 20:46:53,139.86
5,2025-01-01 20:47:17,138.81
5,2025-01-01 20:47:30,140.29
5,2025-01-01 20:47:43,139.2
5,2025-01-01 20:47:57,140.19
5,2025-01-01 20:48:02,140.8
5,2025-01-01 20:48:17,142.27
5,2025-01-01 20:48:25,141.61
5,2025-01-01 20:48:46,141.04
5,2025-01-01 20:48:56,140.29
5,2025-01-01 20:49:04,140.4
5,2025-01-01 20:49:13,140.23
5,2025-01-01 20:49:28,140.12
5,2025-01-01 20:49:54,141.28
5,2025-01-01 20:50:23,142.65
5,2025-01-01 20:50:42,141.33
5,2025-01-01 20:50:54,142.55
5,2025-01-01 20:51:07,141.77
5,2025-01-01 20:51:23,142.52
5,2025-01-01 20:51:31,142.41
5,2025-01-01 20:51:51,141.01
5,2025-01-01 20:52:11,141.78
5,2025-01-01 20:52:41,143.25
5,2025-01-01 20:53:05,142.34
5,2025-01-01 20:53:22,143.55
5,2025-01-01 20:53:35,142.54
5,2025-01-01 20:53:56,141.4
5,2025-01-01 20:54:16,140.63
5,2025-01-01 20:54:24,140.6
5,2025-01-01 20:54:32,141.26
5,2025-01-01 20:54:43,141.57
5,2025-01-01 20:55:00,141.89
5,2025-01-01 20:55:19,143.14
5,2025-01-01 20:55:44,144.15
5,2025-01-01 20:56:12,144.62
5,2025-01-01 20:56:29,145.39
5,2025-01-01 20:56:46,144.2
5,2025-01-01 20:57:07,142.71
5,2025-01-01 20:57:32,143.15
5,2025-01-01 20:58:00,142.04
5,2025-01-01 20:58:08,140.83
5,2025-01-01 20:58:14,141.59
5,2025-01-01 20:58:31,141.8
5,2025-01-01 20:58:42,142.09
5,2025-01-01 20:58:58,141.06
5,2025-01-01 20:59:17,141.48
5,2025-01-01 20:59:27,142.25
5,2025-01-01 20:59:52,141.56
5,2025-01-01 21:00:11,142.76
5,2025-01-01 21:00:35,141.86
5,2025-01-01 21:00:58,142.04
5,2025-01-01 21:01:22,140.86
5,2025-01-01 21:01:38,140.06
5,2025-01-01 21:01:43,140.77
5,2025-01-01 21:01:59,141.49
5,2025-01-01 21:02:12,140.26
5,2025-01-01 21:02:19,141.29
5,2025-01-01 21:02:35,140.59
5,2025-01-01 21:02:48,141.23
5,2025-01-01 21:03:18,141.24
5,2025-01-01 21:03:43,139.79
5,2025-01-01 21:03:55,138.59
5,2025-01-01 21:04:04,138.88
5,2025-01-01 21:04:19,138.35
5,2025-01-01 21:04:46,138.39
5,2025-01-01 21:04:58,138.62
5,2025-01-01 21:05:04,137.88
5,2025-01-01 21:05:29,137.51
5,2025-01-01 21:05:46,137.58
5,2025-01-01 21:06:13,138.75
5,2025-01-01 21:06:38,138.87
5,2025-01-01 21:07:02,140.27
5,2025-01-01 21:07:26,140.42
5,2025-01-01 21:07:50,140.75
5,2025-01-01 21:08:12,139.91
5,2025-01-01 21:08:22,138.59
5,2025-01-01 21:08:42,138.05
5,2025-01-01 21:08:56,139.11
5,2025-01-01 21:09:14,139.63
5,2025-01-01 21:09:31,139.07
5,2025-01-01 21:09:38,138.86
5,2025-01-01 21:09:56,139.28
5,2025-01-01 21:10:12,140.05
5,2025-01-01 21:10:34,139.67
5,2025-01-01 21:11:03,138.38
5,2025-01-01 21:11:15,138.99
5,2025-01-01 21:11:44,140.48
5,2025-01-01 21:11:54,141.07
5,2025-01-01 21:12:12,141.54
5,2025-01-01 21:12:31,140.72
5,2025-01-01 21:12:51,141.38
5,2025-01-01 21:13:03,140.6
5,2025-01-01 21:13:10,140.47
5,2025-01-01 21:13:24,141.83
5,2025-01-01 21:13:37,141.76
5,2025-01-01 21:13:54,141.27
5,2025-01-01 21:14:03,142.18
5,2025-01-01 21:14:26,141.92
5,2025-01-01 21:14:35,142.69
5,2025-01-01 21:14:41,143.31
5,2025-01-01 21:14:51,143.28
5,2025-01-01 21:15:06,143.48
5,2025-01-01 21:15:31,144.23
5,2025-01-01 21:16:01,143.34
5,2025-01-01 21:16:06,143.3
5,2025-01-01 21:16:13,144.23
5,2025-01-01 21:16:31,145.24
5,2025-01-01 21:16:52,146.35
5,2025-01-01 21:17:16,146.07
5,2025-01-01 21:17:37,146.67
5,2025-01-01 21:18:01,148.09
5,2025-01-01 21:18:30,148.93
5,2025-01-01 21:18:56,150.0
5,2025-01-01 21:19:24,150.0
5,2025-01-01 21:19:47,150.0
5,2025-01-01 21:19:54,149.92
5,2025-01-01 21:20:12,149.85
5,2025-01-01 21:20:25,148.39
5,2025-01-01 21:20:48,148.4
5,2025-01-01 21:21:17,147.86
5,2025-01-01 21:21:29,148.97
5,2025-01-01 21:21:49,150.0
5,2025-01-01 21:21:59,150.0
5,2025-01-01 21:22:07,148.87
5,2025-01-01 21:22:20,149.0
5,2025-01-01 21:22:49,147.63
5,2025-01-01 21:23:06,149.02
5,2025-01-01 21:23:17,147.74
5,2025-01-01 21:23:26,146.74
5,2025-01-01 21:23:36,145.57
5,2025-01-01 21:24:06,145.71
5,2025-01-01 21:24:14,146.42
5,2025-01-01 21:24:34,145.37
5,2025-01-01 21:24:57,145.21
5,2025-01-01 21:25:02,145.85
5,2025-01-01 21:25:31,145.71
5,2025-01-01 21:25:44,144.37
5,2025-01-01 21:26:13,143.76
5,2025-01-01 21:26:27,144.2
5,2025-01-01 21:26:49,142.94
5,2025-01-01 21:27:03,143.74
5,2025-01-01 21:27:26,143.81
5,2025-01-01 21:27:46,142.42
5,2025-01-01 21:28:12,141.99
5,2025-01-01 21:28:34,141.94
5,2025-01-01 21:29:02,141.27
5,2025-01-01 21:29:09,142.43
5,2025-01-01 21:29:17,143.92
5,2025-01-01 21:29:37,145.34
5,2025-01-01 21:29:42,145.74
5,2025-01-01 21:30:04,146.94
5,2025-01-01 21:30:21,146.75
5,2025-01-01 21:30:45,147.63
5,2025-01-01 21:30:51,148.94
5,2025-01-01 21:31:16,148.2
5,2025-01-01 21:31:22,147.49
5,2025-01-01 21:31:27,146.53
5,2025-01-01 21:31:42,145.6
5,2025-01-01 21:31:51,146.69
5,2025-01-01 21:32:17,145.36
5,2025-01-01 21:32:30,145.99
5,2025-01-01 21:32:52,144.91
5,2025-01-01 21:32:59,145.39
5,2025-01-01 21:33:04,145.42
5,2025-01-01 21:33:12,144.88
5,2025-01-01 21:33:26,145.18
5,2025-01-01 21:33:41,145.3
5,2025-01-01 21:33:47,146.02
5,2025-01-01 21:34:11,145.23
5,2025-01-01 21:34:32,146.36
5,2025-01-01 21:34:40,145.35
5,2025-01-01 21:34:57,144.24
5,2025-01-01 21:35:26,143.08
5,2025-01-01 21:35:48,143.78
5,2025-01-01 21:35:58,144.65
5,2025-01-01 21:36:22,145.87
5,2025-01-01 21:36:44,145.34
5,2025-01-01 21:37:00,146.13
5,2025-01-01 21:37:19,147.17
5,2025-01-01 21:37:27,147.73
5,2025-01-01 21:37:53,147.43
5,2025-01-01 21:38:05,147.82
5,2025-01-01 21:38:26,148.92
5,2025-01-01 21:38:36,147.49
5,2025-01-01 21:38:59,146.46
5,2025-01-01 21:39:11,147.88
5,2025-01-01 21:39:19,148.93
5,2025-01-01 21:39:39,149.2
5,2025-01-01 21:39:47,149.02
5,2025-01-01 21:40:06,148.06
5,2025-01-01 21:40:21,147.93
5,2025-01-01 21:40:35,146.8
5,2025-01-01 21:40:55,146.41
5,2025-01-01 21:41:15,147.08
5,2025-01-01 21:41:38,147.22
5,2025-01-01 21:41:49,147.66
5,2025-01-01 21:42:19,146.94
5,2025-01-01 21:42:38,146.91
5,2025-01-01 21:42:45,145.84
5,2025-01-01 21:43:08,145.32
5,2025-01-01 21:43:18,146.59
5,2025-01-01 21:43:38,146.16
5,2025-01-01 21:43:43,147.51
5,2025-01-01 21:43:58,146.18
5,2025-01-01 21:44:11,145.87
5,2025-01-01 21:44:21,145.19
5,2025-01-01 21:44:47,144.83
5,2025-01-01 21:45:15,145.81
5,2025-01-01 21:45:42,145.65
5,2025-01-01 21:45:55,146.3
5,2025-01-01 21:46:24,147.72
5,2025-01-01 21:46:37,148.56
5,2025-01-01 21:46:46,149.99
5,2025-01-01 21:47:00,150.0
5,2025-01-01 21:47:08,148.68
5,2025-01-01 21:47:26,149.69
5,2025-01-01 21:47:31,150.0
5,2025-01-01 21:47:41,150.0
5,2025-01-01 21:48:11,149.4
5,2025-01-01 21:48:22,148.33
5,2025-01-01 21:48:50,148.59
5,2025-01-01 21:49:04,148.19
5,2025-01-01 21:49:14,149.47
5,2025-01-01 21:49:41,148.58
5,2025-01-01 21:49:55,147.55
5,2025-01-01 21:50:13,146.61
5,2025-01-01 21:50:30,147.9
5,2025-01-01 21:50:52,147.36
5,2025-01-01 21:51:05,148.58
5,2025-01-01 21:51:17,149.5
5,2025-01-01 21:51:28,149.62
5,2025-01-01 21:51:45,150.0
5,2025-01-01 21:52:01,150.0
5,2025-01-01 21:52:19,150.0
5,2025-01-01 21:52:44,150.0
5,2025-01-01 21:53:10,150.0
5,2025-01-01 21:53:17,148.8
5,2025-01-01 21:53:39,149.04
5,2025-01-01 21:54:07,149.41
5,2025-01-01 21:54:22,148.75
5,2025-01-01 21:54:35,147.41
5,2025-01-01 21:54:46,146.88
5,2025-01-01 21:54:54,146.77
5,2025-01-01 21:54:59,147.08
5,2025-01-01 21:55:11,147.0
5,2025-01-01 21:55:41,147.22
5,2025-01-01 21:56:06,146.44
5,2025-01-01 21:56:16,146.11
5,2025-01-01 21:56:33,144.99
5,2025-01-01 21:56:57,144.46
5,2025-01-01 21:57:10,144.94
5,2025-01-01 21:57:36,144.71
5,2025-01-01 21:57:54,145.81
5,2025-01-01 21:58:21,145.14
5,2025-01-01 21:58:43,145.15
5,2025-01-01 21:59:02,144.34
5,2025-01-01 21:59:11,144.53
5,2025-01-01 21:59:28,143.48
5,2025-01-01 21:59:34,142.43
5,2025-01-01 22:00:00,141.48
5,2025-01-01 22:00:13,141.53
5,2025-01-01 22:00:40,140.72
5,2025-01-01 22:01:05,141.07
5,2025-01-01 22:01:14,140.52
5,2025-01-01 22:01:34,141.41
5,2025-01-01 22:01:40,141.45
5,2025-01-01 22:02:07,142.76
5,2025-01-01 22:02:27,141.41
5,2025-01-01 22:02:33,142.69
5,2025-01-01 22:02:46,143.5
5,2025-01-01 22:03:00,143.23
5,2025-01-01 22:03:21,142.81
5,2025-01-01 22:03:47,142.74
5,2025-01-01 22:03:56,142.25
5,2025-01-01 22:04:12,142.45
5,2025-01-01 22:04:42,143.55
5,2025-01-01 22:05:02,143.4
5,2025-01-01 22:05:25,144.41
5,2025-01-01 22:05:39,143.21
5,2025-01-01 22:05:58,143.68
5,2025-01-01 22:06:04,144.5
5,2025-01-01 22:06:27,143.3
5,2025-01-01 22:06:51,142.4
5,2025-01-01 22:07:11,142.83
5,2025-01-01 22:07:34,143.43
5,2025-01-01 22:07:48,144.85
5,2025-01-01 22:08:10,145.24
5,2025-01-01 22:08:20,144.73
5,2025-01-01 22:08:35,145.34
5,2025-01-01 22:08:53,145.22
5,2025-01-01 22:09:11,144.96
5,2025-01-01 22:09:23,146.22
5,2025-01-01 22:09:44,146.45
5,2025-01-01 22:09:55,145.93
5,2025-01-01 22:10:12,145.16
5,2025-01-01 22:10:42,143.71
5,2025-01-01 22:11:01,144.53
5,2025-01-01 22:11:07,145.34
5,2025-01-01 22:11:19,145.24
5,2025-01-01 22:11:37,145.4
5,2025-01-01 22:11:46,145.46
5,2025-01-01 22:11:55,144.28
5,2025-01-01 22:12:08,145.39
5,2025-01-01 22:12:28,146.64
5,2025-01-01 22:12:46,145.21
5,2025-01-01 22:13:11,144.76
5,2025-01-01 22:13:31,145.25
5,2025-01-01 22:13:46,145.19
5,2025-01-01 22:14:06,145.34
5,2025-01-01 22:14:15,146.6
5,2025-01-01 22:14:31,147.16
5,2025-01-01 22:14:49,147.21
5,2025-01-01 22:15:07,148.59
5,2025-01-01 22:15:23,148.73
5,2025-01-01 22:15:53,149.86
5,2025-01-01 22:16:11,148.91
5,2025-01-01 22:16:17,149.46
5,2025-01-01 22:16:44,150.0
5,2025-01-01 22:17:14,150.0
5,2025-01-01 22:17:40,149.95
5,2025-01-01 22:18:10,148.66
5,2025-01-01 22:18:24,148.26
5,2025-01-01 22:18:37,147.68
5,2025-01-01 22:19:01,148.99
5,2025-01-01 22:19:27,147.97
5,2025-01-01 22:19:55,148.14
5,2025-01-01 22:20:06,148.2
5,2025-01-01 22:20:16,148.52
5,2025-01-01 22:20:29,148.35
5,2025-01-01 22:20:35,148.05
5,2025-01-01 22:21:04,146.71
5,2025-01-01 22:21:24,146.01
5,2025-01-01 22:21:47,145.1
5,2025-01-01 22:21:59,146.19
5,2025-01-01 22:22:11,145.36
5,2025-01-01 22:22:29,146.22
5,2025-01-01 22:22:47,145.79
5,2025-01-01 22:23:11,146.06
5,2025-01-01 22:23:20,146.25
5,2025-01-01 22:23:42,145.95
5,2025-01-01 22:24:08,146.44
5,2025-01-01 22:24:33,145.42
5,2025-01-01 22:24:57,144.17
5,2025-01-01 22:25:02,143.0
5,2025-01-01 22:25:26,144.33
5,2025-01-01 22:25:37,144.32
5,2025-01-01 22:25:52,142.87
5,2025-01-01 22:26:22,143.65
5,2025-01-01 22:26:37,143.98
5,2025-01-01 22:26:48,143.58
5,2025-01-01 22:27:11,142.17
5,2025-01-01 22:27:33,142.12
5,2025-01-01 22:27:53,141.35
5,2025-01-01 22:28:05,141.46
5,2025-01-01 22:28:34,140.92
5,2025-01-01 22:28:59,140.35
5,2025-01-01 22:29:14,140.86
5,2025-01-01 22:29:23,139.4
5,2025-01-01 22:29:41,138.77
5,2025-01-01 22:29:50,138.58
5,2025-01-01 22:30:04,139.12
5,2025-01-01 22:30:25,138.28
5,2025-01-01 22:30:43,138.62
5,2025-01-01 22:31:06,139.88
5,2025-01-01 22:31:22,139.73
5,2025-01-01 22:31:43,139.71
5,2025-01-01 22:31:51,139.84
5,2025-01-01 22:32:12,139.29
5,2025-01-01 22:32:34,139.43
5,2025-01-01 22:33:00,140.09
5,2025-01-01 22:33:24,141.59
5,2025-01-01 22:33:48,140.75
5,2025-01-01 22:34:17,140.58
5,2025-01-01 22:34:37,141.7
5,2025-01-01 22:34:58,140.86
5,2025-01-01 22:35:22,141.95
5,2025-01-01 22:35:48,140.93
5,2025-01-01 22:36:09,139.52
5,2025-01-01 22:36:39,139.59
5,2025-01-01 22:36:44,139.86
5,2025-01-01 22:36:59,140.83
5,2025-01-01 22:37:24,140.1
5,2025-01-01 22:37:36,140.65
5,2025-01-01 22:37:52,140.51
5,2025-01-01 22:38:09,140.08
5,2025-01-01 22:38:16,141.34
5,2025-01-01 22:38:39,141.1
5,2025-01-01 22:39:01,141.31
5,2025-01-01 22:39:23,140.25
5,2025-01-01 22:39:53,139.6
5,2025-01-01 22:40:01,140.15
5,2025-01-01 22:40:26,139.33
5,2025-01-01 22:40:46,137.9
5,2025-01-01 22:41:01,139.33
5,2025-01-01 22:41:11,138.97
5,2025-01-01 22:41:30,138.7
5,2025-01-01 22:41:52,139.57
5,2025-01-01 22:42:11,138.73
5,2025-01-01 22:42:20,139.64
5,2025-01-01 22:42:47,140.31
5,2025-01-01 22:43:01,140.61
5,2025-01-01 22:43:30,139.56
5,2025-01-01 22:43:54,139.89
5,2025-01-01 22:44:04,138.79
5,2025-01-01 22:44:24,140.06
5,2025-01-01 22:44:39,141.52
5,2025-01-01 22:44:56,142.91
5,2025-01-01 22:45:16,143.17
5,2025-01-01 22:45:36,144.24
5,2025-01-01 22:46:04,143.4
5,2025-01-01 22:46:26,142.83
5,2025-01-01 22:46:52,141.58
5,2025-01-01 22:47:10,141.73
5,2025-01-01 22:47:21,140.83
5,2025-01-01 22:47:39,141.19
5,2025-01-01 22:48:06,139.87
5,2025-01-01 22:48:15,141.03
5,2025-01-01 22:48:26,141.5
5,2025-01-01 22:48:55,142.79
5,2025-01-01 22:49:17,141.72
5,2025-01-01 22:49:31,141.45
5,2025-01-01 22:49:43,140.21
5,2025-01-01 22:49:58,139.01
5,2025-01-01 22:50:20,138.02
5,2025-01-01 22:50:28,138.42
5,2025-01-01 22:50:43,139.78
5,2025-01-01 22:51:00,140.94
5,2025-01-01 22:51:18,140.75
5,2025-01-01 22:51:34,141.32
5,2025-01-01 22:52:02,141.18
5,2025-01-01 22:52:10,141.75
5,2025-01-01 22:52:28,141.6
5,2025-01-01 22:52:36,141.08
5,2025-01-01 22:52:59,140.71
5,2025-01-01 22:53:08,141.42
5,2025-01-01 22:53:27,141.29
5,2025-01-01 22:53:39,140.47
5,2025-01-01 22:53:56,140.37
5,2025-01-01 22:54:19,140.04
5,2025-01-01 22:54:34,140.87
5,2025-01-01 22:54:41,140.47
5,2025-01-01 22:54:46,139.01
5,2025-01-01 22:55:12,138.26
5,2025-01-01 22:55:22,136.82
5,2025-01-01 22:55:49,135.95
5,2025-01-01 22:56:04,135.34
5,2025-01-01 22:56:18,134.14
5,2025-01-01 22:56:42,134.86
5,2025-01-01 22:56:59,133.44
5,2025-01-01 22:57:09,133.16
5,2025-01-01 22:57:37,134.0
5,2025-01-01 22:58:06,133.91
5,2025-01-01 22:58:34,134.34
5,2025-01-01 22:59:01,132.99
5,2025-01-01 22:59:23,132.16
5,2025-01-01 22:59:49,132.74
5,2025-01-01 23:00:11,132.69
5,2025-01-01 23:00:17,131.73
5,2025-01-01 23:00:33,133.06
5,2025-01-01 23:00:54,131.96
5,2025-01-01 23:01:15,132.54
5,2025-01-01 23:01:39,131.69
5,2025-01-01 23:02:08,132.71
5,2025-01-01 23:02:25,132.36
5,2025-01-01 23:02:46,131.88
5,2025-01-01 23:03:16,132.49
5,2025-01-01 23:03:31,131.81
5,2025-01-01 23:03:53,132.86
5,2025-01-01 23:04:20,133.28
5,2025-01-01 23:04:43,132.53
5,2025-01-01 23:04:58,132.91
5,2025-01-01 23:05:15,134.0
5,2025-01-01 23:05:41,132.59
5,2025-01-01 23:05:57,132.39
5,2025-01-01 23:06:13,132.8
5,2025-01-01 23:06:28,133.94
5,2025-01-01 23:06:58,134.9
5,2025-01-01 23:07:22,133.51
5,2025-01-01 23:07:45,132.02
5,2025-01-01 23:08:04,130.93
5,2025-01-01 23:08:31,130.22
5,2025-01-01 23:08:36,130.33
5,2025-01-01 23:08:42,131.69
5,2025-01-01 23:09:04,132.89
5,2025-01-01 23:09:15,133.9
5,2025-01-01 23:09:20,134.18
5,2025-01-01 23:09:28,135.21
5,2025-01-01 23:09:50,135.42
5,2025-01-01 23:10:12,135.96
5,2025-01-01 23:10:27,136.38
5,2025-01-01 23:10:51,136.22
5,2025-01-01 23:11:14,134.86
5,2025-01-01 23:11:28,136.09
5,2025-01-01 23:11:40,136.64
5,2025-01-01 23:12:10,136.95
5,2025-01-01 23:12:22,137.8
5,2025-01-01 23:12:46,138.47
5,2025-01-01 23:13:00,138.88
5,2025-01-01 23:13:25,138.33
5,2025-01-01 23:13:44,139.17
5,2025-01-01 23:14:04,140.02
5,2025-01-01 23:14:23,140.06
5,2025-01-01 23:14:33,139.45
5,2025-01-01 23:14:46,140.06
5,2025-01-01 23:15:05,141.33
5,2025-01-01 23:15:20,141.85
5,2025-01-01 23:15:41,141.96
5,2025-01-01 23:16:09,143.07
5,2025-01-01 23:16:36,142.71
5,2025-01-01 23:16:58,142.3
5,2025-01-01 23:17:19,142.98
5,2025-01-01 23:17:34,142.38
5,2025-01-01 23:17:59,142.94
5,2025-01-01 23:18:20,143.01
5,2025-01-01 23:18:45,144.14
5,2025-01-01 23:18:56,145.41
5,2025-01-01 23:19:11,146.41
5,2025-01-01 23:19:28,144.97
5,2025-01-01 23:19:53,145.89
5,2025-01-01 23:20:21,146.2
5,2025-01-01 23:20:46,146.13
5,2025-01-01 23:21:05,144.83
5,2025-01-01 23:21:30,143.66
5,2025-01-01 23:21:57,143.52
5,2025-01-01 23:22:27,142.86
5,2025-01-01 23:22:39,144.14
5,2025-01-01 23:22:45,143.03
5,2025-01-01 23:23:09,142.62
5,2025-01-01 23:23:31,142.39
5,2025-01-01 23:23:39,140.94
5,2025-01-01 23:24:01,141.94
5,2025-01-01 23:24:27,140.8
5,2025-01-01 23:24:43,141.95
5,2025-01-01 23:25:13,141.49
5,2025-01-01 23:25:35,141.16
5,2025-01-01 23:25:48,141.21
5,2025-01-01 23:26:13,140.15
5,2025-01-01 23:26:21,140.65
5,2025-01-01 23:26:40,140.2
5,2025-01-01 23:26:51,139.62
5,2025-01-01 23:27:11,140.23
5,2025-01-01 23:27:33,139.21
5,2025-01-01 23:28:00,139.34
5,2025-01-01 23:28:29,140.04
5,2025-01-01 23:28:45,140.72
5,2025-01-01 23:29:09,141.3
5,2025-01-01 23:29:14,141.83
5,2025-01-01 23:29:35,142.49
5,2025-01-01 23:29:44,143.94
5,2025-01-01 23:30:08,144.56
5,2025-01-01 23:30:32,144.52
5,2025-01-01 23:30:54,145.7
5,2025-01-01 23:31:13,146.57
5,2025-01-01 23:31:26,146.71
5,2025-01-01 23:31:51,146.37
5,2025-01-01 23:32:05,146.02
5,2025-01-01 23:32:20,145.45
5,2025-01-01 23:32:32,144.88
5,2025-01-01 23:32:59,143.84
5,2025-01-01 23:33:29,142.38
5,2025-01-01 23:33:45,142.58
5,2025-01-01 23:33:52,141.99
5,2025-01-01 23:34:06,141.42
5,2025-01-01 23:34:16,142.14
5,2025-01-01 23:34:31,143.41
5,2025-01-01 23:34:47,143.62
5,2025-01-01 23:34:55,144.0
5,2025-01-01 23:35:24,144.8
5,2025-01-01 23:35:54,145.47
5,2025-01-01 23:36:10,146.91
5,2025-01-01 23:36:17,146.64
5,2025-01-01 23:36:23,146.97
5,2025-01-01 23:36:52,147.94
5,2025-01-01 23:36:57,148.68
5,2025-01-01 23:37:20,148.85
5,2025-01-01 23:37:50,149.7
5,2025-01-01 23:38:18,149.12
5,2025-01-01 23:38:35,147.86
5,2025-01-01 23:38:53,149.34
5,2025-01-01 23:39:22,150.0
5,2025-01-01 23:39:41,150.0
5,2025-01-01 23:40:01,149.61
5,2025-01-01 23:40:06,150.0
5,2025-01-01 23:40:12,150.0
5,2025-01-01 23:40:28,149.63
5,2025-01-01 23:40:43,150.0
5,2025-01-01 23:40:48,150.0
5,2025-01-01 23:41:09,150.0
5,2025-01-01 23:41:24,150.0
5,2025-01-01 23:41:41,149.51
5,2025-01-01 23:42:11,150.0
5,2025-01-01 23:42:36,148.55
5,2025-01-01 23:42:56,149.52
5,2025-01-01 23:43:25,150.0
5,2025-01-01 23:43:35,150.0
5,2025-01-01 23:43:50,150.0
5,2025-01-01 23:44:11,149.13
5,2025-01-01 23:44:30,147.88
5,2025-01-01 23:44:50,149.03
5,2025-01-01 23:45:15,149.52
5,2025-01-01 23:45:43,150.0
5,2025-01-01 23:45:57,149.95
5,2025-01-01 23:46:27,148.91
5,2025-01-01 23:46:33,149.61
5,2025-01-01 23:47:00,148.92
5,2025-01-01 23:47:06,149.12
5,2025-01-01 23:47:33,149.38
5,2025-01-01 23:47:56,148.91
5,2025-01-01 23:48:20,148.8
5,2025-01-01 23:48:25,149.43
5,2025-01-01 23:48:30,148.23
5,2025-01-01 23:48:35,149.3
5,2025-01-01 23:48:49,149.99
5,2025-01-01 23:49:18,150.0
5,2025-01-01 23:49:48,150.0
5,2025-01-01 23:50:17,150.0
5,2025-01-01 23:50:26,150.0
5,2025-01-01 23:50:53,149.21
5,2025-01-01 23:51:02,149.37
5,2025-01-01 23:51:25,149.9
5,2025-01-01 23:51:43,149.9
5,2025-01-01 23:51:59,149.06
5,2025-01-01 23:52:29,147.64
5,2025-01-01 23:52:49,148.83
5,2025-01-01 23:53:01,147.64
5,2025-01-01 23:53:25,146.95
5,2025-01-01 23:53:53,147.26
5,2025-01-01 23:54:03,146.62
5,2025-01-01 23:54:23,145.87
5,2025-01-01 23:54:42,145.38
5,2025-01-01 23:55:11,145.42
5,2025-01-01 23:55:16,145.64
5,2025-01-01 23:55:21,144.73
5,2025-01-01 23:55:37,144.7
5,2025-01-01 23:55:53,143.97
5,2025-01-01 23:56:11,144.43
5,2025-01-01 23:56:21,143.03
5,2025-01-01 23:56:48,143.11
5,2025-01-01 23:57:00,144.54
5,2025-01-01 23:57:23,145.78
5,2025-01-01 23:57:39,144.3
5,2025-01-01 23:58:03,142.81
5,2025-01-01 23:58:30,142.49
5,2025-01-01 23:58:38,141.48
5,2025-01-01 23:58:58,142.78
5,2025-01-01 23:59:07,144.09
5,2025-01-01 23:59:36,143.41
5,2025-01-01 23:59:46,142.38
5,2025-01-01 23:59:54,143.5
5,2025-01-02 00:00:16,144.67
5,2025-01-02 00:00:28,145.39
5,2025-01-02 00:00:40,146.88
5,2025-01-02 00:00:48,147.08
5,2025-01-02 00:00:57,147.09
5,2025-01-02 00:01:16,146.58
5,2025-01-02 00:01:41,146.07
5,2025-01-02 00:01:59,145.99
5,2025-01-02 00:02:12,145.33
5,2025-01-02 00:02:32,146.04
5,2025-01-02 00:02:46,146.19
5,2025-01-02 00:03:11,145.27
5,2025-01-02 00:03:38,144.41
5,2025-01-02 00:03:56,145.4
5,2025-01-02 00:04:13,146.41
5,2025-01-02 00:04:24,145.55
5,2025-01-02 00:04:40,144.87
5,2025-01-02 00:04:47,143.64
5,2025-01-02 00:05:14,143.67
5,2025-01-02 00:05:29,142.7
5,2025-01-02 00:05:42,141.86
5,2025-01-02 00:06:03,140.39
5,2025-01-02 00:06:15,140.89
5,2025-01-02 00:06:35,139.58
5,2025-01-02 00:06:52,138.26
5,2025-01-02 00:07:22,137.03
5,2025-01-02 00:07:46,135.7
5,2025-01-02 00:08:07,136.17
5,2025-01-02 00:08:13,137.31
5,2025-01-02 00:08:32,135.96
5,2025-01-02 00:08:51,137.12
5,2025-01-02 00:09:18,137.52
5,2025-01-02 00:09:37,136.55
5,2025-01-02 00:09:42,136.14
5,2025-01-02 00:10:04,136.0
5,2025-01-02 00:10:32,136.79
5,2025-01-02 00:11:01,138.1
5,2025-01-02 00:11:13,139.6
5,2025-01-02 00:11:21,140.24
5,2025-01-02 00:11:26,141.45
5,2025-01-02 00:11:51,140.73
5,2025-01-02 00:12:19,141.78
5,2025-01-02 00:12:39,140.53
5,2025-01-02 00:12:45,141.97
5,2025-01-02 00:13:07,142.78
5,2025-01-02 00:13:17,143.88
5,2025-01-02 00:13:40,143.98
5,2025-01-02 00:14:09,143.75
5,2025-01-02 00:14:21,144.77
5,2025-01-02 00:14:26,143.61
5,2025-01-02 00:14:44,143.6
5,2025-01-02 00:15:13,142.26
5,2025-01-02 00:15:26,143.62
5,2025-01-02 00:15:44,143.41
5,2025-01-02 00:15:54,143.4
5,2025-01-02 00:16:14,143.08
5,2025-01-02 00:16:24,144.52
5,2025-01-02 00:16:43,144.17
5,2025-01-02 00:17:11,144.89
5,2025-01-02 00:17:18,145.44
5,2025-01-02 00:17:40,145.09
5,2025-01-02 00:18:01,145.78
5,2025-01-02 00:18:18,146.63
5,2025-01-02 00:18:28,145.49
5,2025-01-02 00:18:40,146.01
5,2025-01-02 00:18:53,146.66
5,2025-01-02 00:19:20,146.24
5,2025-01-02 00:19:45,145.7
5,2025-01-02 00:19:51,146.76
5,2025-01-02 00:20:18,146.2
5,2025-01-02 00:20:46,145.15
5,2025-01-02 00:21:16,143.82
5,2025-01-02 00:21:23,142.87
5,2025-01-02 00:21:35,144.09
5,2025-01-02 00:22:05,143.63
5,2025-01-02 00:22:22,144.33
5,2025-01-02 00:22:42,145.45
5,2025-01-02 00:23:00,144.35
5,2025-01-02 00:23:07,145.46
5,2025-01-02 00:23:29,145.17
5,2025-01-02 00:23:54,145.21
5,2025-01-02 00:24:07,145.46
5,2025-01-02 00:24:20,144.81
5,2025-01-02 00:24:30,145.27
5,2025-01-02 00:24:36,143.79
5,2025-01-02 00:24:48,143.6
5,2025-01-02 00:25:03,142.85
5,2025-01-02 00:25:09,143.23
5,2025-01-02 00:25:34,143.08
5,2025-01-02 00:26:01,143.43
5,2025-01-02 00:26:30,143.34
5,2025-01-02 00:26:52,144.23
5,2025-01-02 00:26:57,144.35
6,2025-01-01 00:00:00,24.0
6,2025-01-01 00:00:29,25.19
6,2025-01-01 00:00:38,24.8
6,2025-01-01 00:01:00,26.25
6,2025-01-01 00:01:07,27.46
6,2025-01-01 00:01:30,26.64
6,2025-01-01 00:01:39,25.73
6,2025-01-01 00:01:57,25.3
6,2025-01-01 00:02:24,25.26
6,2025-01-01 00:02:53,24.52
6,2025-01-01 00:03:06,24.31
6,2025-01-01 00:03:14,25.16
6,2025-01-01 00:03:25,24.21
6,2025-01-01 00:03:44,25.11
6,2025-01-01 00:04:08,25.38
6,2025-01-01 00:04:24,26.72
6,2025-01-01 00:04:47,26.99
6,2025-01-01 00:05:13,28.07
6,2025-01-01 00:05:32,26.76
6,2025-01-01 00:05:58,26.52
6,2025-01-01 00:06:12,27.84
6,2025-01-01 00:06:22,28.16
6,2025-01-01 00:06:30,28.08
6,2025-01-01 00:06:49,27.03
6,2025-01-01 00:06:55,27.29
6,2025-01-01 00:07:19,28.5
6,2025-01-01 00:07:47,27.13
6,2025-01-01 00:08:09,28.12
6,2025-01-01 00:08:36,27.52
6,2025-01-01 00:08:59,27.71
6,2025-01-01 00:09:20,28.52
6,2025-01-01 00:09:28,27.37
6,2025-01-01 00:09:35,27.71
6,2025-01-01 00:09:43,27.51
6,2025-01-01 00:09:58,27.73
6,2025-01-01 00:10:11,28.47
6,2025-01-01 00:10:25,27.42
6,2025-01-01 00:10:47,27.31
6,2025-01-01 00:11:02,28.5
6,2025-01-01 00:11:18,29.78
6,2025-01-01 00:11:38,30.6
6,2025-01-01 00:12:06,31.24
6,2025-01-01 00:12:21,31.49
6,2025-01-01 00:12:32,32.01
6,2025-01-01 00:12:51,32.2
6,2025-01-01 00:13:14,32.76
6,2025-01-01 00:13:23,33.78
6,2025-01-01 00:13:38,34.44
6,2025-01-01 00:13:43,34.3
6,2025-01-01 00:13:48,35.58
6,2025-01-01 00:14:11,36.94
6,2025-01-01 00:14:23,38.07
6,2025-01-01 00:14:43,37.99
6,2025-01-01 00:15:04,36.7
6,2025-01-01 00:15:33,35.68
6,2025-01-01 00:15:42,35.63
6,2025-01-01 00:15:55,37.05
6,2025-01-01 00:16:00,36.92
6,2025-01-01 00:16:25,37.33
6,2025-01-01 00:16:36,37.65
6,2025-01-01 00:17:05,38.28
6,2025-01-01 00:17:23,39.55
6,2025-01-01 00:17:34,40.34
6,2025-01-01 00:18:02,39.79
6,2025-01-01 00:18:11,40.74
6,2025-01-01 00:18:33,39.67
6,2025-01-01 00:18:48,39.83
6,2025-01-01 00:19:07,38.71
6,2025-01-01 00:19:17,38.38
6,2025-01-01 00:19:45,38.42
6,2025-01-01 00:20:08,39.69
6,2025-01-01 00:20:34,40.27
6,2025-01-01 00:20:53,39.67
6,2025-01-01 00:21:06,39.87
6,2025-01-01 00:21:28,39.06
6,2025-01-01 00:21:44,38.71
6,2025-01-01 00:21:49,38.85
6,2025-01-01 00:22:11,38.81
6,2025-01-01 00:22:38,37.63
6,2025-01-01 00:23:03,37.64
6,2025-01-01 00:23:10,38.3
6,2025-01-01 00:23:16,37.43
6,2025-01-01 00:23:45,37.9
6,2025-01-01 00:24:06,37.69
6,2025-01-01 00:24:16,37.07
6,2025-01-01 00:24:26,36.73
6,2025-01-01 00:24:54,36.0
6,2025-01-01 00:25:00,37.45
6,2025-01-01 00:25:15,38.02
6,2025-01-01 00:25:37,37.61
6,2025-01-01 00:25:44,37.35
6,2025-01-01 00:26:09,36.68
6,2025-01-01 00:26:18,35.51
6,2025-01-01 00:26:24,34.22
6,2025-01-01 00:26:49,34.8
6,2025-01-01 00:26:56,35.25
6,2025-01-01 00:27:17,36.23
6,2025-01-01 00:27:30,36.46
6,2025-01-01 00:27:48,37.55
6,2025-01-01 00:28:17,38.83
6,2025-01-01 00:28:27,38.71
6,2025-01-01 00:28:42,39.89
6,2025-01-01 00:28:57,38.77
6,2025-01-01 00:29:24,38.81
6,2025-01-01 00:29:52,38.18
6,2025-01-01 00:30:21,36.77
6,2025-01-01 00:30:41,36.02
6,2025-01-01 00:31:03,35.55
6,2025-01-01 00:31:19,36.54
6,2025-01-01 00:31:42,37.22
6,2025-01-01 00:31:58,38.46
6,2025-01-01 00:32:08,37.46
6,2025-01-01 00:32:34,36.76
6,2025-01-01 00:32:40,36.24
6,2025-01-01 00:33:02,37.0
6,2025-01-01 00:33:16,35.93
6,2025-01-01 00:33:34,35.62
6,2025-01-01 00:33:43,35.63
6,2025-01-01 00:33:55,35.91
6,2025-01-01 00:34:11,37.02
6,2025-01-01 00:34:36,36.78
6,2025-01-01 00:35:00,35.67
6,2025-01-01 00:35:28,35.52
6,2025-01-01 00:35:47,35.44
6,2025-01-01 00:36:08,34.7
6,2025-01-01 00:36:30,36.0
6,2025-01-01 00:36:59,34.93
6,2025-01-01 00:37:25,34.8
6,2025-01-01 00:37:39,35.9
6,2025-01-01 00:37:58,35.83
6,2025-01-01 00:38:12,36.44
6,2025-01-01 00:38:24,35.93
6,2025-01-01 00:38:29,35.49
6,2025-01-01 00:38:39,36.35
6,2025-01-01 00:39:00,37.82
6,2025-01-01 00:39:17,39.26
6,2025-01-01 00:39:37,39.68
6,2025-01-01 00:39:45,40.37
6,2025-01-01 00:40:12,40.39
6,2025-01-01 00:40:36,40.12
6,2025-01-01 00:40:46,38.65
6,2025-01-01 00:41:15,39.29
6,2025-01-01 00:41:26,39.93
6,2025-01-01 00:41:34,38.91
6,2025-01-01 00:42:03,39.26
6,2025-01-01 00:42:26,38.69
6,2025-01-01 00:42:36,38.73
6,2025-01-01 00:42:49,38.48
6,2025-01-01 00:43:11,38.33
6,2025-01-01 00:43:24,36.91
6,2025-01-01 00:43:44,37.05
6,2025-01-01 00:44:09,38.32
6,2025-01-01 00:44:16,38.54
6,2025-01-01 00:44:27,39.47
6,2025-01-01 00:44:34,39.76
6,2025-01-01 00:44:54,39.46
6,2025-01-01 00:44:59,38.94
6,2025-01-01 00:45:25,40.15
6,2025-01-01 00:45:55,38.74
6,2025-01-01 00:46:25,39.93
6,2025-01-01 00:46:35,40.42
6,2025-01-01 00:46:42,41.21
6,2025-01-01 00:47:07,42.22
6,2025-01-01 00:47:27,40.91
6,2025-01-01 00:47:34,39.59
6,2025-01-01 00:47:54,41.04
6,2025-01-01 00:48:17,41.8
6,2025-01-01 00:48:24,41.83
6,2025-01-01 00:48:39,42.95
6,2025-01-01 00:49:07,43.97
6,2025-01-01 00:49:13,42.8
6,2025-01-01 00:49:34,43.85
6,2025-01-01 00:49:52,42.85
6,2025-01-01 00:50:06,44.3
6,2025-01-01 00:50:18,44.38
6,2025-01-01 00:50:27,43.91
6,2025-01-01 00:50:45,44.26
6,2025-01-01 00:51:12,44.24
6,2025-01-01 00:51:19,43.67
6,2025-01-01 00:51:31,42.4
6,2025-01-01 00:51:50,41.39
6,2025-01-01 00:51:56,40.09
6,2025-01-01 00:52:07,38.91
6,2025-01-01 00:52:14,40.23
6,2025-01-01 00:52:21,39.8
6,2025-01-01 00:52:43,39.63
6,2025-01-01 00:53:12,40.01
6,2025-01-01 00:53:18,39.88
6,2025-01-01 00:53:23,40.53
6,2025-01-01 00:53:33,41.53
6,2025-01-01 00:53:41,41.5
6,2025-01-01 00:53:54,40.9
6,2025-01-01 00:54:10,39.83
6,2025-01-01 00:54:26,39.74
6,2025-01-01 00:54:47,39.33
6,2025-01-01 00:55:10,38.46
6,2025-01-01 00:55:33,38.43
6,2025-01-01 00:55:42,38.93
6,2025-01-01 00:56:03,38.17
6,2025-01-01 00:56:32,38.0
6,2025-01-01 00:56:52,36.77
6,2025-01-01 00:57:19,35.37
6,2025-01-01 00:57:30,35.72
6,2025-01-01 00:57:53,35.35
6,2025-01-01 00:58:12,36.42
6,2025-01-01 00:58:26,36.1
6,2025-01-01 00:58:39,35.55
6,2025-01-01 00:59:05,35.04
6,2025-01-01 00:59:27,34.33
6,2025-01-01 00:59:44,33.46
6,2025-01-01 00:59:57,33.71
6,2025-01-01 01:00:08,35.05
6,2025-01-01 01:00:34,35.75
6,2025-01-01 01:01:02,35.27
6,2025-01-01 01:01:23,35.45
6,2025-01-01 01:01:34,36.01
6,2025-01-01 01:01:53,34.87
6,2025-01-01 01:02:05,35.39
6,2025-01-01 01:02:33,34.24
6,2025-01-01 01:02:55,33.18
6,2025-01-01 01:03:19,32.82
6,2025-01-01 01:03:48,32.89
6,2025-01-01 01:03:56,34.19
6,2025-01-01 01:04:01,35.49
6,2025-01-01 01:04:31,34.26
6,2025-01-01 01:04:47,32.91
6,2025-01-01 01:05:17,34.16
6,2025-01-01 01:05:38,34.98
6,2025-01-01 01:05:49,36.35
6,2025-01-01 01:05:58,36.35
6,2025-01-01 01:06:24,37.19
6,2025-01-01 01:06:44,35.94
6,2025-01-01 01:07:12,34.7
6,2025-01-01 01:07:23,34.54
6,2025-01-01 01:07:31,34.37
6,2025-01-01 01:07:46,35.83
6,2025-01-01 01:08:06,36.6
6,2025-01-01 01:08:35,36.63
6,2025-01-01 01:08:42,35.86
6,2025-01-01 01:09:00,35.85
6,2025-01-01 01:09:16,34.71
6,2025-01-01 01:09:42,35.31
6,2025-01-01 01:09:52,34.27
6,2025-01-01 01:10:05,32.97
6,2025-01-01 01:10:29,31.91
6,2025-01-01 01:10:34,30.93
6,2025-01-01 01:10:54,31.1
6,2025-01-01 01:11:22,32.12
6,2025-01-01 01:11:38,32.72
6,2025-01-01 01:11:51,33.55
6,2025-01-01 01:12:01,34.62
6,2025-01-01 01:12:22,33.79
6,2025-01-01 01:12:33,34.2
6,2025-01-01 01:13:01,34.02
6,2025-01-01 01:13:10,34.91
6,2025-01-01 01:13:19,36.39
6,2025-01-01 01:13:35,37.88
6,2025-01-01 01:14:04,37.46
6,2025-01-01 01:14:15,38.49
6,2025-01-01 01:14:23,39.56
6,2025-01-01 01:14:40,40.61
6,2025-01-01 01:14:58,39.7
6,2025-01-01 01:15:17,39.81
6,2025-01-01 01:15:30,39.95
6,2025-01-01 01:15:46,39.99
6,2025-01-01 01:16:16,39.14
6,2025-01-01 01:16:26,37.81
6,2025-01-01 01:16:49,37.76
6,2025-01-01 01:17:13,38.41
6,2025-01-01 01:17:37,36.96
6,2025-01-01 01:18:06,37.57
6,2025-01-01 01:18:23,37.7
6,2025-01-01 01:18:35,39.12
6,2025-01-01 01:19:02,38.36
6,2025-01-01 01:19:16,39.53
6,2025-01-01 01:19:25,38.63
6,2025-01-01 01:19:44,39.72
6,2025-01-01 01:20:13,39.34
6,2025-01-01 01:20:43,40.2
6,2025-01-01 01:20:49,40.88
6,2025-01-01 01:21:02,40.88
6,2025-01-01 01:21:13,42.11
6,2025-01-01 01:21:25,43.27
6,2025-01-01 01:21:30,41.86
6,2025-01-01 01:21:48,42.56
6,2025-01-01 01:22:10,42.19
6,2025-01-01 01:22:37,40.78
6,2025-01-01 01:22:47,41.72
6,2025-01-01 01:23:01,42.42
6,2025-01-01 01:23:30,43.53
6,2025-01-01 01:23:50,42.76
6,2025-01-01 01:24:10,42.71
6,2025-01-01 01:24:32,43.68
6,2025-01-01 01:24:40,44.36
6,2025-01-01 01:25:04,43.89
6,2025-01-01 01:25:09,42.81
6,2025-01-01 01:25:25,43.91
6,2025-01-01 01:25:38,44.63
6,2025-01-01 01:25:44,46.04
6,2025-01-01 01:25:56,46.24
6,2025-01-01 01:26:07,47.7
6,2025-01-01 01:26:27,48.43
6,2025-01-01 01:26:41,46.95
6,2025-01-01 01:26:59,48.29
6,2025-01-01 01:27:04,48.78
6,2025-01-01 01:27:33,48.54
6,2025-01-01 01:27:50,49.06
6,2025-01-01 01:28:19,47.95
6,2025-01-01 01:28:46,49.0
6,2025-01-01 01:29:00,47.62
6,2025-01-01 01:29:23,46.37
6,2025-01-01 01:29:34,47.5
6,2025-01-01 01:29:41,46.48
6,2025-01-01 01:29:55,45.43
6,2025-01-01 01:30:09,44.81
6,2025-01-01 01:30:18,44.46
6,2025-01-01 01:30:26,43.12
6,2025-01-01 01:30:33,44.22
6,2025-01-01 01:30:41,45.51
6,2025-01-01 01:30:58,45.2
6,2025-01-01 01:31:12,45.17
6,2025-01-01 01:31:37,44.68
6,2025-01-01 01:31:44,45.21
6,2025-01-01 01:32:05,46.12
6,2025-01-01 01:32:34,46.49
6,2025-01-01 01:32:39,47.41
6,2025-01-01 01:32:59,46.97
6,2025-01-01 01:33:16,46.59
6,2025-01-01 01:33:31,45.6
6,2025-01-01 01:33:42,45.26
6,2025-01-01 01:33:59,45.88
6,2025-01-01 01:34:29,46.81
6,2025-01-01 01:34:59,46.15
6,2025-01-01 01:35:15,47.64
6,2025-01-01 01:35:25,49.12
6,2025-01-01 01:35:54,48.5
6,2025-01-01 01:36:13,47.59
6,2025-01-01 01:36:18,47.17
6,2025-01-01 01:36:34,48.63
6,2025-01-01 01:36:58,49.46
6,2025-01-01 01:37:04,50.87
6,2025-01-01 01:37:12,51.31
6,2025-01-01 01:37:23,50.35
6,2025-01-01 01:37:46,50.38
6,2025-01-01 01:37:55,50.31
6,2025-01-01 01:38:05,50.39
6,2025-01-01 01:38:21,51.48
6,2025-01-01 01:38:30,51.66
6,2025-01-01 01:38:56,51.23
6,2025-01-01 01:39:15,50.74
6,2025-01-01 01:39:25,49.73
6,2025-01-01 01:39:51,50.59
6,2025-01-01 01:40:11,50.39
6,2025-01-01 01:40:19,50.48
6,2025-01-01 01:40:43,50.87
6,2025-01-01 01:40:48,52.15
6,2025-01-01 01:41:09,51.55
6,2025-01-01 01:41:19,52.26
6,2025-01-01 01:41:43,51.92
6,2025-01-01 01:41:54,51.52
6,2025-01-01 01:42:16,50.52
6,2025-01-01 01:42:43,49.8
6,2025-01-01 01:42:49,49.4
6,2025-01-01 01:43:11,50.78
6,2025-01-01 01:43:39,50.29
6,2025-01-01 01:44:02,49.91
6,2025-01-01 01:44:21,50.07
6,2025-01-01 01:44:31,49.77
6,2025-01-01 01:44:46,50.45
6,2025-01-01 01:45:03,50.26
6,2025-01-01 01:45:33,49.0
6,2025-01-01 01:45:52,48.23
6,2025-01-01 01:45:57,48.94
6,2025-01-01 01:46:24,50.15
6,2025-01-01 01:46:30,49.96
6,2025-01-01 01:46:57,49.09
6,2025-01-01 01:47:07,48.86
6,2025-01-01 01:47:18,47.63
6,2025-01-01 01:47:30,48.92
6,2025-01-01 01:47:56,49.53
6,2025-01-01 01:48:24,49.47
6,2025-01-01 01:48:48,48.89
6,2025-01-01 01:49:04,49.0
6,2025-01-01 01:49:25,49.85
6,2025-01-01 01:49:53,48.96
6,2025-01-01 01:50:23,48.18
6,2025-01-01 01:50:32,49.17
6,2025-01-01 01:50:57,48.31
6,2025-01-01 01:51:17,47.19
6,2025-01-01 01:51:37,47.37
6,2025-01-01 01:51:57,46.6
6,2025-01-01 01:52:17,46.44
6,2025-01-01 01:52:36,46.03
6,2025-01-01 01:53:05,44.86
6,2025-01-01 01:53:30,45.94
6,2025-01-01 01:53:48,44.88
6,2025-01-01 01:54:17,45.13
6,2025-01-01 01:54:44,45.83
6,2025-01-01 01:55:09,45.4
6,2025-01-01 01:55:28,45.73
6,2025-01-01 01:55:51,45.31
6,2025-01-01 01:55:58,46.67
6,2025-01-01 01:56:09,47.27
6,2025-01-01 01:56:22,46.86
6,2025-01-01 01:56:50,48.09
6,2025-01-01 01:57:06,47.83
6,2025-01-01 01:57:26,48.68
6,2025-01-01 01:57:51,49.4
6,2025-01-01 01:58:07,48.09
6,2025-01-01 01:58:21,49.2
6,2025-01-01 01:58:39,50.18
6,2025-01-01 01:59:02,50.72
6,2025-01-01 01:59:14,49.36
6,2025-01-01 01:59:43,50.54
6,2025-01-01 02:00:05,49.86
6,2025-01-01 02:00:26,51.04
6,2025-01-01 02:00:41,49.94
6,2025-01-01 02:00:51,50.22
6,2025-01-01 02:01:04,48.82
6,2025-01-01 02:01:30,49.16
6,2025-01-01 02:01:45,50.32
6,2025-01-01 02:01:54,50.21
6,2025-01-01 02:02:17,51.18
6,2025-01-01 02:02:30,52.37
6,2025-01-01 02:02:50,52.37
6,2025-01-01 02:03:14,51.67
6,2025-01-01 02:03:28,52.74
6,2025-01-01 02:03:41,52.89
6,2025-01-01 02:03:47,54.03
6,2025-01-01 02:04:12,52.64
6,2025-01-01 02:04:30,51.26
6,2025-01-01 02:04:39,52.26
6,2025-01-01 02:04:50,50.85
6,2025-01-01 02:05:04,51.21
6,2025-01-01 02:05:13,52.65
6,2025-01-01 02:05:26,51.86
6,2025-01-01 02:05:49,50.41
6,2025-01-01 02:05:55,49.09
6,2025-01-01 02:06:09,49.73
6,2025-01-01 02:06:17,50.45
6,2025-01-01 02:06:31,50.65
6,2025-01-01 02:06:54,50.22
6,2025-01-01 02:07:00,50.55
6,2025-01-01 02:07:29,49.59
6,2025-01-01 02:07:52,50.08
6,2025-01-01 02:07:59,50.0
6,2025-01-01 02:08:06,50.65
6,2025-01-01 02:08:23,50.1
6,2025-01-01 02:08:52,51.13
6,2025-01-01 02:09:14,50.31
6,2025-01-01 02:09:24,49.0
6,2025-01-01 02:09:39,47.7
6,2025-01-01 02:10:03,46.83
6,2025-01-01 02:10:19,48.2
6,2025-01-01 02:10:45,46.72
6,2025-01-01 02:10:58,45.67
6,2025-01-01 02:11:21,47.03
6,2025-01-01 02:11:35,45.79
6,2025-01-01 02:12:05,46.89
6,2025-01-01 02:12:26,47.83
6,2025-01-01 02:12:37,49.08
6,2025-01-01 02:13:06,50.42
6,2025-01-01 02:13:22,51.91
6,2025-01-01 02:13:40,52.83
6,2025-01-01 02:13:57,52.37
6,2025-01-01 02:14:25,52.33
6,2025-01-01 02:14:31,51.2
6,2025-01-01 02:14:44,50.42
6,2025-01-01 02:15:09,49.26
6,2025-01-01 02:15:29,48.29
6,2025-01-01 02:15:35,49.16
6,2025-01-01 02:15:50,50.16
6,2025-01-01 02:16:10,49.01
6,2025-01-01 02:16:15,50.42
6,2025-01-01 02:16:32,49.1
6,2025-01-01 02:16:37,49.29
6,2025-01-01 02:16:48,47.88
6,2025-01-01 02:17:11,46.51
6,2025-01-01 02:17:37,45.95
6,2025-01-01 02:18:05,45.9
6,2025-01-01 02:18:34,44.91
6,2025-01-01 02:18:49,43.75
6,2025-01-01 02:19:16,43.79
6,2025-01-01 02:19:21,42.59
6,2025-01-01 02:19:32,41.93
6,2025-01-01 02:19:54,40.62
6,2025-01-01 02:20:07,39.82
6,2025-01-01 02:20:21,40.56
6,2025-01-01 02:20:44,41.4
6,2025-01-01 02:20:53,42.76
6,2025-01-01 02:21:05,41.47
6,2025-01-01 02:21:34,42.73
6,2025-01-01 02:22:00,44.16
6,2025-01-01 02:22:27,43.49
6,2025-01-01 02:22:49,43.19
6,2025-01-01 02:23:14,42.89
6,2025-01-01 02:23:21,41.61
6,2025-01-01 02:23:48,40.79
6,2025-01-01 02:24:10,42.25
6,2025-01-01 02:24:21,43.39
6,2025-01-01 02:24:42,42.44
6,2025-01-01 02:25:07,41.5
6,2025-01-01 02:25:28,41.68
6,2025-01-01 02:25:47,42.53
6,2025-01-01 02:26:02,41.14
6,2025-01-01 02:26:22,40.81
6,2025-01-01 02:26:32,41.49
6,2025-01-01 02:26:38,40.08
6,2025-01-01 02:27:02,38.71
6,2025-01-01 02:27:27,38.03
6,2025-01-01 02:27:36,39.34
6,2025-01-01 02:27:52,38.54
6,2025-01-01 02:27:59,37.56
6,2025-01-01 02:28:25,37.77
6,2025-01-01 02:28:55,36.72
6,2025-01-01 02:29:10,36.37
6,2025-01-01 02:29:40,35.29
6,2025-01-01 02:29:57,35.79
6,2025-01-01 02:30:12,36.16
6,2025-01-01 02:30:26,35.4
6,2025-01-01 02:30:47,34.07
6,2025-01-01 02:31:10,33.09
6,2025-01-01 02:31:39,33.3
6,2025-01-01 02:31:52,32.39
6,2025-01-01 02:32:01,30.91
6,2025-01-01 02:32:18,30.26
6,2025-01-01 02:32:27,31.66
6,2025-01-01 02:32:43,30.23
6,2025-01-01 02:32:58,30.89
6,2025-01-01 02:33:05,32.16
6,2025-01-01 02:33:18,31.98
6,2025-01-01 02:33:43,31.41
6,2025-01-01 02:34:11,30.47
6,2025-01-01 02:34:29,31.69
6,2025-01-01 02:34:52,30.78
6,2025-01-01 02:35:02,30.15
6,2025-01-01 02:35:12,30.08
6,2025-01-01 02:35:40,30.46
6,2025-01-01 02:35:48,31.29
6,2025-01-01 02:35:57,32.62
6,2025-01-01 02:36:18,33.96
6,2025-01-01 02:36:36,35.34
6,2025-01-01 02:36:57,35.74
6,2025-01-01 02:37:10,36.81
6,2025-01-01 02:37:24,36.93
6,2025-01-01 02:37:51,37.16
6,2025-01-01 02:38:19,37.01
6,2025-01-01 02:38:49,36.63
6,2025-01-01 02:38:56,36.36
6,2025-01-01 02:39:13,36.98
6,2025-01-01 02:39:43,38.43
6,2025-01-01 02:39:48,38.88
6,2025-01-01 02:40:12,38.08
6,2025-01-01 02:40:22,39.12
6,2025-01-01 02:40:46,38.6
6,2025-01-01 02:40:57,37.8
6,2025-01-01 02:41:13,36.59
6,2025-01-01 02:41:28,37.0
6,2025-01-01 02:41:42,37.78
6,2025-01-01 02:41:58,37.55
6,2025-01-01 02:42:18,37.84
6,2025-01-01 02:42:36,39.13
6,2025-01-01 02:42:48,40.33
6,2025-01-01 02:42:58,41.76
6,2025-01-01 02:43:27,42.27
6,2025-01-01 02:43:45,40.83
6,2025-01-01 02:43:55,40.37
6,2025-01-01 02:44:24,39.06
6,2025-01-01 02:44:40,38.76
6,2025-01-01 02:44:48,38.41
6,2025-01-01 02:45:16,39.03
6,2025-01-01 02:45:35,38.34
6,2025-01-01 02:45:40,38.72
6,2025-01-01 02:45:50,38.44
6,2025-01-01 02:46:13,37.93
6,2025-01-01 02:46:42,37.48
6,2025-01-01 02:47:01,36.57
6,2025-01-01 02:47:17,35.62
6,2025-01-01 02:47:31,36.79
6,2025-01-01 02:47:41,35.75
6,2025-01-01 02:47:58,34.83
6,2025-01-01 02:48:09,35.34
6,2025-01-01 02:48:15,34.36
6,2025-01-01 02:48:41,35.34
6,2025-01-01 02:48:48,34.55
6,2025-01-01 02:49:18,35.76
6,2025-01-01 02:49:38,35.87
6,2025-01-01 02:49:58,34.63
6,2025-01-01 02:50:05,36.0
6,2025-01-01 02:50:26,37.17
6,2025-01-01 02:50:51,38.29
6,2025-01-01 02:51:01,38.34
6,2025-01-01 02:51:10,37.21
6,2025-01-01 02:51:16,37.11
6,2025-01-01 02:51:26,37.21
6,2025-01-01 02:51:45,36.39
6,2025-01-01 02:52:13,37.47
6,2025-01-01 02:52:33,36.98
6,2025-01-01 02:53:01,37.85
6,2025-01-01 02:53:18,38.25
6,2025-01-01 02:53:28,39.31
6,2025-01-01 02:53:50,38.78
6,2025-01-01 02:54:05,38.36
6,2025-01-01 02:54:19,36.91
6,2025-01-01 02:54:43,35.43
6,2025-01-01 02:55:13,35.15
6,2025-01-01 02:55:32,35.0
6,2025-01-01 02:55:41,36.45
6,2025-01-01 02:55:48,35.42
6,2025-01-01 02:55:58,36.42
6,2025-01-01 02:56:09,37.79
6,2025-01-01 02:56:24,38.48
6,2025-01-01 02:56:39,38.12
6,2025-01-01 02:56:55,39.19
6,2025-01-01 02:57:15,38.55
6,2025-01-01 02:57:42,37.77
6,2025-01-01 02:57:50,38.89
6,2025-01-01 02:58:20,39.49
6,2025-01-01 02:58:40,38.19
6,2025-01-01 02:59:02,37.82
6,2025-01-01 02:59:09,38.01
6,2025-01-01 02:59:22,37.29
6,2025-01-01 02:59:30,36.37
6,2025-01-01 02:59:59,35.6
6,2025-01-01 03:00:06,34.67
6,2025-01-01 03:00:20,35.37
6,2025-01-01 03:00:30,34.42
6,2025-01-01 03:00:57,35.78
6,2025-01-01 03:01:12,36.81
6,2025-01-01 03:01:30,37.3
6,2025-01-01 03:01:53,38.75
6,2025-01-01 03:02:14,38.39
6,2025-01-01 03:02:40,39.14
6,2025-01-01 03:02:50,39.05
6,2025-01-01 03:03:18,39.49
6,2025-01-01 03:03:45,39.19
6,2025-01-01 03:04:00,38.75
6,2025-01-01 03:04:12,38.53
6,2025-01-01 03:04:24,38.66
6,2025-01-01 03:04:54,37.24
6,2025-01-01 03:05:15,36.19
6,2025-01-01 03:05:45,35.07
6,2025-01-01 03:06:08,35.58
6,2025-01-01 03:06:32,35.79
6,2025-01-01 03:06:56,35.36
6,2025-01-01 03:07:17,34.88
6,2025-01-01 03:07:23,35.57
6,2025-01-01 03:07:44,36.16
6,2025-01-01 03:08:01,37.16
6,2025-01-01 03:08:31,38.11
6,2025-01-01 03:08:39,36.93
6,2025-01-01 03:09:08,35.73
6,2025-01-01 03:09:25,35.93
6,2025-01-01 03:09:51,36.09
6,2025-01-01 03:10:15,36.59
6,2025-01-01 03:10:24,37.85
6,2025-01-01 03:10:43,38.41
6,2025-01-01 03:11:09,39.58
6,2025-01-01 03:11:20,39.97
6,2025-01-01 03:11:48,39.95
6,2025-01-01 03:12:14,39.08
6,2025-01-01 03:12:41,40.08
6,2025-01-01 03:12:52,40.88
6,2025-01-01 03:13:05,42.28
6,2025-01-01 03:13:35,41.24
6,2025-01-01 03:13:47,39.81
6,2025-01-01 03:14:04,40.52
6,2025-01-01 03:14:10,39.44
6,2025-01-01 03:14:26,38.97
6,2025-01-01 03:14:55,38.52
6,2025-01-01 03:15:19,37.05
6,2025-01-01 03:15:39,37.61
6,2025-01-01 03:15:45,37.88
6,2025-01-01 03:16:00,38.34
6,2025-01-01 03:16:21,37.51
6,2025-01-01 03:16:33,38.92
6,2025-01-01 03:16:38,38.11
6,2025-01-01 03:16:46,39.45
6,2025-01-01 03:17:07,39.21
6,2025-01-01 03:17:36,38.77
6,2025-01-01 03:17:53,39.44
6,2025-01-01 03:18:07,40.05
6,2025-01-01 03:18:29,41.0
6,2025-01-01 03:18:44,40.23
6,2025-01-01 03:18:55,40.3
6,2025-01-01 03:19:02,39.55
6,2025-01-01 03:19:29,39.3
6,2025-01-01 03:19:52,40.5
6,2025-01-01 03:20:11,41.1
6,2025-01-01 03:20:22,39.61
6,2025-01-01 03:20:49,40.36
6,2025-01-01 03:21:06,40.43
6,2025-01-01 03:21:22,41.41
6,2025-01-01 03:21:28,42.09
6,2025-01-01 03:21:58,41.9
6,2025-01-01 03:22:14,43.05
6,2025-01-01 03:22:43,43.25
6,2025-01-01 03:23:09,44.19
6,2025-01-01 03:23:25,45.62
6,2025-01-01 03:23:53,45.2
6,2025-01-01 03:24:19,46.22
6,2025-01-01 03:24:43,47.36
6,2025-01-01 03:25:01,46.67
6,2025-01-01 03:25:29,47.89
6,2025-01-01 03:25:52,49.32
6,2025-01-01 03:26:01,50.46
6,2025-01-01 03:26:30,49.44
6,2025-01-01 03:26:42,50.86
6,2025-01-01 03:26:58,51.33
6,2025-01-01 03:27:13,50.52
6,2025-01-01 03:27:31,51.56
6,2025-01-01 03:27:36,52.91
6,2025-01-01 03:27:50,54.38
6,2025-01-01 03:28:09,53.24
6,2025-01-01 03:28:17,51.95
6,2025-01-01 03:28:26,51.99
6,2025-01-01 03:28:36,51.17
6,2025-01-01 03:28:50,51.42
6,2025-01-01 03:28:59,50.96
6,2025-01-01 03:29:23,50.21
6,2025-01-01 03:29:28,49.41
6,2025-01-01 03:29:36,48.87
6,2025-01-01 03:29:50,49.18
6,2025-01-01 03:30:09,47.71
6,2025-01-01 03:30:23,46.88
6,2025-01-01 03:30:40,46.06
6,2025-01-01 03:30:53,46.96
6,2025-01-01 03:30:59,47.2
6,2025-01-01 03:31:25,46.1
6,2025-01-01 03:31:36,44.94
6,2025-01-01 03:32:05,43.6
6,2025-01-01 03:32:22,43.79
6,2025-01-01 03:32:40,44.77
6,2025-01-01 03:33:10,43.41
6,2025-01-01 03:33:30,43.96
6,2025-01-01 03:33:46,44.58
6,2025-01-01 03:34:13,43.67
6,2025-01-01 03:34:21,43.89
6,2025-01-01 03:34:33,44.43
6,2025-01-01 03:34:47,43.72
6,2025-01-01 03:35:05,44.3
6,2025-01-01 03:35:13,42.95
6,2025-01-01 03:35:43,42.22
6,2025-01-01 03:35:56,42.93
6,2025-01-01 03:36:05,42.69
6,2025-01-01 03:36:35,41.96
6,2025-01-01 03:36:40,41.2
6,2025-01-01 03:36:45,40.86
6,2025-01-01 03:37:10,40.35
6,2025-01-01 03:37:32,40.88
6,2025-01-01 03:38:01,39.94
6,2025-01-01 03:38:31,41.14
6,2025-01-01 03:38:40,42.42
6,2025-01-01 03:38:45,42.97
6,2025-01-01 03:38:57,42.56
6,2025-01-01 03:39:11,41.49
6,2025-01-01 03:39:23,41.04
6,2025-01-01 03:39:39,39.89
6,2025-01-01 03:40:05,39.73
6,2025-01-01 03:40:35,40.28
6,2025-01-01 03:41:00,39.98
6,2025-01-01 03:41:15,40.81
6,2025-01-01 03:41:43,41.05
6,2025-01-01 03:41:52,40.14
6,2025-01-01 03:42:17,39.83
6,2025-01-01 03:42:40,41.06
6,2025-01-01 03:42:58,42.03
6,2025-01-01 03:43:05,42.8
6,2025-01-01 03:43:28,43.95
6,2025-01-01 03:43:37,45.34
6,2025-01-01 03:43:43,46.23
6,2025-01-01 03:44:10,45.73
6,2025-01-01 03:44:21,47.09
6,2025-01-01 03:44:41,47.82
6,2025-01-01 03:44:59,47.75
6,2025-01-01 03:45:18,48.19
6,2025-01-01 03:45:38,48.33
6,2025-01-01 03:45:45,48.19
6,2025-01-01 03:45:58,49.59
6,2025-01-01 03:46:13,49.64
6,2025-01-01 03:46:24,48.57
6,2025-01-01 03:46:33,49.43
6,2025-01-01 03:47:01,49.79
6,2025-01-01 03:47:13,48.66
6,2025-01-01 03:47:43,47.99
6,2025-01-01 03:48:12,47.05
6,2025-01-01 03:48:34,45.77
6,2025-01-01 03:48:56,44.69
6,2025-01-01 03:49:12,45.35
6,2025-01-01 03:49:30,46.29
6,2025-01-01 03:49:58,46.06
6,2025-01-01 03:50:05,45.76
6,2025-01-01 03:50:28,44.96
6,2025-01-01 03:50:34,45.4
6,2025-01-01 03:50:43,46.22
6,2025-01-01 03:50:53,46.74
6,2025-01-01 03:51:03,45.8
6,2025-01-01 03:51:16,45.07
6,2025-01-01 03:51:27,45.87
6,2025-01-01 03:51:48,45.67
6,2025-01-01 03:52:18,46.09
6,2025-01-01 03:52:31,46.4
6,2025-01-01 03:52:55,45.18
6,2025-01-01 03:53:09,43.69
6,2025-01-01 03:53:34,42.41
6,2025-01-01 03:53:39,43.78
6,2025-01-01 03:53:53,42.73
6,2025-01-01 03:54:07,41.5
6,2025-01-01 03:54:21,41.58
6,2025-01-01 03:54:30,41.6
6,2025-01-01 03:54:46,42.32
6,2025-01-01 03:55:00,42.71
6,2025-01-01 03:55:23,41.69
6,2025-01-01 03:55:47,40.65
6,2025-01-01 03:55:56,40.2
6,2025-01-01 03:56:25,41.58
6,2025-01-01 03:56:51,41.75
6,2025-01-01 03:57:06,43.15
6,2025-01-01 03:57:25,43.38
6,2025-01-01 03:57:52,44.77
6,2025-01-01 03:57:57,45.59
6,2025-01-01 03:58:20,44.3
6,2025-01-01 03:58:26,45.75
6,2025-01-01 03:58:52,46.1
6,2025-01-01 03:59:11,45.42
6,2025-01-01 03:59:34,45.27
6,2025-01-01 03:59:44,45.03
6,2025-01-01 04:00:00,45.26
6,2025-01-01 04:00:14,45.46
6,2025-01-01 04:00:40,45.14
6,2025-01-01 04:00:45,45.13
6,2025-01-01 04:00:52,45.37
6,2025-01-01 04:01:10,44.44
6,2025-01-01 04:01:27,44.17
6,2025-01-01 04:01:52,42.92
6,2025-01-01 04:02:07,43.93
6,2025-01-01 04:02:35,43.16
6,2025-01-01 04:02:44,44.12
6,2025-01-01 04:02:49,43.3
6,2025-01-01 04:03:13,43.34
6,2025-01-01 04:03:28,41.9
6,2025-01-01 04:03:46,40.89
6,2025-01-01 04:04:06,40.84
6,2025-01-01 04:04:29,40.64
6,2025-01-01 04:04:56,40.28
6,2025-01-01 04:05:12,39.87
6,2025-01-01 04:05:42,40.12
6,2025-01-01 04:06:11,39.77
6,2025-01-01 04:06:35,39.33
6,2025-01-01 04:07:01,38.63
6,2025-01-01 04:07:17,38.75
6,2025-01-01 04:07:24,39.55
6,2025-01-01 04:07:54,39.49
6,2025-01-01 04:07:59,40.02
6,2025-01-01 04:08:20,39.41
6,2025-01-01 04:08:49,39.65
6,2025-01-01 04:08:54,40.2
6,2025-01-01 04:09:01,39.32
6,2025-01-01 04:09:22,39.87
6,2025-01-01 04:09:37,40.79
6,2025-01-01 04:09:46,39.89
6,2025-01-01 04:09:53,39.21
6,2025-01-01 04:09:58,40.42
6,2025-01-01 04:10:08,40.64
6,2025-01-01 04:10:36,40.16
6,2025-01-01 04:10:41,38.84
6,2025-01-01 04:11:00,40.13
6,2025-01-01 04:11:20,40.62
6,2025-01-01 04:11:35,40.31
6,2025-01-01 04:12:04,40.88
6,2025-01-01 04:12:32,42.13
6,2025-01-01 04:12:58,40.76
6,2025-01-01 04:13:15,41.37
6,2025-01-01 04:13:20,40.99
6,2025-01-01 04:13:29,42.06
6,2025-01-01 04:13:46,43.11
6,2025-01-01 04:14:08,41.68
6,2025-01-01 04:14:27,42.55
6,2025-01-01 04:14:32,43.1
6,2025-01-01 04:14:39,43.43
6,2025-01-01 04:15:09,41.98
6,2025-01-01 04:15:15,41.44
6,2025-01-01 04:15:30,41.22
6,2025-01-01 04:15:37,42.45
6,2025-01-01 04:16:00,42.32
6,2025-01-01 04:16:26,40.84
6,2025-01-01 04:16:34,41.99
6,2025-01-01 04:16:40,41.27
6,2025-01-01 04:17:07,39.95
6,2025-01-01 04:17:21,38.66
6,2025-01-01 04:17:39,39.31
6,2025-01-01 04:18:03,39.97
6,2025-01-01 04:18:18,41.35
6,2025-01-01 04:18:39,41.54
6,2025-01-01 04:18:59,40.95
6,2025-01-01 04:19:05,40.95
6,2025-01-01 04:19:30,42.17
6,2025-01-01 04:19:44,41.18
6,2025-01-01 04:20:14,41.49
6,2025-01-01 04:20:25,40.25
6,2025-01-01 04:20:45,41.25
6,2025-01-01 04:20:50,40.46
6,2025-01-01 04:21:04,40.65
6,2025-01-01 04:21:15,41.73
6,2025-01-01 04:21:24,41.54
6,2025-01-01 04:21:46,41.25
6,2025-01-01 04:22:06,42.61
6,2025-01-01 04:22:13,42.13
6,2025-01-01 04:22:26,42.94
6,2025-01-01 04:22:39,41.77
6,2025-01-01 04:22:51,41.56
6,2025-01-01 04:23:08,41.13
6,2025-01-01 04:23:33,42.21
6,2025-01-01 04:23:39,43.6
6,2025-01-01 04:24:03,42.8
6,2025-01-01 04:24:33,41.46
6,2025-01-01 04:24:54,42.58
6,2025-01-01 04:25:19,41.5
6,2025-01-01 04:25:30,41.74
6,2025-01-01 04:25:59,43.04
6,2025-01-01 04:26:25,42.4
6,2025-01-01 04:26:39,42.74
6,2025-01-01 04:27:09,42.43
6,2025-01-01 04:27:29,41.08
6,2025-01-01 04:27:43,42.24
6,2025-01-01 04:28:04,41.92
6,2025-01-01 04:28:19,42.11
6,2025-01-01 04:28:37,43.32
6,2025-01-01 04:28:43,44.17
6,2025-01-01 04:29:05,42.91
6,2025-01-01 04:29:26,43.85
6,2025-01-01 04:29:41,42.61
6,2025-01-01 04:30:05,41.44
6,2025-01-01 04:30:34,40.1
6,2025-01-01 04:31:01,40.52
6,2025-01-01 04:31:25,39.42
6,2025-01-01 04:31:50,40.58
6,2025-01-01 04:32:01,39.52
6,2025-01-01 04:32:22,38.14
6,2025-01-01 04:32:29,38.06
6,2025-01-01 04:32:47,36.57
6,2025-01-01 04:33:00,36.0
6,2025-01-01 04:33:05,37.31
6,2025-01-01 04:33:18,37.26
6,2025-01-01 04:33:37,37.9
6,2025-01-01 04:33:50,39.08
6,2025-01-01 04:34:09,38.2
6,2025-01-01 04:34:29,38.78
6,2025-01-01 04:34:48,38.38
6,2025-01-01 04:35:04,39.68
6,2025-01-01 04:35:30,39.01
6,2025-01-01 04:35:45,38.53
6,2025-01-01 04:35:55,37.04
6,2025-01-01 04:36:09,37.64
6,2025-01-01 04:36:31,37.68
6,2025-01-01 04:36:53,37.03
6,2025-01-01 04:37:03,37.34
6,2025-01-01 04:37:14,36.86
6,2025-01-01 04:37:29,36.11
6,2025-01-01 04:37:54,35.85
6,2025-01-01 04:38:09,35.15
6,2025-01-01 04:38:27,36.59
6,2025-01-01 04:38:32,36.42
6,2025-01-01 04:38:39,35.12
6,2025-01-01 04:38:53,35.13
6,2025-01-01 04:39:06,35.2
6,2025-01-01 04:39:28,35.85
6,2025-01-01 04:39:33,35.3
6,2025-01-01 04:39:43,34.15
6,2025-01-01 04:40:12,33.47
6,2025-01-01 04:40:17,32.63
6,2025-01-01 04:40:37,32.79
6,2025-01-01 04:40:53,34.19
6,2025-01-01 04:41:02,34.56
6,2025-01-01 04:41:11,35.99
6,2025-01-01 04:41:17,35.3
6,2025-01-01 04:41:42,35.23
6,2025-01-01 04:41:47,34.51
6,2025-01-01 04:41:57,35.45
6,2025-01-01 04:42:19,34.49
6,2025-01-01 04:42:28,33.21
6,2025-01-01 04:42:36,33.19
6,2025-01-01 04:43:06,32.18
6,2025-01-01 04:43:16,31.53
6,2025-01-01 04:43:41,32.33
6,2025-01-01 04:44:00,31.98
6,2025-01-01 04:44:17,32.24
6,2025-01-01 04:44:32,30.79
6,2025-01-01 04:44:40,32.05
6,2025-01-01 04:44:47,33.02
6,2025-01-01 04:45:13,34.32
6,2025-01-01 04:45:37,33.36
6,2025-01-01 04:45:52,32.04
6,2025-01-01 04:46:16,31.23
6,2025-01-01 04:46:28,32.51
6,2025-01-01 04:46:36,33.94
6,2025-01-01 04:46:56,33.53
6,2025-01-01 04:47:14,33.71
6,2025-01-01 04:47:21,33.04
6,2025-01-01 04:47:36,33.63
6,2025-01-01 04:47:52,34.5
6,2025-01-01 04:48:04,34.95
6,2025-01-01 04:48:29,33.69
6,2025-01-01 04:48:44,34.12
6,2025-01-01 04:49:05,34.09
6,2025-01-01 04:49:20,35.01
6,2025-01-01 04:49:47,34.77
6,2025-01-01 04:49:59,35.33
6,2025-01-01 04:50:10,36.44
6,2025-01-01 04:50:17,36.36
6,2025-01-01 04:50:37,37.25
6,2025-01-01 04:50:58,36.53
6,2025-01-01 04:51:10,35.31
6,2025-01-01 04:51:22,34.0
6,2025-01-01 04:51:40,33.09
6,2025-01-01 04:51:56,34.47
6,2025-01-01 04:52:21,33.98
6,2025-01-01 04:52:46,32.85
6,2025-01-01 04:52:56,32.17
6,2025-01-01 04:53:17,31.07
6,2025-01-01 04:53:22,30.39
6,2025-01-01 04:53:28,31.57
6,2025-01-01 04:53:43,32.83
6,2025-01-01 04:53:52,32.54
6,2025-01-01 04:54:16,32.6
6,2025-01-01 04:54:38,32.66
6,2025-01-01 04:55:03,31.91
6,2025-01-01 04:55:12,30.51
6,2025-01-01 04:55:33,31.24
6,2025-01-01 04:56:00,32.53
6,2025-01-01 04:56:25,32.09
6,2025-01-01 04:56:46,30.99
6,2025-01-01 04:57:07,30.23
6,2025-01-01 04:57:17,30.73
6,2025-01-01 04:57:39,30.1
6,2025-01-01 04:57:46,30.25
6,2025-01-01 04:58:02,30.03
6,2025-01-01 04:58:22,29.76
6,2025-01-01 04:58:47,29.91
6,2025-01-01 04:59:03,30.33
6,2025-01-01 04:59:11,30.62
6,2025-01-01 04:59:31,29.33
6,2025-01-01 05:00:00,29.46
6,2025-01-01 05:00:12,30.02
6,2025-01-01 05:00:29,29.05
6,2025-01-01 05:00:52,27.94
6,2025-01-01 05:01:15,28.86
6,2025-01-01 05:01:40,29.22
6,2025-01-01 05:01:55,29.2
6,2025-01-01 05:02:23,29.45
6,2025-01-01 05:02:53,28.21
6,2025-01-01 05:02:58,28.97
6,2025-01-01 05:03:27,29.95
6,2025-01-01 05:03:35,30.79
6,2025-01-01 05:04:04,30.29
6,2025-01-01 05:04:34,29.38
6,2025-01-01 05:04:40,29.96
6,2025-01-01 05:04:56,29.56
6,2025-01-01 05:05:18,30.86
6,2025-01-01 05:05:24,31.2
6,2025-01-01 05:05:32,31.32
6,2025-01-01 05:05:47,30.64
6,2025-01-01 05:06:09,31.27
6,2025-01-01 05:06:30,32.52
6,2025-01-01 05:06:58,33.33
6,2025-01-01 05:07:05,34.73
6,2025-01-01 05:07:35,35.08
6,2025-01-01 05:07:42,35.62
6,2025-01-01 05:07:51,34.82
6,2025-01-01 05:08:02,35.93
6,2025-01-01 05:08:23,35.27
6,2025-01-01 05:08:53,35.06
6,2025-01-01 05:09:19,34.51
6,2025-01-01 05:09:33,35.54
6,2025-01-01 05:09:46,34.83
6,2025-01-01 05:10:02,33.7
6,2025-01-01 05:10:12,34.62
6,2025-01-01 05:10:37,34.53
6,2025-01-01 05:10:42,34.65
6,2025-01-01 05:10:57,36.0
6,2025-01-01 05:11:12,36.37
6,2025-01-01 05:11:42,35.6
6,2025-01-01 05:12:12,34.39
6,2025-01-01 05:12:40,34.39
6,2025-01-01 05:13:08,34.68
6,2025-01-01 05:13:32,34.19
6,2025-01-01 05:13:41,33.57
6,2025-01-01 05:13:52,33.14
6,2025-01-01 05:14:13,33.35
6,2025-01-01 05:14:40,33.28
6,2025-01-01 05:15:07,33.1
6,2025-01-01 05:15:25,33.24
6,2025-01-01 05:15:48,32.26
6,2025-01-01 05:16:17,33.35
6,2025-01-01 05:16:44,33.75
6,2025-01-01 05:16:51,32.78
6,2025-01-01 05:17:18,33.4
6,2025-01-01 05:17:40,32.71
6,2025-01-01 05:17:50,33.59
6,2025-01-01 05:18:12,32.29
6,2025-01-01 05:18:23,31.3
6,2025-01-01 05:18:35,30.56
6,2025-01-01 05:19:00,31.56
6,2025-01-01 05:19:28,31.69
6,2025-01-01 05:19:35,32.61
6,2025-01-01 05:19:40,31.14
6,2025-01-01 05:19:56,31.75
6,2025-01-01 05:20:10,32.94
6,2025-01-01 05:20:29,31.52
6,2025-01-01 05:20:55,32.83
6,2025-01-01 05:21:20,33.1
6,2025-01-01 05:21:37,32.48
6,2025-01-01 05:21:51,33.7
6,2025-01-01 05:22:08,33.95
6,2025-01-01 05:22:30,33.26
6,2025-01-01 05:22:36,34.11
6,2025-01-01 05:22:52,33.59
6,2025-01-01 05:23:16,35.0
6,2025-01-01 05:23:43,34.89
6,2025-01-01 05:24:11,33.81
6,2025-01-01 05:24:31,35.03
6,2025-01-01 05:24:39,34.12
6,2025-01-01 05:24:52,34.06
6,2025-01-01 05:25:01,34.29
6,2025-01-01 05:25:29,33.95
6,2025-01-01 05:25:54,34.3
6,2025-01-01 05:26:03,34.63
6,2025-01-01 05:26:12,33.53
6,2025-01-01 05:26:22,32.46
6,2025-01-01 05:26:41,33.85
6,2025-01-01 05:26:49,33.24
6,2025-01-01 05:26:58,34.5
6,2025-01-01 05:27:22,35.85
6,2025-01-01 05:27:34,35.74
6,2025-01-01 05:27:45,36.4
6,2025-01-01 05:28:04,37.62
6,2025-01-01 05:28:22,38.28
6,2025-01-01 05:28:49,36.99
6,2025-01-01 05:29:06,36.56
6,2025-01-01 05:29:30,36.07
6,2025-01-01 05:29:42,36.55
6,2025-01-01 05:30:00,35.48
6,2025-01-01 05:30:06,35.04
6,2025-01-01 05:30:27,36.04
6,2025-01-01 05:30:41,35.77
6,2025-01-01 05:30:50,36.72
6,2025-01-01 05:30:57,37.46
6,2025-01-01 05:31:13,38.21
6,2025-01-01 05:31:36,39.42
6,2025-01-01 05:32:04,40.41
6,2025-01-01 05:32:16,40.95
6,2025-01-01 05:32:26,41.8
6,2025-01-01 05:32:40,42.58
6,2025-01-01 05:32:59,43.92
6,2025-01-01 05:33:09,44.25
6,2025-01-01 05:33:27,44.98
6,2025-01-01 05:33:56,45.14
6,2025-01-01 05:34:14,45.25
6,2025-01-01 05:34:28,46.35
6,2025-01-01 05:34:35,47.07
6,2025-01-01 05:34:52,48.55
6,2025-01-01 05:34:59,49.07
6,2025-01-01 05:35:25,49.95
6,2025-01-01 05:35:41,48.49
6,2025-01-01 05:35:54,47.61
6,2025-01-01 05:36:21,46.81
6,2025-01-01 05:36:29,46.68
6,2025-01-01 05:36:59,47.68
6,2025-01-01 05:37:20,46.95
6,2025-01-01 05:37:29,47.73
6,2025-01-01 05:37:43,46.24
6,2025-01-01 05:38:09,45.53
6,2025-01-01 05:38:20,45.2
6,2025-01-01 05:38:28,44.24
6,2025-01-01 05:38:45,43.45
6,2025-01-01 05:38:59,43.23
6,2025-01-01 05:39:04,42.89
6,2025-01-01 05:39:18,41.84
6,2025-01-01 05:39:47,43.16
6,2025-01-01 05:40:13,42.59
6,2025-01-01 05:40:31,41.44
6,2025-01-01 05:40:56,42.53
6,2025-01-01 05:41:02,43.28
6,2025-01-01 05:41:16,44.28
6,2025-01-01 05:41:24,44.82
6,2025-01-01 05:41:31,44.05
6,2025-01-01 05:41:53,43.56
6,2025-01-01 05:42:13,42.31
6,2025-01-01 05:42:20,41.45
6,2025-01-01 05:42:32,40.36
6,2025-01-01 05:42:59,41.83
6,2025-01-01 05:43:25,42.07
6,2025-01-01 05:43:35,41.02
6,2025-01-01 05:43:41,42.01
6,2025-01-01 05:44:00,42.35
6,2025-01-01 05:44:11,43.09
6,2025-01-01 05:44:18,41.92
6,2025-01-01 05:44:24,40.89
6,2025-01-01 05:44:44,40.98
6,2025-01-01 05:44:50,40.4
6,2025-01-01 05:45:07,41.62
6,2025-01-01 05:45:27,40.26
6,2025-01-01 05:45:34,39.98
6,2025-01-01 05:45:41,40.6
6,2025-01-01 05:45:58,39.72
6,2025-01-01 05:46:18,38.78
6,2025-01-01 05:46:27,39.15
6,2025-01-01 05:46:40,38.63
6,2025-01-01 05:46:59,39.15
6,2025-01-01 05:47:26,40.08
6,2025-01-01 05:47:47,39.22
6,2025-01-01 05:48:12,39.04
6,2025-01-01 05:48:36,38.45
6,2025-01-01 05:48:54,37.05
6,2025-01-01 05:49:23,36.34
6,2025-01-01 05:49:40,35.84
6,2025-01-01 05:50:02,36.67
6,2025-01-01 05:50:16,37.99
6,2025-01-01 05:50:26,38.38
6,2025-01-01 05:50:53,38.23
6,2025-01-01 05:51:17,37.95
6,2025-01-01 05:51:32,37.92
6,2025-01-01 05:51:56,38.74
6,2025-01-01 05:52:02,37.43
6,2025-01-01 05:52:29,37.73
6,2025-01-01 05:52:57,38.69
6,2025-01-01 05:53:03,39.08
6,2025-01-01 05:53:12,39.6
6,2025-01-01 05:53:27,40.64
6,2025-01-01 05:53:57,40.22
6,2025-01-01 05:54:04,38.81
6,2025-01-01 05:54:23,38.9
6,2025-01-01 05:54:47,40.15
6,2025-01-01 05:55:04,39.84
6,2025-01-01 05:55:12,38.77
6,2025-01-01 05:55:32,40.14
6,2025-01-01 05:55:55,40.04
6,2025-01-01 05:56:24,41.51
6,2025-01-01 05:56:46,40.34
6,2025-01-01 05:56:51,38.93
6,2025-01-01 05:57:10,37.47
6,2025-01-01 05:57:28,38.73
6,2025-01-01 05:57:52,40.14
6,2025-01-01 05:58:06,40.65
6,2025-01-01 05:58:27,40.75
6,2025-01-01 05:58:39,41.48
6,2025-01-01 05:58:54,42.87
6,2025-01-01 05:59:21,43.66
6,2025-01-01 05:59:30,43.74
6,2025-01-01 05:59:58,45.13
6,2025-01-01 06:00:28,45.06
6,2025-01-01 06:00:33,44.83
6,2025-01-01 06:00:49,44.98
6,2025-01-01 06:01:00,45.76
6,2025-01-01 06:01:11,45.01
6,2025-01-01 06:01:35,45.14
6,2025-01-01 06:01:46,45.14
6,2025-01-01 06:02:13,46.45
6,2025-01-01 06:02:42,47.68
6,2025-01-01 06:02:56,46.36
6,2025-01-01 06:03:16,45.39
6,2025-01-01 06:03:27,45.87
6,2025-01-01 06:03:48,46.62
6,2025-01-01 06:04:10,46.35
6,2025-01-01 06:04:24,47.67
6,2025-01-01 06:04:35,48.08
6,2025-01-01 06:04:55,47.17
6,2025-01-01 06:05:13,46.38
6,2025-01-01 06:05:38,46.75
6,2025-01-01 06:05:51,47.51
6,2025-01-01 06:06:14,46.28
6,2025-01-01 06:06:36,47.2
6,2025-01-01 06:06:50,46.39
6,2025-01-01 06:06:59,45.56
6,2025-01-01 06:07:22,46.48
6,2025-01-01 06:07:50,46.15
6,2025-01-01 06:08:00,46.33
6,2025-01-01 06:08:24,44.9
6,2025-01-01 06:08:35,43.57
6,2025-01-01 06:08:55,42.87
6,2025-01-01 06:09:21,43.08
6,2025-01-01 06:09:36,44.58
6,2025-01-01 06:09:54,43.75
6,2025-01-01 06:10:18,42.37
6,2025-01-01 06:10:41,41.89
6,2025-01-01 06:10:58,40.7
6,2025-01-01 06:11:24,41.14
6,2025-01-01 06:11:48,39.66
6,2025-01-01 06:12:03,39.83
6,2025-01-01 06:12:29,38.61
6,2025-01-01 06:12:39,39.51
6,2025-01-01 06:12:55,38.84
6,2025-01-01 06:13:25,38.9
6,2025-01-01 06:13:54,39.54
6,2025-01-01 06:14:11,38.96
6,2025-01-01 06:14:27,39.3
6,2025-01-01 06:14:34,38.2
6,2025-01-01 06:14:51,37.97
6,2025-01-01 06:15:21,38.45
6,2025-01-01 06:15:42,37.44
6,2025-01-01 06:15:48,38.91
6,2025-01-01 06:16:06,37.89
6,2025-01-01 06:16:24,38.77
6,2025-01-01 06:16:43,37.36
6,2025-01-01 06:16:48,38.0
6,2025-01-01 06:17:04,38.46
6,2025-01-01 06:17:15,37.49
6,2025-01-01 06:17:26,36.54
6,2025-01-01 06:17:52,36.11
6,2025-01-01 06:18:05,35.23
6,2025-01-01 06:18:13,33.8
6,2025-01-01 06:18:25,34.1
6,2025-01-01 06:18:55,32.75
6,2025-01-01 06:19:09,31.79
6,2025-01-01 06:19:39,32.43
6,2025-01-01 06:19:59,33.1
6,2025-01-01 06:20:22,33.68
6,2025-01-01 06:20:52,33.11
6,2025-01-01 06:21:05,33.65
6,2025-01-01 06:21:13,34.99
6,2025-01-01 06:21:39,33.73
6,2025-01-01 06:21:59,34.77
6,2025-01-01 06:22:10,34.58
6,2025-01-01 06:22:18,35.16
6,2025-01-01 06:22:34,35.57
6,2025-01-01 06:22:57,35.93
6,2025-01-01 06:23:14,35.37
6,2025-01-01 06:23:20,36.3
6,2025-01-01 06:23:33,37.2
6,2025-01-01 06:23:53,35.94
6,2025-01-01 06:24:00,37.12
6,2025-01-01 06:24:22,38.38
6,2025-01-01 06:24:34,38.27
6,2025-01-01 06:24:52,39.34
6,2025-01-01 06:25:14,38.48
6,2025-01-01 06:25:20,38.33
6,2025-01-01 06:25:34,37.32
6,2025-01-01 06:26:02,38.42
6,2025-01-01 06:26:14,38.51
6,2025-01-01 06:26:34,38.1
6,2025-01-01 06:26:50,39.2
6,2025-01-01 06:26:55,39.04
6,2025-01-01 06:27:11,38.59
6,2025-01-01 06:27:22,38.23
6,2025-01-01 06:27:47,37.34
6,2025-01-01 06:28:14,37.43
6,2025-01-01 06:28:44,36.85
6,2025-01-01 06:28:49,38.09
6,2025-01-01 06:29:14,39.18
6,2025-01-01 06:29:30,39.3
6,2025-01-01 06:29:45,38.7
6,2025-01-01 06:30:14,37.55
6,2025-01-01 06:30:24,36.77
6,2025-01-01 06:30:42,37.67
6,2025-01-01 06:30:49,38.82
6,2025-01-01 06:31:17,39.22
6,2025-01-01 06:31:47,40.13
6,2025-01-01 06:32:00,40.27
6,2025-01-01 06:32:19,40.11
6,2025-01-01 06:32:28,39.47
6,2025-01-01 06:32:48,38.41
6,2025-01-01 06:33:08,39.51
6,2025-01-01 06:33:16,39.7
6,2025-01-01 06:33:42,39.63
6,2025-01-01 06:34:11,38.87
6,2025-01-01 06:34:31,39.62
6,2025-01-01 06:34:39,40.62
6,2025-01-01 06:35:02,39.63
6,2025-01-01 06:35:18,38.43
6,2025-01-01 06:35:45,39.57
6,2025-01-01 06:36:15,39.77
6,2025-01-01 06:36:44,40.49
6,2025-01-01 06:37:06,40.66
6,2025-01-01 06:37:12,40.04
6,2025-01-01 06:37:31,40.2
6,2025-01-01 06:37:56,39.76
6,2025-01-01 06:38:04,40.06
6,2025-01-01 06:38:32,38.61
6,2025-01-01 06:38:41,37.2
6,2025-01-01 06:38:55,37.8
6,2025-01-01 06:39:11,36.55
6,2025-01-01 06:39:33,37.26
6,2025-01-01 06:39:51,37.06
6,2025-01-01 06:40:05,38.14
6,2025-01-01 06:40:10,37.66
6,2025-01-01 06:40:15,37.39
6,2025-01-01 06:40:20,36.25
6,2025-01-01 06:40:48,34.98
6,2025-01-01 06:41:07,34.35
6,2025-01-01 06:41:34,34.05
6,2025-01-01 06:41:47,34.64
6,2025-01-01 06:42:10,33.15
6,2025-01-01 06:42:23,33.4
6,2025-01-01 06:42:29,32.26
6,2025-01-01 06:42:38,31.9
6,2025-01-01 06:42:43,32.89
6,2025-01-01 06:42:51,34.3
6,2025-01-01 06:42:59,35.25
6,2025-01-01 06:43:22,35.06
6,2025-01-01 06:43:36,35.42
6,2025-01-01 06:43:49,34.59
6,2025-01-01 06:44:11,33.37
6,2025-01-01 06:44:37,32.32
6,2025-01-01 06:45:03,31.88
6,2025-01-01 06:45:14,31.08
6,2025-01-01 06:45:32,31.14
6,2025-01-01 06:46:02,32.13
6,2025-01-01 06:46:09,32.14
6,2025-01-01 06:46:37,31.46
6,2025-01-01 06:46:48,31.89
6,2025-01-01 06:47:02,31.55
6,2025-01-01 06:47:21,31.86
6,2025-01-01 06:47:27,30.39
6,2025-01-01 06:47:41,29.0
6,2025-01-01 06:47:56,30.0
6,2025-01-01 06:48:25,29.24
6,2025-01-01 06:48:48,29.56
6,2025-01-01 06:49:13,28.62
6,2025-01-01 06:49:34,29.72
6,2025-01-01 06:50:00,28.76
6,2025-01-01 06:50:17,29.91
6,2025-01-01 06:50:33,30.69
6,2025-01-01 06:50:40,29.23
6,2025-01-01 06:51:08,28.09
6,2025-01-01 06:51:37,26.97
6,2025-01-01 06:52:07,27.15
6,2025-01-01 06:52:35,26.09
6,2025-01-01 06:52:54,27.04
6,2025-01-01 06:52:59,27.25
6,2025-01-01 06:53:21,27.65
6,2025-01-01 06:53:48,27.65
6,2025-01-01 06:54:04,28.76
6,2025-01-01 06:54:24,29.12
6,2025-01-01 06:54:53,28.72
6,2025-01-01 06:55:06,27.84
6,2025-01-01 06:55:28,27.96
6,2025-01-01 06:55:33,26.68
6,2025-01-01 06:56:01,28.05
6,2025-01-01 06:56:15,29.14
6,2025-01-01 06:56:34,29.81
6,2025-01-01 06:56:58,30.16
6,2025-01-01 06:57:03,30.49
6,2025-01-01 06:57:27,29.07
6,2025-01-01 06:57:50,29.71
6,2025-01-01 06:58:16,28.4
6,2025-01-01 06:58:33,27.36
6,2025-01-01 06:58:59,27.79
6,2025-01-01 06:59:05,28.97
6,2025-01-01 06:59:28,29.97
6,2025-01-01 06:59:46,31.18
6,2025-01-01 07:00:11,31.05
6,2025-01-01 07:00:38,31.06
6,2025-01-01 07:00:56,29.64
6,2025-01-01 07:01:21,30.86
6,2025-01-01 07:01:35,29.6
6,2025-01-01 07:01:48,30.79
6,2025-01-01 07:02:17,29.52
6,2025-01-01 07:02:34,29.34
6,2025-01-01 07:02:57,30.68
6,2025-01-01 07:03:19,30.5
6,2025-01-01 07:03:30,31.49
6,2025-01-01 07:03:37,30.91
6,2025-01-01 07:04:04,30.5
6,2025-01-01 07:04:24,30.54
6,2025-01-01 07:04:43,30.01
6,2025-01-01 07:05:12,30.44
6,2025-01-01 07:05:30,31.67
6,2025-01-01 07:05:37,31.18
6,2025-01-01 07:06:02,31.14
6,2025-01-01 07:06:26,31.11
6,2025-01-01 07:06:48,30.63
6,2025-01-01 07:07:15,31.18
6,2025-01-01 07:07:42,30.62
6,2025-01-01 07:07:57,30.76
6,2025-01-01 07:08:22,31.41
6,2025-01-01 07:08:49,32.7
6,2025-01-01 07:09:00,32.83
6,2025-01-01 07:09:15,33.14
6,2025-01-01 07:09:37,33.54
6,2025-01-01 07:09:55,32.18
6,2025-01-01 07:10:00,31.98
6,2025-01-01 07:10:19,30.84
6,2025-01-01 07:10:38,29.72
6,2025-01-01 07:10:55,29.86
6,2025-01-01 07:11:21,30.56
6,2025-01-01 07:11:37,30.64
6,2025-01-01 07:11:50,30.45
6,2025-01-01 07:11:56,30.03
6,2025-01-01 07:12:25,31.39
6,2025-01-01 07:12:45,32.28
6,2025-01-01 07:12:56,31.18
6,2025-01-01 07:13:08,31.5
6,2025-01-01 07:13:20,30.17
6,2025-01-01 07:13:27,30.93
6,2025-01-01 07:13:56,31.16
6,2025-01-01 07:14:14,31.64
6,2025-01-01 07:14:29,31.92
6,2025-01-01 07:14:56,31.93
6,2025-01-01 07:15:09,33.02
6,2025-01-01 07:15:16,33.55
6,2025-01-01 07:15:32,35.0
6,2025-01-01 07:15:39,34.13
6,2025-01-01 07:15:57,35.34
6,2025-01-01 07:16:03,34.13
6,2025-01-01 07:16:10,35.59
6,2025-01-01 07:16:28,36.12
6,2025-01-01 07:16:49,34.62
6,2025-01-01 07:16:54,33.15
6,2025-01-01 07:17:22,31.74
6,2025-01-01 07:17:34,31.62
6,2025-01-01 07:17:45,31.42
6,2025-01-01 07:18:04,32.87
6,2025-01-01 07:18:32,33.16
6,2025-01-01 07:18:41,33.57
6,2025-01-01 07:18:46,32.25
6,2025-01-01 07:19:11,31.69
6,2025-01-01 07:19:41,30.27
6,2025-01-01 07:19:58,31.23
6,2025-01-01 07:20:18,32.3
6,2025-01-01 07:20:38,31.52
6,2025-01-01 07:20:44,32.57
6,2025-01-01 07:21:13,31.64
6,2025-01-01 07:21:25,32.37
6,2025-01-01 07:21:34,31.84
6,2025-01-01 07:21:58,31.68
6,2025-01-01 07:22:10,32.91
6,2025-01-01 07:22:34,31.83
6,2025-01-01 07:22:39,31.72
6,2025-01-01 07:23:04,31.74
6,2025-01-01 07:23:34,31.02
6,2025-01-01 07:23:57,31.1
6,2025-01-01 07:24:05,30.44
6,2025-01-01 07:24:17,30.42
6,2025-01-01 07:24:24,29.72
6,2025-01-01 07:24:54,28.45
6,2025-01-01 07:25:23,27.89
6,2025-01-01 07:25:35,27.62
6,2025-01-01 07:25:46,28.83
6,2025-01-01 07:25:52,29.43
6,2025-01-01 07:26:22,29.33
6,2025-01-01 07:26:43,30.6
6,2025-01-01 07:27:04,31.66
6,2025-01-01 07:27:16,32.93
6,2025-01-01 07:27:29,32.34
6,2025-01-01 07:27:46,33.53
6,2025-01-01 07:28:06,32.75
6,2025-01-01 07:28:20,31.59
6,2025-01-01 07:28:48,30.86
6,2025-01-01 07:29:01,30.57
6,2025-01-01 07:29:06,29.86
6,2025-01-01 07:29:28,29.96
6,2025-01-01 07:29:35,31.22
6,2025-01-01 07:29:40,30.69
6,2025-01-01 07:30:00,30.34
6,2025-01-01 07:30:10,30.32
6,2025-01-01 07:30:22,29.8
6,2025-01-01 07:30:46,28.53
6,2025-01-01 07:30:53,28.67
6,2025-01-01 07:31:13,30.09
6,2025-01-01 07:31:29,29.68
6,2025-01-01 07:31:40,28.53
6,2025-01-01 07:32:02,28.46
6,2025-01-01 07:32:11,26.97
6,2025-01-01 07:32:32,28.26
6,2025-01-01 07:32:54,28.31
6,2025-01-01 07:33:23,27.36
6,2025-01-01 07:33:29,27.48
6,2025-01-01 07:33:47,27.36
6,2025-01-01 07:34:16,27.44
6,2025-01-01 07:34:45,26.13
6,2025-01-01 07:35:02,26.21
6,2025-01-01 07:35:20,26.38
6,2025-01-01 07:35:47,27.7
6,2025-01-01 07:36:14,28.61
6,2025-01-01 07:36:20,27.75
6,2025-01-01 07:36:40,28.23
6,2025-01-01 07:36:54,29.56
6,2025-01-01 07:37:20,29.61
6,2025-01-01 07:37:34,28.41
6,2025-01-01 07:37:43,28.52
6,2025-01-01 07:38:04,28.68
6,2025-01-01 07:38:22,27.42
6,2025-01-01 07:38:40,27.22
6,2025-01-01 07:38:56,26.98
6,2025-01-01 07:39:06,26.5
6,2025-01-01 07:39:12,25.21
6,2025-01-01 07:39:24,25.86
6,2025-01-01 07:39:42,24.88
6,2025-01-01 07:40:02,24.03
6,2025-01-01 07:40:29,23.87
6,2025-01-01 07:40:35,24.81
6,2025-01-01 07:40:48,25.54
6,2025-01-01 07:41:10,26.95
6,2025-01-01 07:41:15,25.67
6,2025-01-01 07:41:35,26.09
6,2025-01-01 07:41:48,27.0
6,2025-01-01 07:42:09,26.1
6,2025-01-01 07:42:19,27.11
6,2025-01-01 07:42:38,28.35
6,2025-01-01 07:42:46,27.14
6,2025-01-01 07:43:02,26.45
6,2025-01-01 07:43:09,26.59
6,2025-01-01 07:43:14,28.01
6,2025-01-01 07:43:44,28.77
6,2025-01-01 07:44:01,30.12
6,2025-01-01 07:44:21,28.83
6,2025-01-01 07:44:45,27.67
6,2025-01-01 07:44:51,26.3
6,2025-01-01 07:45:01,26.0
6,2025-01-01 07:45:25,25.89
6,2025-01-01 07:45:40,25.1
6,2025-01-01 07:45:59,24.21
6,2025-01-01 07:46:13,25.12
6,2025-01-01 07:46:31,23.67
6,2025-01-01 07:46:54,24.74
6,2025-01-01 07:47:23,25.05
6,2025-01-01 07:47:39,25.9
6,2025-01-01 07:47:58,25.06
6,2025-01-01 07:48:19,25.79
6,2025-01-01 07:48:28,25.81
6,2025-01-01 07:48:46,25.19
6,2025-01-01 07:48:56,26.16
6,2025-01-01 07:49:04,27.5
6,2025-01-01 07:49:27,29.0
6,2025-01-01 07:49:32,28.73
6,2025-01-01 07:49:47,27.53
6,2025-01-01 07:50:07,26.47
6,2025-01-01 07:50:20,25.07
6,2025-01-01 07:50:50,25.53
6,2025-01-01 07:51:01,26.88
6,2025-01-01 07:51:11,25.61
6,2025-01-01 07:51:21,26.03
6,2025-01-01 07:51:49,26.49
6,2025-01-01 07:52:17,27.5
6,2025-01-01 07:52:32,27.96
6,2025-01-01 07:53:02,27.48
6,2025-01-01 07:53:13,26.05
6,2025-01-01 07:53:35,27.02
6,2025-01-01 07:53:52,27.05
6,2025-01-01 07:54:22,27.9
6,2025-01-01 07:54:27,26.93
6,2025-01-01 07:54:42,27.24
6,2025-01-01 07:55:00,27.62
6,2025-01-01 07:55:22,27.42
6,2025-01-01 07:55:30,28.8
6,2025-01-01 07:55:39,28.88
6,2025-01-01 07:55:56,30.05
6,2025-01-01 07:56:14,31.03
6,2025-01-01 07:56:35,31.2
6,2025-01-01 07:56:47,31.83
6,2025-01-01 07:56:52,32.38
6,2025-01-01 07:57:18,32.58
6,2025-01-01 07:57:39,33.11
6,2025-01-01 07:57:45,34.09
6,2025-01-01 07:58:06,35.08
6,2025-01-01 07:58:32,35.69
6,2025-01-01 07:58:41,37.08
6,2025-01-01 07:58:50,37.8
6,2025-01-01 07:59:05,37.03
6,2025-01-01 07:59:16,37.98
6,2025-01-01 07:59:36,37.16
6,2025-01-01 07:59:57,37.88
6,2025-01-01 08:00:13,38.13
6,2025-01-01 08:00:30,38.8
6,2025-01-01 08:00:44,38.83
6,2025-01-01 08:00:54,40.1
6,2025-01-01 08:01:17,40.17
6,2025-01-01 08:01:26,39.82
6,2025-01-01 08:01:46,40.3
6,2025-01-01 08:02:10,40.9
6,2025-01-01 08:02:25,40.93
6,2025-01-01 08:02:55,40.44
6,2025-01-01 08:03:17,41.61
6,2025-01-01 08:03:37,42.84
6,2025-01-01 08:03:46,42.34
6,2025-01-01 08:03:59,41.41
6,2025-01-01 08:04:26,42.82
6,2025-01-01 08:04:51,44.07
6,2025-01-01 08:05:16,43.15
6,2025-01-01 08:05:31,43.17
6,2025-01-01 08:05:49,44.21
6,2025-01-01 08:06:02,43.89
6,2025-01-01 08:06:09,44.37
6,2025-01-01 08:06:35,43.92
6,2025-01-01 08:06:41,44.7
6,2025-01-01 08:07:06,43.75
6,2025-01-01 08:07:25,43.29
6,2025-01-01 08:07:50,44.3
6,2025-01-01 08:08:12,44.04
6,2025-01-01 08:08:27,45.31
6,2025-01-01 08:08:45,46.43
6,2025-01-01 08:09:14,46.6
6,2025-01-01 08:09:41,45.41
6,2025-01-01 08:09:56,46.5
6,2025-01-01 08:10:19,47.69
6,2025-01-01 08:10:48,48.76
6,2025-01-01 08:11:05,49.62
6,2025-01-01 08:11:22,50.56
6,2025-01-01 08:11:46,51.25
6,2025-01-01 08:11:56,50.65
6,2025-01-01 08:12:22,49.22
6,2025-01-01 08:12:44,49.16
6,2025-01-01 08:13:13,49.1
6,2025-01-01 08:13:39,48.68
6,2025-01-01 08:13:48,48.0
6,2025-01-01 08:14:17,48.47
6,2025-01-01 08:14:24,49.67
6,2025-01-01 08:14:44,51.07
6,2025-01-01 08:14:53,50.42
6,2025-01-01 08:15:09,50.4
6,2025-01-01 08:15:38,50.85
6,2025-01-01 08:15:48,50.62
6,2025-01-01 08:16:00,51.76
6,2025-01-01 08:16:16,52.42
6,2025-01-01 08:16:24,53.02
6,2025-01-01 08:16:47,53.3
6,2025-01-01 08:17:08,52.37
6,2025-01-01 08:17:20,52.27
6,2025-01-01 08:17:50,51.31
6,2025-01-01 08:18:13,50.92
6,2025-01-01 08:18:32,51.75
6,2025-01-01 08:18:42,51.46
6,2025-01-01 08:18:59,52.51
6,2025-01-01 08:19:04,53.9
6,2025-01-01 08:19:24,54.24
6,2025-01-01 08:19:34,55.21
6,2025-01-01 08:19:40,55.6
6,2025-01-01 08:19:58,56.4
6,2025-01-01 08:20:17,54.98
6,2025-01-01 08:20:23,55.84
6,2025-01-01 08:20:31,55.54
6,2025-01-01 08:20:39,56.67
6,2025-01-01 08:20:48,55.37
6,2025-01-01 08:21:08,55.75
6,2025-01-01 08:21:30,54.93
6,2025-01-01 08:22:00,54.26
6,2025-01-01 08:22:10,52.82
6,2025-01-01 08:22:22,53.97
6,2025-01-01 08:22:44,55.08
6,2025-01-01 08:22:54,56.57
6,2025-01-01 08:23:20,57.24
6,2025-01-01 08:23:48,56.14
6,2025-01-01 08:23:55,56.99
6,2025-01-01 08:24:18,56.63
6,2025-01-01 08:24:29,56.63
6,2025-01-01 08:24:46,56.74
6,2025-01-01 08:24:54,56.16
6,2025-01-01 08:25:15,55.48
6,2025-01-01 08:25:44,56.12
6,2025-01-01 08:26:11,57.02
6,2025-01-01 08:26:17,56.78
6,2025-01-01 08:26:42,56.2
6,2025-01-01 08:27:04,55.15
6,2025-01-01 08:27:26,55.64
6,2025-01-01 08:27:40,56.41
6,2025-01-01 08:28:10,56.01
6,2025-01-01 08:28:30,56.59
6,2025-01-01 08:28:54,56.71
6,2025-01-01 08:29:23,55.44
6,2025-01-01 08:29:33,55.93
6,2025-01-01 08:29:40,54.47
6,2025-01-01 08:29:48,54.15
6,2025-01-01 08:30:01,54.99
6,2025-01-01 08:30:26,55.59
6,2025-01-01 08:30:31,56.8
6,2025-01-01 08:30:37,57.17
6,2025-01-01 08:30:51,57.84
6,2025-01-01 08:31:16,59.28
6,2025-01-01 08:31:39,59.33
6,2025-01-01 08:31:51,59.99
6,2025-01-01 08:31:57,59.33
6,2025-01-01 08:32:05,59.33
6,2025-01-01 08:32:28,59.15
6,2025-01-01 08:32:33,60.57
6,2025-01-01 08:32:55,60.57
6,2025-01-01 08:33:15,59.39
6,2025-01-01 08:33:29,59.77
6,2025-01-01 08:33:42,60.76
6,2025-01-01 08:33:50,60.9
6,2025-01-01 08:34:10,60.95
6,2025-01-01 08:34:37,61.2
6,2025-01-01 08:34:44,61.72
6,2025-01-01 08:35:07,60.85
6,2025-01-01 08:35:17,59.44
6,2025-01-01 08:35:28,59.97
6,2025-01-01 08:35:40,58.79
6,2025-01-01 08:35:51,59.75
6,2025-01-01 08:36:19,60.53
6,2025-01-01 08:36:42,60.98
6,2025-01-01 08:37:07,62.17
6,2025-01-01 08:37:23,61.14
6,2025-01-01 08:37:33,62.4
6,2025-01-01 08:37:46,63.9
6,2025-01-01 08:38:12,63.64
6,2025-01-01 08:38:37,63.03
6,2025-01-01 08:38:48,62.96
6,2025-01-01 08:39:12,62.04
6,2025-01-01 08:39:22,61.08
6,2025-01-01 08:39:35,60.85
6,2025-01-01 08:40:00,60.76
6,2025-01-01 08:40:16,60.07
6,2025-01-01 08:40:22,60.02
6,2025-01-01 08:40:45,61.23
6,2025-01-01 08:40:58,62.49
6,2025-01-01 08:41:22,61.7
6,2025-01-01 08:41:42,60.5
6,2025-01-01 08:42:10,60.88
6,2025-01-01 08:42:21,60.14
6,2025-01-01 08:42:47,61.26
6,2025-01-01 08:42:56,60.66
6,2025-01-01 08:43:10,60.87
6,2025-01-01 08:43:32,60.02
6,2025-01-01 08:43:39,59.42
6,2025-01-01 08:44:05,59.28
6,2025-01-01 08:44:24,58.95
6,2025-01-01 08:44:32,57.64
6,2025-01-01 08:44:50,58.93
6,2025-01-01 08:45:20,58.87
6,2025-01-01 08:45:50,57.42
6,2025-01-01 08:45:55,57.24
6,2025-01-01 08:46:11,56.93
6,2025-01-01 08:46:30,58.03
6,2025-01-01 08:46:47,57.72
6,2025-01-01 08:46:56,57.21
6,2025-01-01 08:47:17,56.64
6,2025-01-01 08:47:42,55.92
6,2025-01-01 08:48:04,56.2
6,2025-01-01 08:48:21,55.51
6,2025-01-01 08:48:51,56.47
6,2025-01-01 08:49:15,56.94
6,2025-01-01 08:49:24,57.34
6,2025-01-01 08:49:39,57.71
6,2025-01-01 08:49:46,58.57
6,2025-01-01 08:50:03,59.51
6,2025-01-01 08:50:20,58.93
6,2025-01-01 08:50:42,58.33
6,2025-01-01 08:51:04,57.72
6,2025-01-01 08:51:34,59.13
6,2025-01-01 08:51:49,59.36
6,2025-01-01 08:52:14,59.3
6,2025-01-01 08:52:20,60.71
6,2025-01-01 08:52:37,62.0
6,2025-01-01 08:52:47,62.05
6,2025-01-01 08:53:00,61.71
6,2025-01-01 08:53:12,61.44
6,2025-01-01 08:53:18,61.38
6,2025-01-01 08:53:46,61.78
6,2025-01-01 08:54:06,60.52
6,2025-01-01 08:54:28,60.42
6,2025-01-01 08:54:35,60.72
6,2025-01-01 08:54:59,61.61
6,2025-01-01 08:55:07,60.71
6,2025-01-01 08:55:17,61.9
6,2025-01-01 08:55:40,62.52
6,2025-01-01 08:55:46,61.7
6,2025-01-01 08:55:53,62.05
6,2025-01-01 08:56:15,62.94
6,2025-01-01 08:56:33,64.33
6,2025-01-01 08:56:57,65.55
6,2025-01-01 08:57:13,64.46
6,2025-01-01 08:57:32,64.11
6,2025-01-01 08:57:48,64.34
6,2025-01-01 08:58:09,65.83
6,2025-01-01 08:58:20,64.82
6,2025-01-01 08:58:50,64.75
6,2025-01-01 08:59:05,65.81
6,2025-01-01 08:59:32,66.56
6,2025-01-01 08:59:40,66.0
6,2025-01-01 08:59:58,66.8
6,2025-01-01 09:00:25,66.24
6,2025-01-01 09:00:46,67.18
6,2025-01-01 09:01:03,65.81
6,2025-01-01 09:01:13,66.34
6,2025-01-01 09:01:28,65.01
6,2025-01-01 09:01:48,64.36
6,2025-01-01 09:02:05,64.72
6,2025-01-01 09:02:27,65.71
6,2025-01-01 09:02:46,64.3
6,2025-01-01 09:02:53,64.05
6,2025-01-01 09:03:21,63.25
6,2025-01-01 09:03:43,62.63
6,2025-01-01 09:03:51,62.76
6,2025-01-01 09:04:07,62.77
6,2025-01-01 09:04:28,63.66
6,2025-01-01 09:04:36,62.24
6,2025-01-01 09:04:50,61.9
6,2025-01-01 09:04:58,62.22
6,2025-01-01 09:05:27,62.11
6,2025-01-01 09:05:57,62.06
6,2025-01-01 09:06:08,61.75
6,2025-01-01 09:06:36,62.33
6,2025-01-01 09:06:53,62.69
6,2025-01-01 09:06:59,63.26
6,2025-01-01 09:07:07,63.13
6,2025-01-01 09:07:18,63.66
6,2025-01-01 09:07:35,62.89
6,2025-01-01 09:07:40,61.88
6,2025-01-01 09:08:04,62.06
6,2025-01-01 09:08:26,62.3
6,2025-01-01 09:08:43,63.64
6,2025-01-01 09:09:08,63.31
6,2025-01-01 09:09:26,62.9
6,2025-01-01 09:09:48,62.67
6,2025-01-01 09:10:15,62.05
6,2025-01-01 09:10:22,62.17
6,2025-01-01 09:10:46,61.18
6,2025-01-01 09:10:54,60.06
6,2025-01-01 09:11:00,58.97
6,2025-01-01 09:11:09,58.87
6,2025-01-01 09:11:32,58.4
6,2025-01-01 09:11:49,59.27
6,2025-01-01 09:12:19,58.95
6,2025-01-01 09:12:34,58.96
6,2025-01-01 09:13:02,58.16
6,2025-01-01 09:13:23,58.87
6,2025-01-01 09:13:38,57.78
6,2025-01-01 09:14:04,56.53
6,2025-01-01 09:14:29,55.77
6,2025-01-01 09:14:40,55.02
6,2025-01-01 09:14:54,54.08
6,2025-01-01 09:15:18,53.67
6,2025-01-01 09:15:27,54.27
6,2025-01-01 09:15:40,54.4
6,2025-01-01 09:15:47,55.84
6,2025-01-01 09:15:55,56.78
6,2025-01-01 09:16:14,58.26
6,2025-01-01 09:16:29,58.76
6,2025-01-01 09:16:49,58.07
6,2025-01-01 09:16:58,56.73
6,2025-01-01 09:17:23,55.73
6,2025-01-01 09:17:46,56.64
6,2025-01-01 09:18:11,55.66
6,2025-01-01 09:18:17,55.44
6,2025-01-01 09:18:38,55.7
6,2025-01-01 09:18:45,54.63
6,2025-01-01 09:19:12,55.4
6,2025-01-01 09:19:32,56.39
6,2025-01-01 09:19:45,56.84
6,2025-01-01 09:20:02,56.47
6,2025-01-01 09:20:29,55.28
6,2025-01-01 09:20:47,54.61
6,2025-01-01 09:21:14,53.46
6,2025-01-01 09:21:20,53.79
6,2025-01-01 09:21:50,55.01
6,2025-01-01 09:22:14,55.73
6,2025-01-01 09:22:40,54.46
6,2025-01-01 09:23:05,53.79
6,2025-01-01 09:23:18,54.7
6,2025-01-01 09:23:39,54.93
6,2025-01-01 09:23:50,54.64
6,2025-01-01 09:24:15,54.44
6,2025-01-01 09:24:39,54.29
6,2025-01-01 09:24:51,54.27
6,2025-01-01 09:25:02,53.7
6,2025-01-01 09:25:22,55.04
6,2025-01-01 09:25:35,54.89
6,2025-01-01 09:26:00,54.51
6,2025-01-01 09:26:10,53.53
6,2025-01-01 09:26:19,53.29
6,2025-01-01 09:26:39,53.74
6,2025-01-01 09:27:02,54.1
6,2025-01-01 09:27:32,54.83
6,2025-01-01 09:27:58,55.94
6,2025-01-01 09:28:08,54.81
6,2025-01-01 09:28:13,56.21
6,2025-01-01 09:28:39,57.04
6,2025-01-01 09:28:45,57.96
6,2025-01-01 09:28:57,58.25
6,2025-01-01 09:29:12,59.59
6,2025-01-01 09:29:27,60.49
6,2025-01-01 09:29:50,61.91
6,2025-01-01 09:29:59,61.73
6,2025-01-01 09:30:20,60.84
6,2025-01-01 09:30:45,60.09
6,2025-01-01 09:31:02,59.02
6,2025-01-01 09:31:25,59.39
6,2025-01-01 09:31:45,58.81
6,2025-01-01 09:31:56,58.2
6,2025-01-01 09:32:26,58.08
6,2025-01-01 09:32:43,57.86
6,2025-01-01 09:32:55,59.06
6,2025-01-01 09:33:21,59.58
6,2025-01-01 09:33:38,60.63
6,2025-01-01 09:34:04,60.75
6,2025-01-01 09:34:34,60.62
6,2025-01-01 09:34:57,60.57
6,2025-01-01 09:35:04,59.95
6,2025-01-01 09:35:16,58.58
6,2025-01-01 09:35:46,59.49
6,2025-01-01 09:36:12,59.47
6,2025-01-01 09:36:29,57.98
6,2025-01-01 09:36:42,59.09
6,2025-01-01 09:37:04,59.42
6,2025-01-01 09:37:09,58.25
6,2025-01-01 09:37:38,56.87
6,2025-01-01 09:37:47,56.05
6,2025-01-01 09:37:58,55.32
6,2025-01-01 09:38:28,56.18
6,2025-01-01 09:38:37,57.46
6,2025-01-01 09:38:54,56.27
6,2025-01-01 09:39:09,56.0
6,2025-01-01 09:39:23,54.51
6,2025-01-01 09:39:34,55.44
6,2025-01-01 09:39:58,54.81
6,2025-01-01 09:40:23,55.97
6,2025-01-01 09:40:29,57.34
6,2025-01-01 09:40:52,57.21
6,2025-01-01 09:40:59,58.33
6,2025-01-01 09:41:07,59.01
6,2025-01-01 09:41:33,58.59
6,2025-01-01 09:41:58,57.56
6,2025-01-01 09:42:23,57.36
6,2025-01-01 09:42:32,58.18
6,2025-01-01 09:42:42,57.2
6,2025-01-01 09:43:10,55.94
6,2025-01-01 09:43:32,54.79
6,2025-01-01 09:43:52,54.18
6,2025-01-01 09:43:57,54.72
6,2025-01-01 09:44:03,53.39
6,2025-01-01 09:44:19,54.52
6,2025-01-01 09:44:32,53.32
6,2025-01-01 09:44:50,52.24
6,2025-01-01 09:45:17,52.18
6,2025-01-01 09:45:41,51.85
6,2025-01-01 09:46:04,51.3
6,2025-01-01 09:46:14,51.21
6,2025-01-01 09:46:19,50.7
6,2025-01-01 09:46:31,50.15
6,2025-01-01 09:46:40,49.08
6,2025-01-01 09:47:01,48.31
6,2025-01-01 09:47:21,49.2
6,2025-01-01 09:47:40,48.07
6,2025-01-01 09:48:02,46.7
6,2025-01-01 09:48:12,46.07
6,2025-01-01 09:48:20,45.42
6,2025-01-01 09:48:42,44.05
6,2025-01-01 09:48:58,43.71
6,2025-01-01 09:49:08,43.93
6,2025-01-01 09:49:19,45.26
6,2025-01-01 09:49:28,44.71
6,2025-01-01 09:49:41,44.3
6,2025-01-01 09:50:04,45.46
6,2025-01-01 09:50:13,46.18
6,2025-01-01 09:50:37,46.56
6,2025-01-01 09:51:07,47.56
6,2025-01-01 09:51:17,46.41
6,2025-01-01 09:51:38,45.24
6,2025-01-01 09:51:54,45.34
6,2025-01-01 09:52:21,44.76
6,2025-01-01 09:52:32,43.36
6,2025-01-01 09:52:48,44.58
6,2025-01-01 09:53:12,43.98
6,2025-01-01 09:53:19,43.77
6,2025-01-01 09:53:49,43.84
6,2025-01-01 09:54:04,44.61
6,2025-01-01 09:54:24,44.62
6,2025-01-01 09:54:44,43.29
6,2025-01-01 09:54:52,43.82
6,2025-01-01 09:55:15,44.36
6,2025-01-01 09:55:41,43.09
6,2025-01-01 09:56:07,43.65
6,2025-01-01 09:56:23,44.27
6,2025-01-01 09:56:32,45.37
6,2025-01-01 09:56:50,45.37
6,2025-01-01 09:56:59,46.71
6,2025-01-01 09:57:26,46.79
6,2025-01-01 09:57:32,45.52
6,2025-01-01 09:58:01,44.54
6,2025-01-01 09:58:31,45.25
6,2025-01-01 09:58:42,43.98
6,2025-01-01 09:58:54,44.26
6,2025-01-01 09:59:01,44.19
6,2025-01-01 09:59:24,45.54
6,2025-01-01 09:59:46,44.46
6,2025-01-01 09:59:59,44.84
6,2025-01-01 10:00:11,44.3
6,2025-01-01 10:00:40,44.94
6,2025-01-01 10:00:50,46.03
6,2025-01-01 10:01:13,45.56
6,2025-01-01 10:01:37,44.55
6,2025-01-01 10:01:51,44.44
6,2025-01-01 10:02:11,45.82
6,2025-01-01 10:02:19,45.03
6,2025-01-01 10:02:30,43.75
6,2025-01-01 10:02:49,42.35
6,2025-01-01 10:03:01,43.73
6,2025-01-01 10:03:13,42.71
6,2025-01-01 10:03:43,43.79
6,2025-01-01 10:03:48,42.87
6,2025-01-01 10:04:00,42.99
6,2025-01-01 10:04:18,44.44
6,2025-01-01 10:04:31,43.74
6,2025-01-01 10:04:37,42.29
6,2025-01-01 10:04:50,41.92
6,2025-01-01 10:04:55,42.99
6,2025-01-01 10:05:24,42.83
6,2025-01-01 10:05:51,42.31
6,2025-01-01 10:06:04,41.99
6,2025-01-01 10:06:17,42.91
6,2025-01-01 10:06:45,42.42
6,2025-01-01 10:07:05,41.94
6,2025-01-01 10:07:13,41.04
6,2025-01-01 10:07:36,42.52
6,2025-01-01 10:08:00,42.45
6,2025-01-01 10:08:24,41.02
6,2025-01-01 10:08:36,41.76
6,2025-01-01 10:08:59,42.79
6,2025-01-01 10:09:14,42.2
6,2025-01-01 10:09:31,41.32
6,2025-01-01 10:10:01,40.99
6,2025-01-01 10:10:12,41.57
6,2025-01-01 10:10:26,40.81
6,2025-01-01 10:10:47,41.61
6,2025-01-01 10:11:02,41.27
6,2025-01-01 10:11:26,40.79
6,2025-01-01 10:11:38,40.86
6,2025-01-01 10:11:56,41.4
6,2025-01-01 10:12:19,41.22
6,2025-01-01 10:12:45,40.65
6,2025-01-01 10:13:09,39.99
6,2025-01-01 10:13:24,40.38
6,2025-01-01 10:13:51,41.47
6,2025-01-01 10:14:05,41.35
6,2025-01-01 10:14:14,41.29
6,2025-01-01 10:14:41,42.36
6,2025-01-01 10:14:48,42.18
6,2025-01-01 10:15:09,41.47
6,2025-01-01 10:15:29,40.19
6,2025-01-01 10:15:38,40.65
6,2025-01-01 10:15:57,40.54
6,2025-01-01 10:16:16,39.86
6,2025-01-01 10:16:29,41.24
6,2025-01-01 10:16:40,42.4
6,2025-01-01 10:16:54,43.02
6,2025-01-01 10:17:05,43.38
6,2025-01-01 10:17:20,43.1
6,2025-01-01 10:17:42,44.45
6,2025-01-01 10:17:50,44.84
6,2025-01-01 10:18:09,43.9
6,2025-01-01 10:18:28,44.72
6,2025-01-01 10:18:57,43.38
6,2025-01-01 10:19:23,42.32
6,2025-01-01 10:19:46,42.64
6,2025-01-01 10:20:02,41.54
6,2025-01-01 10:20:32,41.38
6,2025-01-01 10:20:44,40.09
6,2025-01-01 10:21:02,38.64
6,2025-01-01 10:21:32,39.17
6,2025-01-01 10:21:50,38.3
6,2025-01-01 10:22:08,36.91
6,2025-01-01 10:22:13,37.32
6,2025-01-01 10:22:23,36.73
6,2025-01-01 10:22:53,35.4
6,2025-01-01 10:23:15,35.45
6,2025-01-01 10:23:21,35.29
6,2025-01-01 10:23:37,36.09
6,2025-01-01 10:23:45,34.63
6,2025-01-01 10:24:10,34.13
6,2025-01-01 10:24:20,34.76
6,2025-01-01 10:24:47,34.52
6,2025-01-01 10:25:06,33.7
6,2025-01-01 10:25:14,32.98
6,2025-01-01 10:25:28,31.95
6,2025-01-01 10:25:56,30.88
6,2025-01-01 10:26:02,32.25
6,2025-01-01 10:26:30,30.86
6,2025-01-01 10:26:41,31.06
6,2025-01-01 10:26:58,30.66
6,2025-01-01 10:27:10,31.92
6,2025-01-01 10:27:37,31.51
6,2025-01-01 10:27:47,31.38
6,2025-01-01 10:28:13,30.11
6,2025-01-01 10:28:20,29.37
6,2025-01-01 10:28:49,28.64
6,2025-01-01 10:28:59,28.05
6,2025-01-01 10:29:15,26.59
6,2025-01-01 10:29:27,26.59
6,2025-01-01 10:29:53,27.34
6,2025-01-01 10:30:12,27.97
6,2025-01-01 10:30:40,26.78
6,2025-01-01 10:30:58,26.48
6,2025-01-01 10:31:22,26.37
6,2025-01-01 10:31:37,27.44
6,2025-01-01 10:31:49,27.84
6,2025-01-01 10:32:10,28.44
6,2025-01-01 10:32:36,29.05
6,2025-01-01 10:33:04,29.7
6,2025-01-01 10:33:33,28.76
6,2025-01-01 10:33:52,28.81
6,2025-01-01 10:34:06,29.24
6,2025-01-01 10:34:16,29.85
6,2025-01-01 10:34:35,28.81
6,2025-01-01 10:34:49,29.54
6,2025-01-01 10:35:10,30.21
6,2025-01-01 10:35:25,28.99
6,2025-01-01 10:35:51,28.87
6,2025-01-01 10:36:07,29.29
6,2025-01-01 10:36:14,27.91
6,2025-01-01 10:36:35,29.32
6,2025-01-01 10:36:40,29.91
6,2025-01-01 10:36:47,31.34
6,2025-01-01 10:36:57,29.91
6,2025-01-01 10:37:03,31.19
6,2025-01-01 10:37:26,32.6
6,2025-01-01 10:37:50,31.37
6,2025-01-01 10:38:16,30.26
6,2025-01-01 10:38:36,30.86
6,2025-01-01 10:38:56,32.3
6,2025-01-01 10:39:02,32.56
6,2025-01-01 10:39:25,31.22
6,2025-01-01 10:39:55,29.91
6,2025-01-01 10:40:15,29.22
6,2025-01-01 10:40:28,27.74
6,2025-01-01 10:40:53,28.06
6,2025-01-01 10:41:12,28.97
6,2025-01-01 10:41:31,27.57
6,2025-01-01 10:41:37,28.16
6,2025-01-01 10:41:58,28.31
6,2025-01-01 10:42:20,29.24
6,2025-01-01 10:42:46,28.23
6,2025-01-01 10:42:58,27.87
6,2025-01-01 10:43:26,26.6
6,2025-01-01 10:43:51,26.8
6,2025-01-01 10:43:59,26.88
6,2025-01-01 10:44:26,25.39
6,2025-01-01 10:44:54,25.44
6,2025-01-01 10:44:59,24.5
6,2025-01-01 10:45:17,24.97
6,2025-01-01 10:45:35,24.42
6,2025-01-01 10:45:53,23.97
6,2025-01-01 10:46:12,24.83
6,2025-01-01 10:46:21,24.97
6,2025-01-01 10:46:33,24.24
6,2025-01-01 10:46:49,24.35
6,2025-01-01 10:47:18,24.62
6,2025-01-01 10:47:48,24.44
6,2025-01-01 10:48:03,24.42
6,2025-01-01 10:48:24,24.36
6,2025-01-01 10:48:47,22.9
6,2025-01-01 10:48:58,22.18
6,2025-01-01 10:49:18,23.05
6,2025-01-01 10:49:44,22.12
6,2025-01-01 10:50:03,21.21
6,2025-01-01 10:50:18,20.46
6,2025-01-01 10:50:30,21.34
6,2025-01-01 10:50:35,20.21
6,2025-01-01 10:50:55,19.4
6,2025-01-01 10:51:06,19.8
6,2025-01-01 10:51:28,19.18
6,2025-01-01 10:51:58,20.15
6,2025-01-01 10:52:26,19.7
6,2025-01-01 10:52:38,18.57
6,2025-01-01 10:52:52,19.49
6,2025-01-01 10:53:08,18.45
6,2025-01-01 10:53:38,19.61
6,2025-01-01 10:53:54,20.42
6,2025-01-01 10:54:13,19.91
6,2025-01-01 10:54:23,19.63
6,2025-01-01 10:54:51,20.14
6,2025-01-01 10:55:20,18.83
6,2025-01-01 10:55:40,17.55
6,2025-01-01 10:56:06,17.55
6,2025-01-01 10:56:18,17.65
6,2025-01-01 10:56:42,18.35
6,2025-01-01 10:56:58,18.55
6,2025-01-01 10:57:15,19.04
6,2025-01-01 10:57:26,19.17
6,2025-01-01 10:57:38,18.81
6,2025-01-01 10:57:56,19.72
6,2025-01-01 10:58:09,19.48
6,2025-01-01 10:58:20,20.59
6,2025-01-01 10:58:31,20.61
6,2025-01-01 10:58:43,21.32
6,2025-01-01 10:59:08,22.43
6,2025-01-01 10:59:14,22.5
6,2025-01-01 10:59:28,23.76
6,2025-01-01 10:59:53,23.5
6,2025-01-01 11:00:01,24.49
6,2025-01-01 11:00:29,25.3
6,2025-01-01 11:00:50,25.89
6,2025-01-01 11:01:18,26.87
6,2025-01-01 11:01:31,25.91
6,2025-01-01 11:02:00,26.31
6,2025-01-01 11:02:10,26.44
6,2025-01-01 11:02:18,27.71
6,2025-01-01 11:02:29,27.2
6,2025-01-01 11:02:44,26.27
6,2025-01-01 11:03:09,26.52
6,2025-01-01 11:03:36,27.22
6,2025-01-01 11:03:49,27.74
6,2025-01-01 11:04:12,27.29
6,2025-01-01 11:04:26,26.95
6,2025-01-01 11:04:50,25.79
6,2025-01-01 11:05:12,27.21
6,2025-01-01 11:05:33,26.48
6,2025-01-01 11:05:48,26.29
6,2025-01-01 11:06:13,26.56
6,2025-01-01 11:06:21,25.99
6,2025-01-01 11:06:32,26.29
6,2025-01-01 11:07:02,26.03
6,2025-01-01 11:07:24,24.81
6,2025-01-01 11:07:37,23.45
6,2025-01-01 11:08:00,24.03
6,2025-01-01 11:08:27,24.63
6,2025-01-01 11:08:38,25.23
6,2025-01-01 11:08:58,24.55
6,2025-01-01 11:09:08,24.53
6,2025-01-01 11:09:26,23.52
6,2025-01-01 11:09:43,24.7
6,2025-01-01 11:10:01,25.93
6,2025-01-01 11:10:28,26.57
6,2025-01-01 11:10:37,27.55
6,2025-01-01 11:10:57,26.53
6,2025-01-01 11:11:03,27.43
6,2025-01-01 11:11:30,26.86
6,2025-01-01 11:11:45,27.69
6,2025-01-01 11:11:58,27.43
6,2025-01-01 11:12:18,28.44
6,2025-01-01 11:12:33,28.98
6,2025-01-01 11:12:46,29.85
6,2025-01-01 11:12:52,28.48
6,2025-01-01 11:13:11,29.71
6,2025-01-01 11:13:40,30.34
6,2025-01-01 11:13:57,29.91
6,2025-01-01 11:14:07,30.56
6,2025-01-01 11:14:17,30.33
6,2025-01-01 11:14:28,30.96
6,2025-01-01 11:14:46,29.65
6,2025-01-01 11:15:13,28.67
6,2025-01-01 11:15:31,29.53
6,2025-01-01 11:15:43,30.04
6,2025-01-01 11:16:02,29.49
6,2025-01-01 11:16:28,29.66
6,2025-01-01 11:16:54,29.95
6,2025-01-01 11:17:02,30.48
6,2025-01-01 11:17:32,31.32
6,2025-01-01 11:17:56,30.01
6,2025-01-01 11:18:24,31.48
6,2025-01-01 11:18:50,30.04
6,2025-01-01 11:19:17,28.99
6,2025-01-01 11:19:45,28.54
6,2025-01-01 11:20:12,28.9
6,2025-01-01 11:20:22,28.69
6,2025-01-01 11:20:30,28.58
6,2025-01-01 11:20:52,27.52
6,2025-01-01 11:21:07,28.61
6,2025-01-01 11:21:13,28.19
6,2025-01-01 11:21:19,27.77
6,2025-01-01 11:21:37,28.13
6,2025-01-01 11:22:03,27.23
6,2025-01-01 11:22:14,27.46
6,2025-01-01 11:22:42,26.09
6,2025-01-01 11:22:53,27.5
6,2025-01-01 11:23:02,26.99
6,2025-01-01 11:23:08,26.04
6,2025-01-01 11:23:28,24.64
6,2025-01-01 11:23:34,25.64
6,2025-01-01 11:24:02,25.52
6,2025-01-01 11:24:31,25.11
6,2025-01-01 11:24:53,25.75
6,2025-01-01 11:25:07,26.8
6,2025-01-01 11:25:15,25.51
6,2025-01-01 11:25:23,25.06
6,2025-01-01 11:25:28,25.57
6,2025-01-01 11:25:47,25.1
6,2025-01-01 11:25:59,24.55
6,2025-01-01 11:26:21,23.85
6,2025-01-01 11:26:32,24.86
6,2025-01-01 11:26:52,25.78
6,2025-01-01 11:27:16,26.89
6,2025-01-01 11:27:46,27.63
6,2025-01-01 11:28:01,28.86
6,2025-01-01 11:28:19,28.38
6,2025-01-01 11:28:35,27.4
6,2025-01-01 11:28:55,28.86
6,2025-01-01 11:29:09,30.26
6,2025-01-01 11:29:37,30.14
6,2025-01-01 11:29:45,31.21
6,2025-01-01 11:30:01,29.77
6,2025-01-01 11:30:19,29.87
6,2025-01-01 11:30:45,30.75
6,2025-01-01 11:30:53,31.63
6,2025-01-01 11:31:02,32.47
6,2025-01-01 11:31:09,32.18
6,2025-01-01 11:31:32,30.72
6,2025-01-01 11:31:53,30.91
6,2025-01-01 11:32:02,30.55
6,2025-01-01 11:32:13,30.14
6,2025-01-01 11:32:18,30.94
6,2025-01-01 11:32:28,29.92
6,2025-01-01 11:32:44,28.62
6,2025-01-01 11:32:57,28.85
6,2025-01-01 11:33:11,28.72
6,2025-01-01 11:33:32,28.59
6,2025-01-01 11:33:55,28.09
6,2025-01-01 11:34:18,29.5
6,2025-01-01 11:34:25,28.76
6,2025-01-01 11:34:51,28.28
6,2025-01-01 11:35:07,27.05
6,2025-01-01 11:35:12,26.07
6,2025-01-01 11:35:17,27.44
6,2025-01-01 11:35:34,28.71
6,2025-01-01 11:35:52,27.49
6,2025-01-01 11:36:14,28.7
6,2025-01-01 11:36:22,28.53
6,2025-01-01 11:36:36,27.23
6,2025-01-01 11:37:01,26.3
6,2025-01-01 11:37:12,26.02
6,2025-01-01 11:37:28,25.51
6,2025-01-01 11:37:54,26.05
6,2025-01-01 11:38:01,24.6
6,2025-01-01 11:38:18,23.94
6,2025-01-01 11:38:23,23.22
6,2025-01-01 11:38:49,22.76
6,2025-01-01 11:39:02,23.35
6,2025-01-01 11:39:17,23.97
6,2025-01-01 11:39:23,24.46
6,2025-01-01 11:39:34,24.7
6,2025-01-01 11:40:04,24.51
6,2025-01-01 11:40:11,25.06
6,2025-01-01 11:40:28,26.02
6,2025-01-01 11:40:37,24.58
6,2025-01-01 11:40:55,25.55
6,2025-01-01 11:41:09,26.78
6,2025-01-01 11:41:26,27.11
6,2025-01-01 11:41:49,27.56
6,2025-01-01 11:42:18,26.17
6,2025-01-01 11:42:39,26.0
6,2025-01-01 11:42:49,27.19
6,2025-01-01 11:43:12,27.99
6,2025-01-01 11:43:23,29.03
6,2025-01-01 11:43:30,28.58
6,2025-01-01 11:43:47,28.71
6,2025-01-01 11:44:17,29.3
6,2025-01-01 11:44:30,28.03
6,2025-01-01 11:44:51,27.74
6,2025-01-01 11:45:03,26.84
6,2025-01-01 11:45:22,27.41
6,2025-01-01 11:45:27,26.87
6,2025-01-01 11:45:40,27.29
6,2025-01-01 11:46:02,25.92
6,2025-01-01 11:46:16,26.58
6,2025-01-01 11:46:38,25.09
6,2025-01-01 11:46:53,23.86
6,2025-01-01 11:47:18,23.87
6,2025-01-01 11:47:46,23.49
6,2025-01-01 11:48:01,24.27
6,2025-01-01 11:48:20,24.74
6,2025-01-01 11:48:30,25.78
6,2025-01-01 11:48:52,27.09
6,2025-01-01 11:49:21,28.48
6,2025-01-01 11:49:49,29.85
6,2025-01-01 11:49:59,30.72
6,2025-01-01 11:50:21,31.08
6,2025-01-01 11:50:41,29.8
6,2025-01-01 11:51:01,30.17
6,2025-01-01 11:51:16,31.3
6,2025-01-01 11:51:46,31.27
6,2025-01-01 11:52:11,30.64
6,2025-01-01 11:52:29,30.71
6,2025-01-01 11:52:52,31.88
6,2025-01-01 11:53:06,32.51
6,2025-01-01 11:53:13,32.83
6,2025-01-01 11:53:23,32.34
6,2025-01-01 11:53:47,33.84
6,2025-01-01 11:54:11,32.68
6,2025-01-01 11:54:34,32.36
6,2025-01-01 11:54:54,31.56
6,2025-01-01 11:55:23,32.79
6,2025-01-01 11:55:41,32.03
6,2025-01-01 11:56:10,32.33
6,2025-01-01 11:56:20,33.48
6,2025-01-01 11:56:37,32.49
6,2025-01-01 11:56:57,32.86
6,2025-01-01 11:57:12,33.6
6,2025-01-01 11:57:35,35.02
6,2025-01-01 11:57:53,35.08
6,2025-01-01 11:58:02,35.22
6,2025-01-01 11:58:16,35.73
6,2025-01-01 11:58:22,37.04
6,2025-01-01 11:58:34,36.46
6,2025-01-01 11:58:43,35.69
6,2025-01-01 11:59:03,35.03
6,2025-01-01 11:59:09,35.81
6,2025-01-01 11:59:30,36.68
6,2025-01-01 11:59:58,36.74
6,2025-01-01 12:00:10,38.03
6,2025-01-01 12:00:28,37.32
6,2025-01-01 12:00:35,38.21
6,2025-01-01 12:01:01,39.62
6,2025-01-01 12:01:08,41.03
6,2025-01-01 12:01:24,39.77
6,2025-01-01 12:01:52,40.19
6,2025-01-01 12:02:05,41.1
6,2025-01-01 12:02:32,40.83
6,2025-01-01 12:02:54,41.14
6,2025-01-01 12:03:16,42.15
6,2025-01-01 12:03:45,41.22
6,2025-01-01 12:04:00,40.07
6,2025-01-01 12:04:18,39.48
6,2025-01-01 12:04:48,39.86
6,2025-01-01 12:05:14,40.99
6,2025-01-01 12:05:31,41.7
6,2025-01-01 12:05:47,42.51
6,2025-01-01 12:06:17,42.42
6,2025-01-01 12:06:40,43.44
6,2025-01-01 12:06:58,42.28
6,2025-01-01 12:07:12,43.34
6,2025-01-01 12:07:18,44.14
6,2025-01-01 12:07:23,45.58
6,2025-01-01 12:07:44,44.15
6,2025-01-01 12:08:07,43.75
6,2025-01-01 12:08:23,44.5
6,2025-01-01 12:08:32,45.52
6,2025-01-01 12:08:44,44.05
6,2025-01-01 12:08:58,42.8
6,2025-01-01 12:09:10,42.06
6,2025-01-01 12:09:33,41.23
6,2025-01-01 12:09:44,41.52
6,2025-01-01 12:09:56,40.02
6,2025-01-01 12:10:20,40.06
6,2025-01-01 12:10:35,39.6
6,2025-01-01 12:10:41,40.27
6,2025-01-01 12:10:57,41.63
6,2025-01-01 12:11:08,41.34
6,2025-01-01 12:11:17,40.42
6,2025-01-01 12:11:36,39.87
6,2025-01-01 12:11:49,39.67
6,2025-01-01 12:12:18,38.28
6,2025-01-01 12:12:40,37.43
6,2025-01-01 12:13:09,38.49
6,2025-01-01 12:13:37,39.72
6,2025-01-01 12:13:44,40.16
6,2025-01-01 12:14:06,40.19
6,2025-01-01 12:14:21,40.35
6,2025-01-01 12:14:38,41.59
6,2025-01-01 12:14:57,40.86
6,2025-01-01 12:15:06,41.78
6,2025-01-01 12:15:27,41.61
6,2025-01-01 12:15:39,40.3
6,2025-01-01 12:15:52,41.16
6,2025-01-01 12:16:15,40.93
6,2025-01-01 12:16:22,39.65
6,2025-01-01 12:16:41,38.15
6,2025-01-01 12:16:55,37.64
6,2025-01-01 12:17:02,38.84
6,2025-01-01 12:17:10,39.95
6,2025-01-01 12:17:20,39.36
6,2025-01-01 12:17:36,38.6
6,2025-01-01 12:18:04,39.7
6,2025-01-01 12:18:24,40.63
6,2025-01-01 12:18:49,41.14
6,2025-01-01 12:18:55,41.78
6,2025-01-01 12:19:14,42.73
6,2025-01-01 12:19:32,44.17
6,2025-01-01 12:19:42,43.23
6,2025-01-01 12:20:09,42.61
6,2025-01-01 12:20:23,43.95
6,2025-01-01 12:20:28,43.64
6,2025-01-01 12:20:37,44.15
6,2025-01-01 12:21:07,43.84
6,2025-01-01 12:21:30,43.87
6,2025-01-01 12:21:53,42.96
6,2025-01-01 12:22:04,42.97
6,2025-01-01 12:22:27,43.2
6,2025-01-01 12:22:57,44.0
6,2025-01-01 12:23:07,44.26
6,2025-01-01 12:23:31,44.35
6,2025-01-01 12:23:55,45.24
6,2025-01-01 12:24:25,44.27
6,2025-01-01 12:24:52,45.49
6,2025-01-01 12:25:09,44.75
6,2025-01-01 12:25:35,45.38
6,2025-01-01 12:26:03,43.95
6,2025-01-01 12:26:14,43.38
6,2025-01-01 12:26:33,42.52
6,2025-01-01 12:26:38,43.02
6,2025-01-01 12:26:55,43.53
6,2025-01-01 12:27:06,42.47
6,2025-01-01 12:27:20,42.0
6,2025-01-01 12:27:34,41.75
6,2025-01-01 12:27:41,41.79
6,2025-01-01 12:28:08,41.52
6,2025-01-01 12:28:15,40.45
6,2025-01-01 12:28:30,40.74
6,2025-01-01 12:28:38,41.34
6,2025-01-01 12:29:00,40.61
6,2025-01-01 12:29:27,40.69
6,2025-01-01 12:29:34,42.18
6,2025-01-01 12:29:41,41.92
6,2025-01-01 12:29:55,42.98
6,2025-01-01 12:30:04,43.29
6,2025-01-01 12:30:21,42.74
6,2025-01-01 12:30:48,42.61
6,2025-01-01 12:31:18,41.83
6,2025-01-01 12:31:40,40.85
6,2025-01-01 12:31:51,40.94
6,2025-01-01 12:32:11,40.13
6,2025-01-01 12:32:38,39.89
6,2025-01-01 12:32:53,38.86
6,2025-01-01 12:33:01,38.49
6,2025-01-01 12:33:15,37.36
6,2025-01-01 12:33:39,36.37
6,2025-01-01 12:33:52,35.52
6,2025-01-01 12:34:04,36.0
6,2025-01-01 12:34:12,37.03
6,2025-01-01 12:34:25,38.12
6,2025-01-01 12:34:36,39.3
6,2025-01-01 12:34:58,38.58
6,2025-01-01 12:35:13,39.6
6,2025-01-01 12:35:21,40.39
6,2025-01-01 12:35:43,40.26
6,2025-01-01 12:35:50,40.86
6,2025-01-01 12:35:58,39.43
6,2025-01-01 12:36:03,39.61
6,2025-01-01 12:36:25,40.62
6,2025-01-01 12:36:51,40.83
6,2025-01-01 12:37:09,39.42
6,2025-01-01 12:37:28,39.49
6,2025-01-01 12:37:33,40.48
6,2025-01-01 12:37:54,39.07
6,2025-01-01 12:38:22,37.84
6,2025-01-01 12:38:51,37.22
6,2025-01-01 12:38:56,36.34
6,2025-01-01 12:39:12,36.84
6,2025-01-01 12:39:32,35.61
6,2025-01-01 12:39:56,34.91
6,2025-01-01 12:40:10,35.67
6,2025-01-01 12:40:35,34.77
6,2025-01-01 12:40:51,34.02
6,2025-01-01 12:41:10,32.7
6,2025-01-01 12:41:36,33.33
6,2025-01-01 12:41:46,33.26
6,2025-01-01 12:42:04,32.9
6,2025-01-01 12:42:10,32.22
6,2025-01-01 12:42:26,31.46
6,2025-01-01 12:42:51,32.54
6,2025-01-01 12:43:07,33.92
6,2025-01-01 12:43:13,34.56
6,2025-01-01 12:43:40,33.49
6,2025-01-01 12:44:04,33.99
6,2025-01-01 12:44:12,34.76
6,2025-01-01 12:44:30,33.6
6,2025-01-01 12:44:43,34.73
6,2025-01-01 12:45:00,33.92
6,2025-01-01 12:45:20,35.34
6,2025-01-01 12:45:45,34.71
6,2025-01-01 12:46:15,33.84
6,2025-01-01 12:46:25,32.85
6,2025-01-01 12:46:48,32.58
6,2025-01-01 12:47:06,31.28
6,2025-01-01 12:47:27,30.13
6,2025-01-01 12:47:39,28.73
6,2025-01-01 12:47:51,28.01
6,2025-01-01 12:47:56,28.61
6,2025-01-01 12:48:21,29.36
6,2025-01-01 12:48:38,29.77
6,2025-01-01 12:48:46,29.28
6,2025-01-01 12:48:53,29.63
6,2025-01-01 12:49:03,30.14
6,2025-01-01 12:49:28,28.83
6,2025-01-01 12:49:47,28.15
6,2025-01-01 12:50:00,28.65
6,2025-01-01 12:50:19,28.95
6,2025-01-01 12:50:30,28.99
6,2025-01-01 12:50:45,28.08
6,2025-01-01 12:51:02,27.37
6,2025-01-01 12:51:23,27.14
6,2025-01-01 12:51:44,27.26
6,2025-01-01 12:52:01,28.51
6,2025-01-01 12:52:10,27.2
6,2025-01-01 12:52:38,28.67
6,2025-01-01 12:52:47,28.95
6,2025-01-01 12:53:03,29.26
6,2025-01-01 12:53:15,30.51
6,2025-01-01 12:53:43,31.69
6,2025-01-01 12:54:00,32.06
6,2025-01-01 12:54:18,31.14
6,2025-01-01 12:54:35,30.03
6,2025-01-01 12:54:57,29.54
6,2025-01-01 12:55:24,28.46
6,2025-01-01 12:55:43,28.92
6,2025-01-01 12:55:54,27.95
6,2025-01-01 12:56:23,29.24
6,2025-01-01 12:56:45,29.61
6,2025-01-01 12:57:14,28.43
6,2025-01-01 12:57:39,29.91
6,2025-01-01 12:57:55,29.52
6,2025-01-01 12:58:13,29.66
6,2025-01-01 12:58:32,30.29
6,2025-01-01 12:58:41,31.32
6,2025-01-01 12:58:52,31.3
6,2025-01-01 12:59:11,30.54
6,2025-01-01 12:59:25,31.58
6,2025-01-01 12:59:38,33.05
6,2025-01-01 12:59:52,33.28
6,2025-01-01 13:00:03,34.05
6,2025-01-01 13:00:30,34.26
6,2025-01-01 13:00:59,34.15
6,2025-01-01 13:01:17,35.16
6,2025-01-01 13:01:32,34.54
6,2025-01-01 13:01:59,33.1
6,2025-01-01 13:02:25,33.31
6,2025-01-01 13:02:40,32.72
6,2025-01-01 13:03:09,33.17
6,2025-01-01 13:03:17,34.18
6,2025-01-01 13:03:29,32.81
6,2025-01-01 13:03:50,31.64
6,2025-01-01 13:04:00,31.75
6,2025-01-01 13:04:27,32.17
6,2025-01-01 13:04:53,33.64
6,2025-01-01 13:05:11,32.43
6,2025-01-01 13:05:32,31.64
6,2025-01-01 13:06:00,30.59
6,2025-01-01 13:06:30,31.3
6,2025-01-01 13:06:41,30.48
6,2025-01-01 13:06:58,30.35
6,2025-01-01 13:07:07,29.98
6,2025-01-01 13:07:17,30.3
6,2025-01-01 13:07:27,29.34
6,2025-01-01 13:07:35,29.03
6,2025-01-01 13:07:48,28.1
6,2025-01-01 13:08:08,29.3
6,2025-01-01 13:08:34,30.0
6,2025-01-01 13:08:44,31.18
6,2025-01-01 13:09:14,31.36
6,2025-01-01 13:09:37,31.2
6,2025-01-01 13:09:55,31.02
6,2025-01-01 13:10:11,29.97
6,2025-01-01 13:10:41,30.1
6,2025-01-01 13:11:05,31.21
6,2025-01-01 13:11:30,30.64
6,2025-01-01 13:11:50,30.74
6,2025-01-01 13:12:15,30.55
6,2025-01-01 13:12:33,30.24
6,2025-01-01 13:12:47,29.98
6,2025-01-01 13:12:59,31.11
6,2025-01-01 13:13:19,32.54
6,2025-01-01 13:13:41,33.61
6,2025-01-01 13:13:47,34.15
6,2025-01-01 13:13:52,35.02
6,2025-01-01 13:14:10,35.64
6,2025-01-01 13:14:31,36.81
6,2025-01-01 13:14:38,37.12
6,2025-01-01 13:14:50,38.1
6,2025-01-01 13:14:57,39.53
6,2025-01-01 13:15:03,39.25
6,2025-01-01 13:15:28,38.94
6,2025-01-01 13:15:49,37.98
6,2025-01-01 13:15:57,38.1
6,2025-01-01 13:16:12,39.09
6,2025-01-01 13:16:20,40.4
6,2025-01-01 13:16:40,39.93
6,2025-01-01 13:16:51,40.57
6,2025-01-01 13:17:21,42.05
6,2025-01-01 13:17:49,43.09
6,2025-01-01 13:18:01,43.89
6,2025-01-01 13:18:12,44.47
6,2025-01-01 13:18:26,45.15
6,2025-01-01 13:18:40,44.91
6,2025-01-01 13:19:09,44.42
6,2025-01-01 13:19:25,44.7
6,2025-01-01 13:19:51,44.5
6,2025-01-01 13:20:12,44.04
6,2025-01-01 13:20:31,42.56
6,2025-01-01 13:20:40,41.35
6,2025-01-01 13:20:56,41.38
6,2025-01-01 13:21:09,40.37
6,2025-01-01 13:21:27,41.59
6,2025-01-01 13:21:53,40.21
6,2025-01-01 13:22:22,40.37
6,2025-01-01 13:22:44,39.13
6,2025-01-01 13:23:08,38.09
6,2025-01-01 13:23:21,39.29
6,2025-01-01 13:23:48,38.34
6,2025-01-01 13:23:59,37.39
6,2025-01-01 13:24:09,36.07
6,2025-01-01 13:24:38,34.9
6,2025-01-01 13:25:04,34.69
6,2025-01-01 13:25:30,35.76
6,2025-01-01 13:25:35,34.75
6,2025-01-01 13:25:44,35.28
6,2025-01-01 13:26:08,36.14
6,2025-01-01 13:26:31,36.92
6,2025-01-01 13:26:50,38.34
6,2025-01-01 13:27:14,38.38
6,2025-01-01 13:27:39,37.62
6,2025-01-01 13:27:55,39.05
6,2025-01-01 13:28:07,40.0
6,2025-01-01 13:28:25,39.23
6,2025-01-01 13:28:52,38.15
6,2025-01-01 13:29:10,37.1
6,2025-01-01 13:29:29,36.54
6,2025-01-01 13:29:49,36.88
6,2025-01-01 13:30:07,38.0
6,2025-01-01 13:30:14,37.41
6,2025-01-01 13:30:19,37.03
6,2025-01-01 13:30:48,37.23
6,2025-01-01 13:31:04,38.71
6,2025-01-01 13:31:29,40.2
6,2025-01-01 13:31:35,39.81
6,2025-01-01 13:31:51,40.28
6,2025-01-01 13:32:17,40.65
6,2025-01-01 13:32:30,40.48
6,2025-01-01 13:32:51,39.84
6,2025-01-01 13:33:11,40.05
6,2025-01-01 13:33:32,40.23
6,2025-01-01 13:33:58,41.37
6,2025-01-01 13:34:12,41.67
6,2025-01-01 13:34:41,41.57
6,2025-01-01 13:35:03,40.51
6,2025-01-01 13:35:29,39.24
6,2025-01-01 13:35:38,39.32
6,2025-01-01 13:35:52,40.2
6,2025-01-01 13:36:00,40.39
6,2025-01-01 13:36:30,41.19
6,2025-01-01 13:36:50,40.11
6,2025-01-01 13:37:10,40.73
6,2025-01-01 13:37:25,39.68
6,2025-01-01 13:37:54,38.35
6,2025-01-01 13:38:19,37.76
6,2025-01-01 13:38:33,36.81
6,2025-01-01 13:38:56,37.61
6,2025-01-01 13:39:08,38.91
6,2025-01-01 13:39:23,38.0
6,2025-01-01 13:39:31,38.73
6,2025-01-01 13:39:50,37.47
6,2025-01-01 13:39:55,36.53
6,2025-01-01 13:40:20,36.07
6,2025-01-01 13:40:50,35.1
6,2025-01-01 13:41:14,34.05
6,2025-01-01 13:41:21,34.98
6,2025-01-01 13:41:33,34.99
6,2025-01-01 13:41:49,34.15
6,2025-01-01 13:42:17,35.53
6,2025-01-01 13:42:22,34.72
6,2025-01-01 13:42:36,35.45
6,2025-01-01 13:42:57,36.1
6,2025-01-01 13:43:18,35.81
6,2025-01-01 13:43:35,34.94
6,2025-01-01 13:43:41,35.53
6,2025-01-01 13:43:57,35.96
6,2025-01-01 13:44:16,34.62
6,2025-01-01 13:44:40,33.46
6,2025-01-01 13:45:00,32.12
6,2025-01-01 13:45:08,30.77
6,2025-01-01 13:45:31,32.12
6,2025-01-01 13:45:58,31.16
6,2025-01-01 13:46:06,32.39
6,2025-01-01 13:46:13,32.75
6,2025-01-01 13:46:34,31.26
6,2025-01-01 13:46:51,31.02
6,2025-01-01 13:47:15,31.21
6,2025-01-01 13:47:39,31.63
6,2025-01-01 13:48:05,32.11
6,2025-01-01 13:48:35,32.88
6,2025-01-01 13:48:43,33.38
6,2025-01-01 13:49:09,33.07
6,2025-01-01 13:49:14,33.35
6,2025-01-01 13:49:39,33.98
6,2025-01-01 13:49:44,32.62
6,2025-01-01 13:50:09,31.22
6,2025-01-01 13:50:26,32.11
6,2025-01-01 13:50:34,31.5
6,2025-01-01 13:51:00,30.01
6,2025-01-01 13:51:30,31.4
6,2025-01-01 13:51:57,31.43
6,2025-01-01 13:52:14,30.26
6,2025-01-01 13:52:30,31.71
6,2025-01-01 13:52:39,32.78
6,2025-01-01 13:53:06,34.27
6,2025-01-01 13:53:12,34.64
6,2025-01-01 13:53:24,33.89
6,2025-01-01 13:53:47,33.95
6,2025-01-01 13:54:02,34.24
6,2025-01-01 13:54:18,34.09
6,2025-01-01 13:54:27,34.47
6,2025-01-01 13:54:35,34.1
6,2025-01-01 13:54:51,33.95
6,2025-01-01 13:55:18,33.95
6,2025-01-01 13:55:33,33.75
6,2025-01-01 13:56:03,32.87
6,2025-01-01 13:56:13,31.73
6,2025-01-01 13:56:42,31.42
6,2025-01-01 13:56:50,31.34
6,2025-01-01 13:57:02,29.85
6,2025-01-01 13:57:17,30.02
6,2025-01-01 13:57:41,30.76
6,2025-01-01 13:58:11,31.73
6,2025-01-01 13:58:21,31.14
6,2025-01-01 13:58:29,31.2
6,2025-01-01 13:58:51,31.15
6,2025-01-01 13:58:57,32.29
6,2025-01-01 13:59:25,32.96
6,2025-01-01 13:59:45,32.03
6,2025-01-01 13:59:54,31.89
6,2025-01-01 13:59:59,30.98
6,2025-01-01 14:00:14,31.85
6,2025-01-01 14:00:35,31.64
6,2025-01-01 14:00:45,30.38
6,2025-01-01 14:00:58,31.82
6,2025-01-01 14:01:03,32.81
6,2025-01-01 14:01:18,31.34
6,2025-01-01 14:01:48,31.88
6,2025-01-01 14:02:00,32.69
6,2025-01-01 14:02:19,31.84
6,2025-01-01 14:02:43,31.14
6,2025-01-01 14:03:02,32.48
6,2025-01-01 14:03:28,33.75
6,2025-01-01 14:03:55,32.61
6,2025-01-01 14:04:06,32.1
6,2025-01-01 14:04:25,31.23
6,2025-01-01 14:04:50,32.27
6,2025-01-01 14:05:18,32.43
6,2025-01-01 14:05:29,31.12
6,2025-01-01 14:05:51,29.91
6,2025-01-01 14:06:03,29.02
6,2025-01-01 14:06:14,29.16
6,2025-01-01 14:06:43,28.52
6,2025-01-01 14:06:54,28.43
6,2025-01-01 14:07:13,29.89
6,2025-01-01 14:07:30,30.73
6,2025-01-01 14:07:40,32.19
6,2025-01-01 14:07:58,31.84
6,2025-01-01 14:08:15,32.13
6,2025-01-01 14:08:21,32.25
6,2025-01-01 14:08:36,33.52
6,2025-01-01 14:09:00,34.11
6,2025-01-01 14:09:30,33.04
6,2025-01-01 14:09:54,32.27
6,2025-01-01 14:10:18,31.49
6,2025-01-01 14:10:43,31.19
6,2025-01-01 14:10:49,31.32
6,2025-01-01 14:11:10,30.79
6,2025-01-01 14:11:19,31.96
6,2025-01-01 14:11:32,32.93
6,2025-01-01 14:11:55,31.98
6,2025-01-01 14:12:03,31.16
6,2025-01-01 14:12:20,30.33
6,2025-01-01 14:12:30,31.01
6,2025-01-01 14:12:58,31.17
6,2025-01-01 14:13:20,31.39
6,2025-01-01 14:13:48,31.52
6,2025-01-01 14:14:11,30.56
6,2025-01-01 14:14:27,30.26
6,2025-01-01 14:14:49,31.22
6,2025-01-01 14:15:07,30.49
6,2025-01-01 14:15:36,31.81
6,2025-01-01 14:15:50,31.56
6,2025-01-01 14:16:07,31.35
6,2025-01-01 14:16:20,32.49
6,2025-01-01 14:16:46,32.16
6,2025-01-01 14:16:58,31.36
6,2025-01-01 14:17:08,31.74
6,2025-01-01 14:17:14,33.01
6,2025-01-01 14:17:30,32.74
6,2025-01-01 14:17:43,33.69
6,2025-01-01 14:17:59,32.52
6,2025-01-01 14:18:25,31.83
6,2025-01-01 14:18:49,31.06
6,2025-01-01 14:19:12,30.96
6,2025-01-01 14:19:34,30.28
6,2025-01-01 14:19:57,29.34
6,2025-01-01 14:20:15,30.1
6,2025-01-01 14:20:31,29.42
6,2025-01-01 14:20:47,29.67
6,2025-01-01 14:21:15,30.71
6,2025-01-01 14:21:35,31.7
6,2025-01-01 14:21:43,33.03
6,2025-01-01 14:22:02,32.35
6,2025-01-01 14:22:19,33.64
6,2025-01-01 14:22:49,34.75
6,2025-01-01 14:23:09,34.77
6,2025-01-01 14:23:16,34.65
6,2025-01-01 14:23:22,33.87
6,2025-01-01 14:23:39,34.64
6,2025-01-01 14:24:01,35.55
6,2025-01-01 14:24:24,34.58
6,2025-01-01 14:24:52,35.56
6,2025-01-01 14:25:19,36.9
6,2025-01-01 14:25:40,36.88
6,2025-01-01 14:26:04,37.68
6,2025-01-01 14:26:14,36.35
6,2025-01-01 14:26:44,37.63
6,2025-01-01 14:27:12,38.63
6,2025-01-01 14:27:26,39.48
6,2025-01-01 14:27:34,38.59
6,2025-01-01 14:27:53,37.29
6,2025-01-01 14:28:07,38.08
6,2025-01-01 14:28:33,38.82
6,2025-01-01 14:28:55,39.53
6,2025-01-01 14:29:19,38.81
6,2025-01-01 14:29:45,37.59
6,2025-01-01 14:29:58,36.79
6,2025-01-01 14:30:22,37.61
6,2025-01-01 14:30:33,36.93
6,2025-01-01 14:30:49,36.94
6,2025-01-01 14:31:00,35.91
6,2025-01-01 14:31:06,36.72
6,2025-01-01 14:31:32,35.27
6,2025-01-01 14:31:50,33.89
6,2025-01-01 14:32:07,33.42
6,2025-01-01 14:32:32,33.95
6,2025-01-01 14:32:52,34.07
6,2025-01-01 14:33:07,34.74
6,2025-01-01 14:33:35,35.56
6,2025-01-01 14:33:50,34.49
6,2025-01-01 14:34:18,34.92
6,2025-01-01 14:34:40,35.28
6,2025-01-01 14:34:59,35.58
6,2025-01-01 14:35:25,36.12
6,2025-01-01 14:35:52,37.05
6,2025-01-01 14:36:20,36.19
6,2025-01-01 14:36:33,36.93
6,2025-01-01 14:36:44,36.55
6,2025-01-01 14:37:08,36.27
6,2025-01-01 14:37:34,37.41
6,2025-01-01 14:38:00,36.38
6,2025-01-01 14:38:29,35.21
6,2025-01-01 14:38:48,36.69
6,2025-01-01 14:38:56,35.97
6,2025-01-01 14:39:08,36.43
6,2025-01-01 14:39:19,35.95
6,2025-01-01 14:39:40,37.18
6,2025-01-01 14:40:08,38.47
6,2025-01-01 14:40:15,37.17
6,2025-01-01 14:40:30,36.05
6,2025-01-01 14:41:00,36.94
6,2025-01-01 14:41:07,37.59
6,2025-01-01 14:41:27,36.46
6,2025-01-01 14:41:45,36.25
6,2025-01-01 14:42:13,35.21
6,2025-01-01 14:42:41,36.61
6,2025-01-01 14:42:53,37.27
6,2025-01-01 14:43:14,37.5
6,2025-01-01 14:43:35,36.59
6,2025-01-01 14:43:45,35.93
6,2025-01-01 14:43:58,34.47
6,2025-01-01 14:44:17,35.53
6,2025-01-01 14:44:46,36.88
6,2025-01-01 14:44:52,35.89
6,2025-01-01 14:45:02,37.0
6,2025-01-01 14:45:08,35.77
6,2025-01-01 14:45:28,36.52
6,2025-01-01 14:45:34,35.09
6,2025-01-01 14:46:01,36.11
6,2025-01-01 14:46:13,36.57
6,2025-01-01 14:46:34,37.32
6,2025-01-01 14:47:04,37.43
6,2025-01-01 14:47:11,38.15
6,2025-01-01 14:47:18,38.09
6,2025-01-01 14:47:33,38.21
6,2025-01-01 14:47:49,37.21
6,2025-01-01 14:48:11,38.36
6,2025-01-01 14:48:37,37.62
6,2025-01-01 14:48:42,37.2
6,2025-01-01 14:49:11,38.05
6,2025-01-01 14:49:27,37.79
6,2025-01-01 14:49:46,38.13
6,2025-01-01 14:50:09,36.93
6,2025-01-01 14:50:15,36.09
6,2025-01-01 14:50:40,34.79
6,2025-01-01 14:51:02,35.15
6,2025-01-01 14:51:16,36.46
6,2025-01-01 14:51:29,36.61
6,2025-01-01 14:51:43,35.45
6,2025-01-01 14:51:52,34.02
6,2025-01-01 14:52:08,35.5
6,2025-01-01 14:52:19,35.14
6,2025-01-01 14:52:30,35.41
6,2025-01-01 14:52:48,34.84
6,2025-01-01 14:53:00,34.73
6,2025-01-01 14:53:23,34.33
6,2025-01-01 14:53:51,34.94
6,2025-01-01 14:54:20,36.34
6,2025-01-01 14:54:32,37.73
6,2025-01-01 14:54:45,36.92
6,2025-01-01 14:55:02,36.0
6,2025-01-01 14:55:09,37.25
6,2025-01-01 14:55:35,38.64
6,2025-01-01 14:55:41,38.76
6,2025-01-01 14:55:58,38.3
6,2025-01-01 14:56:23,38.86
6,2025-01-01 14:56:29,37.64
6,2025-01-01 14:56:48,37.81
6,2025-01-01 14:56:53,36.62
6,2025-01-01 14:57:23,37.08
6,2025-01-01 14:57:38,35.94
6,2025-01-01 14:57:47,35.48
6,2025-01-01 14:57:57,36.65
6,2025-01-01 14:58:03,37.63
6,2025-01-01 14:58:09,38.45
6,2025-01-01 14:58:34,38.7
6,2025-01-01 14:59:02,38.3
6,2025-01-01 14:59:29,39.26
6,2025-01-01 14:59:37,39.1
6,2025-01-01 14:59:59,38.42
6,2025-01-01 15:00:27,38.68
6,2025-01-01 15:00:43,38.82
6,2025-01-01 15:01:12,38.48
6,2025-01-01 15:01:41,37.21
6,2025-01-01 15:02:02,38.15
6,2025-01-01 15:02:21,39.17
6,2025-01-01 15:02:48,37.68
6,2025-01-01 15:03:15,38.87
6,2025-01-01 15:03:21,39.85
6,2025-01-01 15:03:40,39.42
6,2025-01-01 15:03:55,40.73
6,2025-01-01 15:04:22,41.77
6,2025-01-01 15:04:38,43.08
6,2025-01-01 15:05:03,43.25
6,2025-01-01 15:05:11,42.35
6,2025-01-01 15:05:18,42.04
6,2025-01-01 15:05:32,42.37
6,2025-01-01 15:05:53,43.47
6,2025-01-01 15:06:19,43.58
6,2025-01-01 15:06:35,43.92
6,2025-01-01 15:06:53,45.12
6,2025-01-01 15:07:22,44.79
6,2025-01-01 15:07:41,44.7
6,2025-01-01 15:08:11,46.2
6,2025-01-01 15:08:32,44.85
6,2025-01-01 15:09:01,45.61
6,2025-01-01 15:09:29,46.56
6,2025-01-01 15:09:45,45.28
6,2025-01-01 15:10:09,44.73
6,2025-01-01 15:10:31,45.94
6,2025-01-01 15:10:52,47.39
6,2025-01-01 15:11:14,46.46
6,2025-01-01 15:11:20,45.19
6,2025-01-01 15:11:40,45.7
6,2025-01-01 15:11:56,44.94
6,2025-01-01 15:12:19,43.58
6,2025-01-01 15:12:46,43.41
6,2025-01-01 15:13:01,42.68
6,2025-01-01 15:13:15,44.08
6,2025-01-01 15:13:33,44.76
6,2025-01-01 15:13:46,45.82
6,2025-01-01 15:14:11,44.77
6,2025-01-01 15:14:41,43.86
6,2025-01-01 15:15:11,44.53
6,2025-01-01 15:15:34,44.57
6,2025-01-01 15:15:52,45.4
6,2025-01-01 15:16:19,44.9
6,2025-01-01 15:16:39,45.76
6,2025-01-01 15:16:45,44.67
6,2025-01-01 15:16:50,44.31
6,2025-01-01 15:17:06,43.73
6,2025-01-01 15:17:22,42.56
6,2025-01-01 15:17:52,41.17
6,2025-01-01 15:18:22,39.87
6,2025-01-01 15:18:49,41.13
6,2025-01-01 15:19:01,42.31
6,2025-01-01 15:19:11,41.3
6,2025-01-01 15:19:38,41.47
6,2025-01-01 15:20:08,42.91
6,2025-01-01 15:20:31,43.87
6,2025-01-01 15:20:41,45.12
6,2025-01-01 15:20:54,45.98
6,2025-01-01 15:21:17,44.67
6,2025-01-01 15:21:42,43.66
6,2025-01-01 15:22:01,43.92
6,2025-01-01 15:22:09,45.17
6,2025-01-01 15:22:30,44.63
6,2025-01-01 15:22:42,44.47
6,2025-01-01 15:22:50,44.93
6,2025-01-01 15:23:13,44.65
6,2025-01-01 15:23:32,44.04
6,2025-01-01 15:23:44,45.2
6,2025-01-01 15:23:56,44.75
6,2025-01-01 15:24:12,46.2
6,2025-01-01 15:24:40,46.78
6,2025-01-01 15:24:51,47.81
6,2025-01-01 15:24:56,47.55
6,2025-01-01 15:25:19,48.01
6,2025-01-01 15:25:33,47.73
6,2025-01-01 15:25:42,48.08
6,2025-01-01 15:26:07,47.6
6,2025-01-01 15:26:14,47.51
6,2025-01-01 15:26:28,47.0
6,2025-01-01 15:26:39,47.78
6,2025-01-01 15:26:58,48.64
6,2025-01-01 15:27:14,47.38
6,2025-01-01 15:27:37,46.99
6,2025-01-01 15:28:00,46.47
6,2025-01-01 15:28:09,47.08
6,2025-01-01 15:28:25,45.83
6,2025-01-01 15:28:30,45.13
6,2025-01-01 15:28:55,43.69
6,2025-01-01 15:29:15,43.39
6,2025-01-01 15:29:38,42.12
6,2025-01-01 15:29:51,41.17
6,2025-01-01 15:30:03,41.02
6,2025-01-01 15:30:26,41.65
6,2025-01-01 15:30:52,40.87
6,2025-01-01 15:31:22,41.41
6,2025-01-01 15:31:43,40.0
6,2025-01-01 15:32:01,39.52
6,2025-01-01 15:32:27,39.47
6,2025-01-01 15:32:57,37.98
6,2025-01-01 15:33:03,37.72
6,2025-01-01 15:33:17,37.82
6,2025-01-01 15:33:32,39.08
6,2025-01-01 15:33:51,40.55
6,2025-01-01 15:34:14,40.22
6,2025-01-01 15:34:22,39.88
6,2025-01-01 15:34:36,38.47
6,2025-01-01 15:34:55,39.81
6,2025-01-01 15:35:15,38.62
6,2025-01-01 15:35:44,39.88
6,2025-01-01 15:35:51,39.18
6,2025-01-01 15:36:19,40.01
6,2025-01-01 15:36:42,39.55
6,2025-01-01 15:36:48,40.35
6,2025-01-01 15:37:09,40.18
6,2025-01-01 15:37:38,40.48
6,2025-01-01 15:37:55,39.26
6,2025-01-01 15:38:05,39.88
6,2025-01-01 15:38:23,40.21
6,2025-01-01 15:38:44,39.49
6,2025-01-01 15:39:09,38.29
6,2025-01-01 15:39:19,39.07
6,2025-01-01 15:39:25,37.92
6,2025-01-01 15:39:47,39.18
6,2025-01-01 15:40:00,38.82
6,2025-01-01 15:40:26,39.58
6,2025-01-01 15:40:40,38.48
6,2025-01-01 15:40:49,37.78
6,2025-01-01 15:40:55,37.1
6,2025-01-01 15:41:24,35.65
6,2025-01-01 15:41:38,36.24
6,2025-01-01 15:41:57,37.58
6,2025-01-01 15:42:24,37.16
6,2025-01-01 15:42:47,36.22
6,2025-01-01 15:43:03,35.75
6,2025-01-01 15:43:21,35.44
6,2025-01-01 15:43:44,33.99
6,2025-01-01 15:44:12,35.12
6,2025-01-01 15:44:28,34.73
6,2025-01-01 15:44:57,33.73
6,2025-01-01 15:45:19,34.78
6,2025-01-01 15:45:29,34.29
6,2025-01-01 15:45:34,32.96
6,2025-01-01 15:45:39,33.78
6,2025-01-01 15:45:47,33.94
6,2025-01-01 15:45:54,32.64
6,2025-01-01 15:46:17,32.16
6,2025-01-01 15:46:39,33.22
6,2025-01-01 15:46:52,34.53
6,2025-01-01 15:47:17,33.81
6,2025-01-01 15:47:23,34.58
6,2025-01-01 15:47:29,33.9
6,2025-01-01 15:47:42,33.68
6,2025-01-01 15:47:50,33.1
6,2025-01-01 15:48:10,34.14
6,2025-01-01 15:48:20,35.64
6,2025-01-01 15:48:48,37.12
6,2025-01-01 15:49:03,37.93
6,2025-01-01 15:49:21,37.69
6,2025-01-01 15:49:34,38.86
6,2025-01-01 15:49:47,38.87
6,2025-01-01 15:49:59,38.7
6,2025-01-01 15:50:20,39.55
6,2025-01-01 15:50:47,39.64
6,2025-01-01 15:51:11,39.28
6,2025-01-01 15:51:29,40.12
6,2025-01-01 15:51:58,39.53
6,2025-01-01 15:52:05,38.64
6,2025-01-01 15:52:33,37.51
6,2025-01-01 15:52:42,38.12
6,2025-01-01 15:52:53,37.76
6,2025-01-01 15:53:06,37.22
6,2025-01-01 15:53:20,36.86
6,2025-01-01 15:53:34,38.34
6,2025-01-01 15:54:03,37.39
6,2025-01-01 15:54:27,38.49
6,2025-01-01 15:54:35,38.79
6,2025-01-01 15:54:54,38.83
6,2025-01-01 15:54:59,39.74
6,2025-01-01 15:55:21,39.38
6,2025-01-01 15:55:33,39.66
6,2025-01-01 15:55:50,38.8
6,2025-01-01 15:56:19,39.21
6,2025-01-01 15:56:46,38.26
6,2025-01-01 15:57:06,39.05
6,2025-01-01 15:57:35,37.83
6,2025-01-01 15:57:42,36.79
6,2025-01-01 15:57:47,36.25
6,2025-01-01 15:58:06,35.12
6,2025-01-01 15:58:22,35.02
6,2025-01-01 15:58:33,34.53
6,2025-01-01 15:58:54,33.83
6,2025-01-01 15:59:17,34.86
6,2025-01-01 15:59:44,33.42
6,2025-01-01 16:00:09,34.24
6,2025-01-01 16:00:14,35.25
6,2025-01-01 16:00:34,36.66
6,2025-01-01 16:00:59,35.72
6,2025-01-01 16:01:14,35.56
6,2025-01-01 16:01:39,35.84
6,2025-01-01 16:01:47,34.73
6,2025-01-01 16:01:55,33.94
6,2025-01-01 16:02:14,34.14
6,2025-01-01 16:02:30,34.57
6,2025-01-01 16:02:48,33.32
6,2025-01-01 16:02:55,34.72
6,2025-01-01 16:03:19,34.02
6,2025-01-01 16:03:39,33.9
6,2025-01-01 16:03:56,34.88
6,2025-01-01 16:04:10,36.21
6,2025-01-01 16:04:40,36.24
6,2025-01-01 16:05:03,37.62
6,2025-01-01 16:05:26,37.66
6,2025-01-01 16:05:31,36.62
6,2025-01-01 16:05:39,36.45
6,2025-01-01 16:06:06,37.64
6,2025-01-01 16:06:16,38.74
6,2025-01-01 16:06:22,39.61
6,2025-01-01 16:06:30,40.73
6,2025-01-01 16:06:46,39.92
6,2025-01-01 16:06:55,39.05
6,2025-01-01 16:07:22,37.78
6,2025-01-01 16:07:27,38.16
6,2025-01-01 16:07:54,38.94
6,2025-01-01 16:08:06,39.36
6,2025-01-01 16:08:21,38.37
6,2025-01-01 16:08:32,39.42
6,2025-01-01 16:08:57,40.77
6,2025-01-01 16:09:11,41.06
6,2025-01-01 16:09:17,40.47
6,2025-01-01 16:09:22,39.82
6,2025-01-01 16:09:46,39.51
6,2025-01-01 16:09:54,38.22
6,2025-01-01 16:10:06,38.13
6,2025-01-01 16:10:20,37.63
6,2025-01-01 16:10:38,37.49
6,2025-01-01 16:10:58,37.56
6,2025-01-01 16:11:04,36.92
6,2025-01-01 16:11:10,37.98
6,2025-01-01 16:11:23,38.47
6,2025-01-01 16:11:30,37.93
6,2025-01-01 16:11:56,39.24
6,2025-01-01 16:12:02,38.48
6,2025-01-01 16:12:11,39.76
6,2025-01-01 16:12:20,38.51
6,2025-01-01 16:12:37,39.28
6,2025-01-01 16:13:05,38.56
6,2025-01-01 16:13:31,37.48
6,2025-01-01 16:13:43,37.95
6,2025-01-01 16:14:13,37.88
6,2025-01-01 16:14:24,38.56
6,2025-01-01 16:14:30,38.82
6,2025-01-01 16:15:00,38.06
6,2025-01-01 16:15:16,37.83
6,2025-01-01 16:15:24,38.11
6,2025-01-01 16:15:35,39.29
6,2025-01-01 16:16:02,37.82
6,2025-01-01 16:16:28,37.64
6,2025-01-01 16:16:40,37.42
6,2025-01-01 16:17:10,37.41
6,2025-01-01 16:17:17,36.0
6,2025-01-01 16:17:38,35.49
6,2025-01-01 16:17:52,35.31
6,2025-01-01 16:18:22,36.57
6,2025-01-01 16:18:52,35.51
6,2025-01-01 16:19:11,35.1
6,2025-01-01 16:19:16,33.91
6,2025-01-01 16:19:34,32.57
6,2025-01-01 16:19:56,31.36
6,2025-01-01 16:20:01,30.07
6,2025-01-01 16:20:20,28.79
6,2025-01-01 16:20:30,27.61
6,2025-01-01 16:20:43,27.55
6,2025-01-01 16:20:50,26.88
6,2025-01-01 16:21:04,27.37
6,2025-01-01 16:21:26,27.62
6,2025-01-01 16:21:31,28.07
6,2025-01-01 16:21:48,28.3
6,2025-01-01 16:22:06,29.29
6,2025-01-01 16:22:31,29.59
6,2025-01-01 16:22:44,28.77
6,2025-01-01 16:23:07,27.66
6,2025-01-01 16:23:16,27.52
6,2025-01-01 16:23:36,26.89
6,2025-01-01 16:23:57,26.56
6,2025-01-01 16:24:15,25.43
6,2025-01-01 16:24:28,23.96
6,2025-01-01 16:24:36,23.99
6,2025-01-01 16:24:44,23.64
6,2025-01-01 16:25:07,25.12
6,2025-01-01 16:25:26,23.76
6,2025-01-01 16:25:44,24.83
6,2025-01-01 16:26:11,24.83
6,2025-01-01 16:26:27,23.78
6,2025-01-01 16:26:54,24.49
6,2025-01-01 16:27:10,25.02
6,2025-01-01 16:27:35,23.99
6,2025-01-01 16:27:51,24.47
6,2025-01-01 16:27:56,23.37
6,2025-01-01 16:28:06,23.72
6,2025-01-01 16:28:22,23.51
6,2025-01-01 16:28:30,22.5
6,2025-01-01 16:29:00,23.59
6,2025-01-01 16:29:18,24.99
6,2025-01-01 16:29:38,23.92
6,2025-01-01 16:30:01,23.97
6,2025-01-01 16:30:19,23.41
6,2025-01-01 16:30:45,22.42
6,2025-01-01 16:30:55,22.63
6,2025-01-01 16:31:04,23.46
6,2025-01-01 16:31:14,23.95
6,2025-01-01 16:31:34,22.88
6,2025-01-01 16:32:02,23.62
6,2025-01-01 16:32:26,22.71
6,2025-01-01 16:32:39,23.01
6,2025-01-01 16:33:02,22.73
6,2025-01-01 16:33:22,22.39
6,2025-01-01 16:33:28,21.99
6,2025-01-01 16:33:37,21.32
6,2025-01-01 16:33:52,21.76
6,2025-01-01 16:34:10,22.86
6,2025-01-01 16:34:22,23.74
6,2025-01-01 16:34:47,24.06
6,2025-01-01 16:35:14,23.06
6,2025-01-01 16:35:36,24.12
6,2025-01-01 16:36:04,23.3
6,2025-01-01 16:36:17,23.91
6,2025-01-01 16:36:41,24.36
6,2025-01-01 16:37:03,23.11
6,2025-01-01 16:37:19,23.83
6,2025-01-01 16:37:49,24.51
6,2025-01-01 16:38:12,25.66
6,2025-01-01 16:38:42,26.28
6,2025-01-01 16:39:08,27.34
6,2025-01-01 16:39:21,27.65
6,2025-01-01 16:39:39,28.71
6,2025-01-01 16:40:09,27.74
6,2025-01-01 16:40:26,27.95
6,2025-01-01 16:40:39,29.23
6,2025-01-01 16:40:51,28.05
6,2025-01-01 16:41:15,28.26
6,2025-01-01 16:41:44,27.24
6,2025-01-01 16:41:59,25.89
6,2025-01-01 16:42:23,24.91
6,2025-01-01 16:42:48,23.65
6,2025-01-01 16:42:55,24.76
6,2025-01-01 16:43:04,25.48
6,2025-01-01 16:43:33,26.49
6,2025-01-01 16:43:47,26.95
6,2025-01-01 16:44:12,26.22
6,2025-01-01 16:44:29,25.06
6,2025-01-01 16:44:44,24.0
6,2025-01-01 16:44:58,25.25
6,2025-01-01 16:45:11,25.17
6,2025-01-01 16:45:32,23.87
6,2025-01-01 16:45:53,24.54
6,2025-01-01 16:46:23,24.79
6,2025-01-01 16:46:53,25.07
6,2025-01-01 16:47:00,24.07
6,2025-01-01 16:47:16,24.01
6,2025-01-01 16:47:41,23.22
6,2025-01-01 16:47:56,24.47
6,2025-01-01 16:48:01,23.58
6,2025-01-01 16:48:14,22.43
6,2025-01-01 16:48:35,23.44
6,2025-01-01 16:49:02,22.37
6,2025-01-01 16:49:12,21.61
6,2025-01-01 16:49:25,21.31
6,2025-01-01 16:49:51,22.04
6,2025-01-01 16:50:16,22.21
6,2025-01-01 16:50:24,23.14
6,2025-01-01 16:50:46,23.21
6,2025-01-01 16:50:59,23.7
6,2025-01-01 16:51:16,23.22
6,2025-01-01 16:51:44,24.05
6,2025-01-01 16:52:11,24.99
6,2025-01-01 16:52:19,26.28
6,2025-01-01 16:52:25,26.64
6,2025-01-01 16:52:50,27.83
6,2025-01-01 16:53:14,27.26
6,2025-01-01 16:53:38,28.28
6,2025-01-01 16:53:59,27.84
6,2025-01-01 16:54:25,26.72
6,2025-01-01 16:54:31,27.53
6,2025-01-01 16:55:00,27.07
6,2025-01-01 16:55:29,26.57
6,2025-01-01 16:55:34,26.58
6,2025-01-01 16:55:57,27.85
6,2025-01-01 16:56:06,26.88
6,2025-01-01 16:56:28,27.53
6,2025-01-01 16:56:50,28.3
6,2025-01-01 16:57:18,29.19
6,2025-01-01 16:57:29,28.29
6,2025-01-01 16:57:59,27.73
6,2025-01-01 16:58:18,26.75
6,2025-01-01 16:58:39,27.92
6,2025-01-01 16:58:58,26.49
6,2025-01-01 16:59:21,25.96
6,2025-01-01 16:59:44,25.41
6,2025-01-01 16:59:49,25.68
6,2025-01-01 16:59:55,26.48
6,2025-01-01 17:00:04,26.45
6,2025-01-01 17:00:15,26.65
6,2025-01-01 17:00:39,27.25
6,2025-01-01 17:00:58,26.61
6,2025-01-01 17:01:04,25.99
6,2025-01-01 17:01:26,26.53
6,2025-01-01 17:01:44,26.02
6,2025-01-01 17:02:00,27.48
6,2025-01-01 17:02:12,26.46
6,2025-01-01 17:02:23,25.81
6,2025-01-01 17:02:43,25.67
6,2025-01-01 17:02:54,26.7
6,2025-01-01 17:03:02,26.39
6,2025-01-01 17:03:09,27.27
6,2025-01-01 17:03:14,28.65
6,2025-01-01 17:03:20,28.39
6,2025-01-01 17:03:26,28.59
6,2025-01-01 17:03:54,28.6
6,2025-01-01 17:04:22,28.99
6,2025-01-01 17:04:34,29.15
6,2025-01-01 17:04:41,29.97
6,2025-01-01 17:04:56,31.13
6,2025-01-01 17:05:04,31.37
6,2025-01-01 17:05:11,29.88
6,2025-01-01 17:05:26,29.41
6,2025-01-01 17:05:48,29.43
6,2025-01-01 17:06:14,29.56
6,2025-01-01 17:06:39,29.11
6,2025-01-01 17:06:51,28.81
6,2025-01-01 17:07:13,30.29
6,2025-01-01 17:07:39,29.6
6,2025-01-01 17:08:04,30.13
6,2025-01-01 17:08:32,30.53
6,2025-01-01 17:08:55,31.21
6,2025-01-01 17:09:03,30.5
6,2025-01-01 17:09:31,31.55
6,2025-01-01 17:09:57,32.42
6,2025-01-01 17:10:04,31.12
6,2025-01-01 17:10:19,30.61
6,2025-01-01 17:10:28,30.3
6,2025-01-01 17:10:34,31.71
6,2025-01-01 17:10:49,30.37
6,2025-01-01 17:10:55,29.77
6,2025-01-01 17:11:09,30.59
6,2025-01-01 17:11:21,32.03
6,2025-01-01 17:11:31,31.06
6,2025-01-01 17:11:54,30.36
6,2025-01-01 17:12:00,30.01
6,2025-01-01 17:12:20,29.9
6,2025-01-01 17:12:42,29.15
6,2025-01-01 17:13:03,28.19
6,2025-01-01 17:13:21,29.65
6,2025-01-01 17:13:45,29.97
6,2025-01-01 17:13:54,29.45
6,2025-01-01 17:14:10,29.36
6,2025-01-01 17:14:28,29.48
6,2025-01-01 17:14:40,30.21
6,2025-01-01 17:14:52,29.6
6,2025-01-01 17:15:00,29.49
6,2025-01-01 17:15:29,29.43
6,2025-01-01 17:15:40,29.56
6,2025-01-01 17:16:01,29.52
6,2025-01-01 17:16:23,28.53
6,2025-01-01 17:16:52,28.85
6,2025-01-01 17:17:01,28.89
6,2025-01-01 17:17:14,28.4
6,2025-01-01 17:17:19,28.59
6,2025-01-01 17:17:34,27.92
6,2025-01-01 17:18:02,26.42
6,2025-01-01 17:18:07,26.83
6,2025-01-01 17:18:14,25.93
6,2025-01-01 17:18:44,25.49
6,2025-01-01 17:18:52,26.02
6,2025-01-01 17:19:10,24.66
6,2025-01-01 17:19:21,25.55
6,2025-01-01 17:19:28,26.37
6,2025-01-01 17:19:42,25.71
6,2025-01-01 17:19:51,26.27
6,2025-01-01 17:20:19,26.41
6,2025-01-01 17:20:35,24.98
6,2025-01-01 17:21:04,25.5
6,2025-01-01 17:21:19,25.77
6,2025-01-01 17:21:40,27.27
6,2025-01-01 17:22:09,26.82
6,2025-01-01 17:22:23,27.69
6,2025-01-01 17:22:42,28.88
6,2025-01-01 17:23:07,28.9
6,2025-01-01 17:23:33,27.64
6,2025-01-01 17:23:51,28.45
6,2025-01-01 17:24:01,27.57
6,2025-01-01 17:24:18,28.1
6,2025-01-01 17:24:41,27.62
6,2025-01-01 17:25:01,28.13
6,2025-01-01 17:25:17,27.97
6,2025-01-01 17:25:26,27.19
6,2025-01-01 17:25:31,27.59
6,2025-01-01 17:25:59,28.93
6,2025-01-01 17:26:20,29.22
6,2025-01-01 17:26:42,29.61
6,2025-01-01 17:26:56,29.82
6,2025-01-01 17:27:19,30.15
6,2025-01-01 17:27:36,29.06
6,2025-01-01 17:27:51,29.47
6,2025-01-01 17:28:05,28.97
6,2025-01-01 17:28:26,29.7
6,2025-01-01 17:28:39,29.08
6,2025-01-01 17:29:02,27.64
6,2025-01-01 17:29:28,27.33
6,2025-01-01 17:29:35,27.57
6,2025-01-01 17:29:42,27.39
6,2025-01-01 17:30:05,26.64
6,2025-01-01 17:30:20,25.8
6,2025-01-01 17:30:34,24.86
6,2025-01-01 17:30:56,24.35
6,2025-01-01 17:31:21,23.0
6,2025-01-01 17:31:48,23.19
6,2025-01-01 17:32:05,23.87
6,2025-01-01 17:32:26,23.26
6,2025-01-01 17:32:40,23.21
6,2025-01-01 17:32:58,24.59
6,2025-01-01 17:33:25,23.91
6,2025-01-01 17:33:37,24.41
6,2025-01-01 17:34:02,23.8
6,2025-01-01 17:34:23,23.44
6,2025-01-01 17:34:41,23.12
6,2025-01-01 17:34:54,23.82
6,2025-01-01 17:35:12,24.05
6,2025-01-01 17:35:29,23.44
6,2025-01-01 17:35:37,22.85
6,2025-01-01 17:35:58,23.63
6,2025-01-01 17:36:04,24.58
6,2025-01-01 17:36:34,24.22
6,2025-01-01 17:36:52,23.78
6,2025-01-01 17:37:21,23.25
6,2025-01-01 17:37:48,22.94
6,2025-01-01 17:38:02,23.87
6,2025-01-01 17:38:12,23.74
6,2025-01-01 17:38:29,24.65
6,2025-01-01 17:38:53,24.94
6,2025-01-01 17:39:21,24.26
6,2025-01-01 17:39:27,25.34
6,2025-01-01 17:39:34,24.19
6,2025-01-01 17:39:51,23.36
6,2025-01-01 17:40:11,23.84
6,2025-01-01 17:40:37,24.98
6,2025-01-01 17:40:46,23.83
6,2025-01-01 17:41:10,23.52
6,2025-01-01 17:41:32,22.03
6,2025-01-01 17:41:54,22.43
6,2025-01-01 17:42:04,22.91
6,2025-01-01 17:42:22,24.13
6,2025-01-01 17:42:28,24.04
6,2025-01-01 17:42:52,24.81
6,2025-01-01 17:43:14,23.54
6,2025-01-01 17:43:37,22.72
6,2025-01-01 17:43:51,22.91
6,2025-01-01 17:44:09,24.08
6,2025-01-01 17:44:21,23.35
6,2025-01-01 17:44:40,24.59
6,2025-01-01 17:45:02,23.78
6,2025-01-01 17:45:19,25.17
6,2025-01-01 17:45:37,26.55
6,2025-01-01 17:45:49,27.4
6,2025-01-01 17:46:01,27.77
6,2025-01-01 17:46:09,28.18
6,2025-01-01 17:46:29,27.05
6,2025-01-01 17:46:34,25.89
6,2025-01-01 17:46:47,27.03
6,2025-01-01 17:47:15,28.35
6,2025-01-01 17:47:22,27.21
6,2025-01-01 17:47:35,26.65
6,2025-01-01 17:47:41,27.01
6,2025-01-01 17:48:11,26.58
6,2025-01-01 17:48:33,25.31
6,2025-01-01 17:48:55,24.15
6,2025-01-01 17:49:15,23.66
6,2025-01-01 17:49:43,24.81
6,2025-01-01 17:50:01,26.23
6,2025-01-01 17:50:29,26.24
6,2025-01-01 17:50:44,26.87
6,2025-01-01 17:51:01,26.84
6,2025-01-01 17:51:17,26.99
6,2025-01-01 17:51:45,27.49
6,2025-01-01 17:51:52,28.79
6,2025-01-01 17:52:10,29.74
6,2025-01-01 17:52:21,29.65
6,2025-01-01 17:52:35,31.1
6,2025-01-01 17:52:50,30.48
6,2025-01-01 17:53:11,29.88
6,2025-01-01 17:53:34,29.51
6,2025-01-01 17:53:51,28.4
6,2025-01-01 17:53:57,29.7
6,2025-01-01 17:54:14,29.81
6,2025-01-01 17:54:37,31.24
6,2025-01-01 17:54:46,30.05
6,2025-01-01 17:55:05,30.88
6,2025-01-01 17:55:29,29.92
6,2025-01-01 17:55:42,28.59
6,2025-01-01 17:56:11,28.61
6,2025-01-01 17:56:31,29.43
6,2025-01-01 17:56:44,28.01
6,2025-01-01 17:56:52,26.54
6,2025-01-01 17:57:12,27.14
6,2025-01-01 17:57:26,28.63
6,2025-01-01 17:57:45,29.25
6,2025-01-01 17:58:05,30.24
6,2025-01-01 17:58:12,31.15
6,2025-01-01 17:58:29,32.46
6,2025-01-01 17:58:48,33.95
6,2025-01-01 17:59:06,35.31
6,2025-01-01 17:59:34,35.66
6,2025-01-01 18:00:02,36.9
6,2025-01-01 18:00:08,36.38
6,2025-01-01 18:00:34,36.56
6,2025-01-01 18:00:58,35.69
6,2025-01-01 18:01:24,36.73
6,2025-01-01 18:01:46,38.16
6,2025-01-01 18:02:06,37.8
6,2025-01-01 18:02:25,38.13
6,2025-01-01 18:02:50,38.17
6,2025-01-01 18:03:06,37.71
6,2025-01-01 18:03:27,37.1
6,2025-01-01 18:03:40,35.91
6,2025-01-01 18:03:57,36.21
6,2025-01-01 18:04:11,36.82
6,2025-01-01 18:04:30,37.01
6,2025-01-01 18:04:35,37.79
6,2025-01-01 18:04:57,38.85
6,2025-01-01 18:05:19,39.0
6,2025-01-01 18:05:34,39.65
6,2025-01-01 18:05:51,39.17
6,2025-01-01 18:05:59,40.26
6,2025-01-01 18:06:16,40.26
6,2025-01-01 18:06:38,40.65
6,2025-01-01 18:06:55,40.43
6,2025-01-01 18:07:15,40.55
6,2025-01-01 18:07:25,40.02
6,2025-01-01 18:07:44,40.73
6,2025-01-01 18:07:55,39.92
6,2025-01-01 18:08:18,40.63
6,2025-01-01 18:08:39,41.39
6,2025-01-01 18:08:44,39.99
6,2025-01-01 18:08:53,40.2
6,2025-01-01 18:09:07,39.89
6,2025-01-01 18:09:24,39.04
6,2025-01-01 18:09:42,40.05
6,2025-01-01 18:09:49,40.37
6,2025-01-01 18:10:11,39.21
6,2025-01-01 18:10:40,40.1
6,2025-01-01 18:11:01,41.25
6,2025-01-01 18:11:15,39.97
6,2025-01-01 18:11:28,38.77
6,2025-01-01 18:11:39,38.97
6,2025-01-01 18:11:56,39.42
6,2025-01-01 18:12:16,38.46
6,2025-01-01 18:12:38,38.78
6,2025-01-01 18:12:45,37.34
6,2025-01-01 18:13:12,36.89
6,2025-01-01 18:13:27,36.05
6,2025-01-01 18:13:49,35.7
6,2025-01-01 18:14:04,36.69
6,2025-01-01 18:14:18,35.22
6,2025-01-01 18:14:32,35.85
6,2025-01-01 18:14:44,35.95
6,2025-01-01 18:14:53,35.59
6,2025-01-01 18:15:09,35.75
6,2025-01-01 18:15:21,35.56
6,2025-01-01 18:15:41,34.2
6,2025-01-01 18:15:49,34.97
6,2025-01-01 18:16:08,34.64
6,2025-01-01 18:16:13,34.69
6,2025-01-01 18:16:36,33.66
6,2025-01-01 18:16:50,34.55
6,2025-01-01 18:17:17,34.89
6,2025-01-01 18:17:30,33.8
6,2025-01-01 18:17:35,34.96
6,2025-01-01 18:18:05,34.12
6,2025-01-01 18:18:23,34.41
6,2025-01-01 18:18:47,35.73
6,2025-01-01 18:19:11,36.8
6,2025-01-01 18:19:39,36.86
6,2025-01-01 18:19:53,35.58
6,2025-01-01 18:20:12,34.56
6,2025-01-01 18:20:42,35.13
6,2025-01-01 18:21:09,36.27
6,2025-01-01 18:21:38,34.8
6,2025-01-01 18:21:45,34.37
6,2025-01-01 18:21:56,35.13
6,2025-01-01 18:22:17,34.75
6,2025-01-01 18:22:42,34.68
6,2025-01-01 18:23:00,33.8
6,2025-01-01 18:23:14,33.2
6,2025-01-01 18:23:20,32.08
6,2025-01-01 18:23:33,33.58
6,2025-01-01 18:23:39,32.59
6,2025-01-01 18:24:03,32.65
6,2025-01-01 18:24:26,32.76
6,2025-01-01 18:24:50,32.19
6,2025-01-01 18:25:02,32.07
6,2025-01-01 18:25:32,31.16
6,2025-01-01 18:25:48,29.76
6,2025-01-01 18:25:59,30.4
6,2025-01-01 18:26:08,31.42
6,2025-01-01 18:26:32,29.96
6,2025-01-01 18:26:53,29.12
6,2025-01-01 18:27:15,29.71
6,2025-01-01 18:27:40,28.27
6,2025-01-01 18:28:02,27.59
6,2025-01-01 18:28:17,28.19
6,2025-01-01 18:28:44,29.2
6,2025-01-01 18:29:14,28.06
6,2025-01-01 18:29:37,27.23
6,2025-01-01 18:29:47,28.31
6,2025-01-01 18:30:12,29.69
6,2025-01-01 18:30:26,28.91
6,2025-01-01 18:30:31,29.08
6,2025-01-01 18:30:37,30.18
6,2025-01-01 18:30:43,29.33
6,2025-01-01 18:31:08,29.41
6,2025-01-01 18:31:24,28.5
6,2025-01-01 18:31:52,27.16
6,2025-01-01 18:32:04,26.78
6,2025-01-01 18:32:15,26.16
6,2025-01-01 18:32:29,25.37
6,2025-01-01 18:32:45,26.67
6,2025-01-01 18:32:53,26.4
6,2025-01-01 18:33:16,25.4
6,2025-01-01 18:33:40,26.8
6,2025-01-01 18:34:03,25.9
6,2025-01-01 18:34:13,27.16
6,2025-01-01 18:34:39,26.14
6,2025-01-01 18:34:50,26.21
6,2025-01-01 18:35:10,24.83
6,2025-01-01 18:35:31,25.81
6,2025-01-01 18:35:39,26.1
6,2025-01-01 18:35:56,26.2
6,2025-01-01 18:36:04,25.36
6,2025-01-01 18:36:19,26.57
6,2025-01-01 18:36:42,27.04
6,2025-01-01 18:36:49,26.85
6,2025-01-01 18:37:06,27.21
6,2025-01-01 18:37:15,28.49
6,2025-01-01 18:37:37,28.5
6,2025-01-01 18:37:44,29.72
6,2025-01-01 18:37:58,30.58
6,2025-01-01 18:38:05,29.59
6,2025-01-01 18:38:12,29.44
6,2025-01-01 18:38:36,29.19
6,2025-01-01 18:38:54,30.27
6,2025-01-01 18:39:05,29.97
6,2025-01-01 18:39:11,30.33
6,2025-01-01 18:39:28,31.13
6,2025-01-01 18:39:52,31.59
6,2025-01-01 18:40:07,30.7
6,2025-01-01 18:40:13,31.15
6,2025-01-01 18:40:41,32.15
6,2025-01-01 18:41:11,31.68
6,2025-01-01 18:41:24,31.76
6,2025-01-01 18:41:52,31.77
6,2025-01-01 18:42:15,32.66
6,2025-01-01 18:42:44,33.08
6,2025-01-01 18:42:52,32.75
6,2025-01-01 18:43:20,32.41
6,2025-01-01 18:43:37,31.72
6,2025-01-01 18:43:42,32.63
6,2025-01-01 18:44:06,33.02
6,2025-01-01 18:44:13,31.95
6,2025-01-01 18:44:42,32.22
6,2025-01-01 18:44:55,31.8
6,2025-01-01 18:45:00,31.03
6,2025-01-01 18:45:19,32.42
6,2025-01-01 18:45:39,31.92
6,2025-01-01 18:46:09,31.57
6,2025-01-01 18:46:34,32.38
6,2025-01-01 18:46:59,31.52
6,2025-01-01 18:47:22,32.61
6,2025-01-01 18:47:28,32.47
6,2025-01-01 18:47:56,31.27
6,2025-01-01 18:48:07,32.57
6,2025-01-01 18:48:17,31.75
6,2025-01-01 18:48:39,31.17
6,2025-01-01 18:48:51,30.61
6,2025-01-01 18:49:09,31.36
6,2025-01-01 18:49:26,31.52
6,2025-01-01 18:49:43,32.58
6,2025-01-01 18:50:13,31.4
6,2025-01-01 18:50:35,30.06
6,2025-01-01 18:50:53,29.64
6,2025-01-01 18:51:02,29.28
6,2025-01-01 18:51:29,27.86
6,2025-01-01 18:51:44,29.03
6,2025-01-01 18:51:59,27.6
6,2025-01-01 18:52:17,26.79
6,2025-01-01 18:52:43,27.12
6,2025-01-01 18:53:07,27.89
6,2025-01-01 18:53:22,28.5
6,2025-01-01 18:53:43,29.51
6,2025-01-01 18:53:59,29.13
6,2025-01-01 18:54:28,30.12
6,2025-01-01 18:54:47,28.89
6,2025-01-01 18:55:00,28.47
6,2025-01-01 18:55:25,29.06
6,2025-01-01 18:55:44,29.8
6,2025-01-01 18:55:52,29.74
6,2025-01-01 18:55:58,28.68
6,2025-01-01 18:56:04,29.0
6,2025-01-01 18:56:18,30.06
6,2025-01-01 18:56:38,30.18
6,2025-01-01 18:57:07,30.25
6,2025-01-01 18:57:22,28.91
6,2025-01-01 18:57:45,29.45
6,2025-01-01 18:57:53,30.92
6,2025-01-01 18:58:08,31.96
6,2025-01-01 18:58:16,32.14
6,2025-01-01 18:58:40,31.84
6,2025-01-01 18:59:06,31.34
6,2025-01-01 18:59:33,30.29
6,2025-01-01 18:59:56,29.82
6,2025-01-01 19:00:17,28.37
6,2025-01-01 19:00:47,28.05
6,2025-01-01 19:01:16,26.66
6,2025-01-01 19:01:45,27.96
6,2025-01-01 19:02:09,29.22
6,2025-01-01 19:02:38,28.73
6,2025-01-01 19:02:48,27.37
6,2025-01-01 19:03:04,28.07
6,2025-01-01 19:03:28,29.52
6,2025-01-01 19:03:52,28.93
6,2025-01-01 19:04:14,28.35
6,2025-01-01 19:04:40,28.22
6,2025-01-01 19:05:07,28.12
6,2025-01-01 19:05:22,28.69
6,2025-01-01 19:05:28,28.1
6,2025-01-01 19:05:34,27.26
6,2025-01-01 19:05:55,27.96
6,2025-01-01 19:06:13,27.4
6,2025-01-01 19:06:18,26.02
6,2025-01-01 19:06:29,27.38
6,2025-01-01 19:06:49,26.73
6,2025-01-01 19:07:05,25.86
6,2025-01-01 19:07:25,25.94
6,2025-01-01 19:07:39,27.04
6,2025-01-01 19:08:00,26.65
6,2025-01-01 19:08:12,25.46
6,2025-01-01 19:08:39,26.49
6,2025-01-01 19:08:54,25.8
6,2025-01-01 19:09:15,25.34
6,2025-01-01 19:09:21,24.11
6,2025-01-01 19:09:38,23.42
6,2025-01-01 19:09:48,24.5
6,2025-01-01 19:10:15,25.0
6,2025-01-01 19:10:31,25.93
6,2025-01-01 19:10:43,24.73
6,2025-01-01 19:11:00,23.42
6,2025-01-01 19:11:13,23.43
6,2025-01-01 19:11:29,23.39
6,2025-01-01 19:11:42,23.68
6,2025-01-01 19:11:52,23.1
6,2025-01-01 19:12:06,24.11
6,2025-01-01 19:12:36,24.79
6,2025-01-01 19:13:01,24.43
6,2025-01-01 19:13:25,23.69
6,2025-01-01 19:13:47,23.76
6,2025-01-01 19:14:04,23.22
6,2025-01-01 19:14:15,23.99
6,2025-01-01 19:14:32,24.22
6,2025-01-01 19:14:41,23.47
6,2025-01-01 19:14:51,24.13
6,2025-01-01 19:15:14,23.59
6,2025-01-01 19:15:27,23.42
6,2025-01-01 19:15:38,24.11
6,2025-01-01 19:15:44,23.39
6,2025-01-01 19:16:09,24.26
6,2025-01-01 19:16:33,24.66
6,2025-01-01 19:16:53,24.82
6,2025-01-01 19:17:05,25.2
6,2025-01-01 19:17:34,25.23
6,2025-01-01 19:17:49,25.07
6,2025-01-01 19:18:03,26.06
6,2025-01-01 19:18:25,26.49
6,2025-01-01 19:18:50,25.58
6,2025-01-01 19:19:06,25.13
6,2025-01-01 19:19:19,25.52
6,2025-01-01 19:19:28,25.88
6,2025-01-01 19:19:58,24.39
6,2025-01-01 19:20:21,23.3
6,2025-01-01 19:20:28,24.15
6,2025-01-01 19:20:37,24.04
6,2025-01-01 19:20:47,23.43
6,2025-01-01 19:21:00,24.41
6,2025-01-01 19:21:17,24.97
6,2025-01-01 19:21:31,25.4
6,2025-01-01 19:21:42,23.96
6,2025-01-01 19:22:00,24.27
6,2025-01-01 19:22:10,23.68
6,2025-01-01 19:22:36,22.65
6,2025-01-01 19:22:52,21.71
6,2025-01-01 19:23:12,22.82
6,2025-01-01 19:23:36,22.05
6,2025-01-01 19:24:01,21.24
6,2025-01-01 19:24:11,21.53
6,2025-01-01 19:24:33,22.52
6,2025-01-01 19:24:44,23.2
6,2025-01-01 19:24:50,24.0
6,2025-01-01 19:24:58,24.48
6,2025-01-01 19:25:06,24.16
6,2025-01-01 19:25:34,25.1
6,2025-01-01 19:25:40,26.36
6,2025-01-01 19:25:47,25.92
6,2025-01-01 19:26:13,25.36
6,2025-01-01 19:26:34,26.07
6,2025-01-01 19:26:45,26.81
6,2025-01-01 19:27:04,25.6
6,2025-01-01 19:27:33,24.58
6,2025-01-01 19:27:44,25.59
6,2025-01-01 19:28:06,24.43
6,2025-01-01 19:28:17,24.66
6,2025-01-01 19:28:41,25.32
6,2025-01-01 19:29:04,24.31
6,2025-01-01 19:29:24,23.64
6,2025-01-01 19:29:52,22.75
6,2025-01-01 19:30:13,24.18
6,2025-01-01 19:30:31,25.64
6,2025-01-01 19:30:41,25.52
6,2025-01-01 19:31:07,24.98
6,2025-01-01 19:31:27,26.05
6,2025-01-01 19:31:45,26.42
6,2025-01-01 19:32:04,25.94
6,2025-01-01 19:32:17,27.14
6,2025-01-01 19:32:32,27.29
6,2025-01-01 19:32:50,26.69
6,2025-01-01 19:33:11,26.29
6,2025-01-01 19:33:30,25.91
6,2025-01-01 19:33:36,25.12
6,2025-01-01 19:33:50,24.11
6,2025-01-01 19:34:18,24.83
6,2025-01-01 19:34:29,24.56
6,2025-01-01 19:34:56,25.29
6,2025-01-01 19:35:12,25.43
6,2025-01-01 19:35:24,26.31
6,2025-01-01 19:35:38,26.51
6,2025-01-01 19:35:47,25.94
6,2025-01-01 19:35:55,24.56
6,2025-01-01 19:36:24,25.3
6,2025-01-01 19:36:52,24.77
6,2025-01-01 19:37:13,26.16
6,2025-01-01 19:37:23,24.93
6,2025-01-01 19:37:52,25.49
6,2025-01-01 19:38:15,25.24
6,2025-01-01 19:38:26,24.7
6,2025-01-01 19:38:33,23.49
6,2025-01-01 19:38:41,23.64
6,2025-01-01 19:38:50,24.43
6,2025-01-01 19:38:55,24.51
6,2025-01-01 19:39:06,24.46
6,2025-01-01 19:39:17,25.0
6,2025-01-01 19:39:27,25.6
6,2025-01-01 19:39:35,25.35
6,2025-01-01 19:40:02,24.27
6,2025-01-01 19:40:21,22.93
6,2025-01-01 19:40:30,23.55
6,2025-01-01 19:40:46,24.92
6,2025-01-01 19:41:01,25.95
6,2025-01-01 19:41:28,27.25
6,2025-01-01 19:41:35,26.68
6,2025-01-01 19:42:00,27.04
6,2025-01-01 19:42:28,28.4
6,2025-01-01 19:42:54,29.54
6,2025-01-01 19:43:10,28.4
6,2025-01-01 19:43:36,27.9
6,2025-01-01 19:43:52,28.11
6,2025-01-01 19:44:18,28.27
6,2025-01-01 19:44:33,29.5
6,2025-01-01 19:44:49,30.3
6,2025-01-01 19:45:02,31.18
6,2025-01-01 19:45:30,32.54
6,2025-01-01 19:45:36,33.16
6,2025-01-01 19:46:02,34.09
6,2025-01-01 19:46:31,35.45
6,2025-01-01 19:46:48,36.02
6,2025-01-01 19:47:10,35.97
6,2025-01-01 19:47:33,37.14
6,2025-01-01 19:47:55,36.66
6,2025-01-01 19:48:02,35.37
6,2025-01-01 19:48:27,35.76
6,2025-01-01 19:48:50,36.71
6,2025-01-01 19:49:12,35.44
6,2025-01-01 19:49:41,36.09
6,2025-01-01 19:49:53,35.06
6,2025-01-01 19:50:13,35.36
6,2025-01-01 19:50:28,35.1
6,2025-01-01 19:50:50,34.76
6,2025-01-01 19:51:18,34.22
6,2025-01-01 19:51:26,33.03
6,2025-01-01 19:51:36,32.41
6,2025-01-01 19:52:02,31.65
6,2025-01-01 19:52:08,30.3
6,2025-01-01 19:52:16,29.7
6,2025-01-01 19:52:42,29.4
6,2025-01-01 19:52:56,30.69
6,2025-01-01 19:53:16,31.98
6,2025-01-01 19:53:29,32.01
6,2025-01-01 19:53:35,30.74
6,2025-01-01 19:54:05,32.09
6,2025-01-01 19:54:24,31.39
6,2025-01-01 19:54:32,30.05
6,2025-01-01 19:55:02,31.2
6,2025-01-01 19:55:07,31.19
6,2025-01-01 19:55:12,29.79
6,2025-01-01 19:55:36,30.63
6,2025-01-01 19:55:43,30.12
6,2025-01-01 19:56:08,30.66
6,2025-01-01 19:56:15,30.48
6,2025-01-01 19:56:37,29.24
6,2025-01-01 19:56:59,30.44
6,2025-01-01 19:57:14,31.25
6,2025-01-01 19:57:37,30.85
6,2025-01-01 19:57:44,31.72
6,2025-01-01 19:57:54,31.01
6,2025-01-01 19:58:01,30.42
6,2025-01-01 19:58:18,31.08
6,2025-01-01 19:58:31,32.28
6,2025-01-01 19:58:45,31.33
6,2025-01-01 19:59:12,30.27
6,2025-01-01 19:59:23,29.77
6,2025-01-01 19:59:33,29.71
6,2025-01-01 19:59:49,30.65
6,2025-01-01 20:00:00,29.17
6,2025-01-01 20:00:21,30.18
6,2025-01-01 20:00:50,30.11
6,2025-01-01 20:01:04,31.09
6,2025-01-01 20:01:20,32.55
6,2025-01-01 20:01:30,33.35
6,2025-01-01 20:01:48,33.07
6,2025-01-01 20:02:08,31.86
6,2025-01-01 20:02:38,30.85
6,2025-01-01 20:03:07,31.69
6,2025-01-01 20:03:37,31.52
6,2025-01-01 20:04:05,30.88
6,2025-01-01 20:04:18,29.89
6,2025-01-01 20:04:38,29.63
6,2025-01-01 20:04:46,28.65
6,2025-01-01 20:04:51,28.4
6,2025-01-01 20:05:21,28.93
6,2025-01-01 20:05:28,27.72
6,2025-01-01 20:05:48,29.19
6,2025-01-01 20:05:53,29.68
6,2025-01-01 20:06:02,30.17
6,2025-01-01 20:06:23,31.29
6,2025-01-01 20:06:39,32.16
6,2025-01-01 20:06:54,30.96
6,2025-01-01 20:07:03,31.75
6,2025-01-01 20:07:27,30.62
6,2025-01-01 20:07:42,29.79
6,2025-01-01 20:07:59,29.3
6,2025-01-01 20:08:04,28.62
6,2025-01-01 20:08:15,29.32
6,2025-01-01 20:08:43,30.49
6,2025-01-01 20:09:09,30.01
6,2025-01-01 20:09:29,29.15
6,2025-01-01 20:09:44,27.67
6,2025-01-01 20:10:01,28.91
6,2025-01-01 20:10:18,28.06
6,2025-01-01 20:10:31,29.45
6,2025-01-01 20:10:39,29.91
6,2025-01-01 20:10:45,29.38
6,2025-01-01 20:10:55,28.59
6,2025-01-01 20:11:21,27.9
6,2025-01-01 20:11:43,28.05
6,2025-01-01 20:11:56,28.76
6,2025-01-01 20:12:22,29.18
6,2025-01-01 20:12:32,27.88
6,2025-01-01 20:12:48,28.16
6,2025-01-01 20:13:16,29.0
6,2025-01-01 20:13:32,29.69
6,2025-01-01 20:13:52,30.23
6,2025-01-01 20:14:16,30.53
6,2025-01-01 20:14:44,29.06
6,2025-01-01 20:15:00,28.67
6,2025-01-01 20:15:08,28.55
6,2025-01-01 20:15:25,28.18
6,2025-01-01 20:15:53,26.9
6,2025-01-01 20:16:10,26.49
6,2025-01-01 20:16:37,26.69
6,2025-01-01 20:16:45,26.8
6,2025-01-01 20:16:53,28.13
6,2025-01-01 20:17:15,27.66
6,2025-01-01 20:17:28,26.24
6,2025-01-01 20:17:37,26.21
6,2025-01-01 20:17:46,26.7
6,2025-01-01 20:18:05,25.82
6,2025-01-01 20:18:22,25.88
6,2025-01-01 20:18:34,24.77
6,2025-01-01 20:18:51,23.8
6,2025-01-01 20:18:57,24.36
6,2025-01-01 20:19:20,24.44
6,2025-01-01 20:19:31,23.87
6,2025-01-01 20:19:36,23.74
6,2025-01-01 20:19:41,23.74
6,2025-01-01 20:19:50,25.1
6,2025-01-01 20:20:07,24.32
6,2025-01-01 20:20:17,24.59
6,2025-01-01 20:20:32,25.21
6,2025-01-01 20:20:51,26.23
6,2025-01-01 20:21:09,26.56
6,2025-01-01 20:21:19,26.7
6,2025-01-01 20:21:31,26.23
6,2025-01-01 20:21:47,25.84
6,2025-01-01 20:22:07,25.45
6,2025-01-01 20:22:13,25.07
6,2025-01-01 20:22:35,26.24
6,2025-01-01 20:22:54,27.45
6,2025-01-01 20:23:20,26.91
6,2025-01-01 20:23:28,26.22
6,2025-01-01 20:23:34,26.84
6,2025-01-01 20:23:39,27.32
6,2025-01-01 20:23:48,26.92
6,2025-01-01 20:24:04,26.58
6,2025-01-01 20:24:11,27.33
6,2025-01-01 20:24:31,28.07
6,2025-01-01 20:24:40,28.48
6,2025-01-01 20:25:03,27.56
6,2025-01-01 20:25:32,28.95
6,2025-01-01 20:25:45,28.17
6,2025-01-01 20:25:52,26.74
6,2025-01-01 20:26:04,28.12
6,2025-01-01 20:26:17,27.27
6,2025-01-01 20:26:27,28.44
6,2025-01-01 20:26:39,29.37
6,2025-01-01 20:27:08,29.13
6,2025-01-01 20:27:29,28.17
6,2025-01-01 20:27:46,27.63
6,2025-01-01 20:27:54,26.96
6,2025-01-01 20:28:12,26.36
6,2025-01-01 20:28:36,25.5
6,2025-01-01 20:28:45,24.47
6,2025-01-01 20:28:56,23.94
6,2025-01-01 20:29:24,25.44
6,2025-01-01 20:29:40,25.66
6,2025-01-01 20:30:09,24.66
6,2025-01-01 20:30:30,23.99
6,2025-01-01 20:30:57,23.31
6,2025-01-01 20:31:03,23.89
6,2025-01-01 20:31:29,23.96
6,2025-01-01 20:31:50,23.31
6,2025-01-01 20:32:17,23.15
6,2025-01-01 20:32:27,23.6
6,2025-01-01 20:32:35,23.82
6,2025-01-01 20:32:57,23.34
6,2025-01-01 20:33:04,22.41
6,2025-01-01 20:33:33,22.77
6,2025-01-01 20:33:56,21.94
6,2025-01-01 20:34:17,21.92
6,2025-01-01 20:34:27,22.47
6,2025-01-01 20:34:42,21.57
6,2025-01-01 20:34:48,22.84
6,2025-01-01 20:35:13,21.82
6,2025-01-01 20:35:29,22.0
6,2025-01-01 20:35:39,22.89
6,2025-01-01 20:35:54,23.34
6,2025-01-01 20:36:17,24.41
6,2025-01-01 20:36:37,25.89
6,2025-01-01 20:37:06,25.38
6,2025-01-01 20:37:22,24.27
6,2025-01-01 20:37:39,24.12
6,2025-01-01 20:37:47,24.06
6,2025-01-01 20:38:03,24.28
6,2025-01-01 20:38:13,22.8
6,2025-01-01 20:38:30,21.86
6,2025-01-01 20:38:50,22.72
6,2025-01-01 20:39:14,21.25
6,2025-01-01 20:39:30,22.27
6,2025-01-01 20:39:54,20.99
6,2025-01-01 20:40:22,21.36
6,2025-01-01 20:40:32,22.26
6,2025-01-01 20:40:48,23.04
6,2025-01-01 20:41:04,22.99
6,2025-01-01 20:41:21,23.15
6,2025-01-01 20:41:42,21.82
6,2025-01-01 20:42:09,22.57
6,2025-01-01 20:42:18,22.82
6,2025-01-01 20:42:48,24.28
6,2025-01-01 20:42:54,23.65
6,2025-01-01 20:43:18,23.83
6,2025-01-01 20:43:32,22.4
6,2025-01-01 20:43:49,22.87
6,2025-01-01 20:44:01,22.67
6,2025-01-01 20:44:12,21.92
6,2025-01-01 20:44:34,21.96
6,2025-01-01 20:45:01,22.95
6,2025-01-01 20:45:30,21.95
6,2025-01-01 20:45:41,21.22
6,2025-01-01 20:46:01,21.18
6,2025-01-01 20:46:19,20.9
6,2025-01-01 20:46:25,21.25
6,2025-01-01 20:46:54,20.72
6,2025-01-01 20:47:04,20.8
6,2025-01-01 20:47:32,21.44
6,2025-01-01 20:47:52,22.16
6,2025-01-01 20:48:06,22.26
6,2025-01-01 20:48:13,23.1
6,2025-01-01 20:48:35,21.79
6,2025-01-01 20:48:52,22.23
6,2025-01-01 20:49:07,23.1
6,2025-01-01 20:49:14,23.84
6,2025-01-01 20:49:28,24.94
6,2025-01-01 20:49:38,25.87
6,2025-01-01 20:49:47,26.27
6,2025-01-01 20:50:07,27.35
6,2025-01-01 20:50:15,26.36
6,2025-01-01 20:50:34,27.54
6,2025-01-01 20:50:58,26.57
6,2025-01-01 20:51:20,27.63
6,2025-01-01 20:51:31,27.56
6,2025-01-01 20:51:47,26.26
6,2025-01-01 20:52:11,27.7
6,2025-01-01 20:52:26,26.7
6,2025-01-01 20:52:48,26.01
6,2025-01-01 20:53:17,25.62
6,2025-01-01 20:53:38,25.24
6,2025-01-01 20:53:56,26.0
6,2025-01-01 20:54:26,27.08
6,2025-01-01 20:54:38,25.91
6,2025-01-01 20:55:07,26.4
6,2025-01-01 20:55:34,25.6
6,2025-01-01 20:55:45,26.92
6,2025-01-01 20:56:07,25.44
6,2025-01-01 20:56:23,24.5
6,2025-01-01 20:56:35,23.66
6,2025-01-01 20:57:01,22.24
6,2025-01-01 20:57:15,22.8
6,2025-01-01 20:57:22,23.43
6,2025-01-01 20:57:41,23.05
6,2025-01-01 20:57:54,23.88
6,2025-01-01 20:58:14,25.38
6,2025-01-01 20:58:41,26.5
6,2025-01-01 20:58:46,25.52
6,2025-01-01 20:58:55,24.41
6,2025-01-01 20:59:12,25.44
6,2025-01-01 20:59:19,26.28
6,2025-01-01 20:59:36,26.86
6,2025-01-01 21:00:05,25.58
6,2025-01-01 21:00:32,26.65
6,2025-01-01 21:00:56,26.68
6,2025-01-01 21:01:15,25.96
6,2025-01-01 21:01:28,27.08
6,2025-01-01 21:01:47,28.02
6,2025-01-01 21:02:02,27.52
6,2025-01-01 21:02:22,26.2
6,2025-01-01 21:02:42,24.94
6,2025-01-01 21:02:53,24.51
6,2025-01-01 21:03:03,23.65
6,2025-01-01 21:03:30,23.09
6,2025-01-01 21:03:38,22.2
6,2025-01-01 21:03:50,22.13
6,2025-01-01 21:04:19,22.73
6,2025-01-01 21:04:47,21.24
6,2025-01-01 21:04:53,20.77
6,2025-01-01 21:05:01,21.71
6,2025-01-01 21:05:08,22.8
6,2025-01-01 21:05:32,23.94
6,2025-01-01 21:05:46,25.12
6,2025-01-01 21:06:09,24.68
6,2025-01-01 21:06:20,25.33
6,2025-01-01 21:06:27,24.24
6,2025-01-01 21:06:50,23.09
6,2025-01-01 21:06:56,23.62
6,2025-01-01 21:07:07,24.15
6,2025-01-01 21:07:29,24.39
6,2025-01-01 21:07:54,23.88
6,2025-01-01 21:08:24,22.82
6,2025-01-01 21:08:32,22.46
6,2025-01-01 21:09:01,21.02
6,2025-01-01 21:09:29,21.28
6,2025-01-01 21:09:50,20.81
6,2025-01-01 21:10:09,21.58
6,2025-01-01 21:10:24,22.68
6,2025-01-01 21:10:51,22.87
6,2025-01-01 21:11:03,23.69
6,2025-01-01 21:11:14,23.47
6,2025-01-01 21:11:30,24.77
6,2025-01-01 21:11:44,26.25
6,2025-01-01 21:11:56,26.26
6,2025-01-01 21:12:21,26.46
6,2025-01-01 21:12:44,27.4
6,2025-01-01 21:13:02,26.79
6,2025-01-01 21:13:24,25.56
6,2025-01-01 21:13:53,25.53
6,2025-01-01 21:14:22,26.4
6,2025-01-01 21:14:35,26.89
6,2025-01-01 21:15:03,25.78
6,2025-01-01 21:15:22,26.67
6,2025-01-01 21:15:42,26.23
6,2025-01-01 21:16:04,25.39
6,2025-01-01 21:16:33,26.28
6,2025-01-01 21:16:50,27.41
6,2025-01-01 21:17:04,28.59
6,2025-01-01 21:17:11,27.53
6,2025-01-01 21:17:33,28.13
6,2025-01-01 21:17:39,27.63
6,2025-01-01 21:17:46,26.25
6,2025-01-01 21:18:12,26.41
6,2025-01-01 21:18:30,26.05
6,2025-01-01 21:18:36,25.03
6,2025-01-01 21:18:46,25.01
6,2025-01-01 21:18:52,26.11
6,2025-01-01 21:18:57,25.16
6,2025-01-01 21:19:16,24.52
6,2025-01-01 21:19:23,25.04
6,2025-01-01 21:19:46,25.2
6,2025-01-01 21:20:13,24.28
6,2025-01-01 21:20:38,23.83
6,2025-01-01 21:20:47,23.63
6,2025-01-01 21:20:59,22.99
6,2025-01-01 21:21:28,22.22
6,2025-01-01 21:21:56,21.45
6,2025-01-01 21:22:22,22.34
6,2025-01-01 21:22:34,22.05
6,2025-01-01 21:22:40,22.21
6,2025-01-01 21:22:52,21.01
6,2025-01-01 21:23:18,20.15
6,2025-01-01 21:23:32,21.38
6,2025-01-01 21:23:52,22.48
6,2025-01-01 21:24:05,21.88
6,2025-01-01 21:24:11,22.16
6,2025-01-01 21:24:25,22.34
6,2025-01-01 21:24:55,22.85
6,2025-01-01 21:25:02,23.14
6,2025-01-01 21:25:11,23.95
6,2025-01-01 21:25:26,25.01
6,2025-01-01 21:25:43,24.36
6,2025-01-01 21:26:00,24.87
6,2025-01-01 21:26:19,25.0
6,2025-01-01 21:26:35,26.13
6,2025-01-01 21:26:59,24.96
6,2025-01-01 21:27:26,25.86
6,2025-01-01 21:27:39,26.97
6,2025-01-01 21:27:55,27.83
6,2025-01-01 21:28:15,26.51
6,2025-01-01 21:28:23,26.1
6,2025-01-01 21:28:50,25.58
6,2025-01-01 21:29:20,25.52
6,2025-01-01 21:29:33,25.18
6,2025-01-01 21:29:42,23.95
6,2025-01-01 21:29:55,25.25
6,2025-01-01 21:30:05,26.46
6,2025-01-01 21:30:32,25.12
6,2025-01-01 21:31:00,26.35
6,2025-01-01 21:31:06,27.2
6,2025-01-01 21:31:32,26.85
6,2025-01-01 21:31:49,25.89
6,2025-01-01 21:32:03,25.14
6,2025-01-01 21:32:22,25.83
6,2025-01-01 21:32:37,26.6
6,2025-01-01 21:32:57,27.95
6,2025-01-01 21:33:26,26.57
6,2025-01-01 21:33:41,27.93
6,2025-01-01 21:33:59,26.88
6,2025-01-01 21:34:13,28.37
6,2025-01-01 21:34:31,28.89
6,2025-01-01 21:34:56,29.73
6,2025-01-01 21:35:19,28.66
6,2025-01-01 21:35:48,27.83
6,2025-01-01 21:36:11,27.93
6,2025-01-01 21:36:17,27.85
6,2025-01-01 21:36:45,26.42
6,2025-01-01 21:37:04,27.59
6,2025-01-01 21:37:24,28.08
6,2025-01-01 21:37:46,29.49
6,2025-01-01 21:38:01,28.14
6,2025-01-01 21:38:09,28.2
6,2025-01-01 21:38:26,28.04
6,2025-01-01 21:38:52,27.17
6,2025-01-01 21:38:59,27.09
6,2025-01-01 21:39:27,25.92
6,2025-01-01 21:39:56,26.25
6,2025-01-01 21:40:26,27.2
6,2025-01-01 21:40:43,28.56
6,2025-01-01 21:41:04,27.6
6,2025-01-01 21:41:16,28.0
6,2025-01-01 21:41:24,28.6
6,2025-01-01 21:41:35,28.23
6,2025-01-01 21:41:44,29.2
6,2025-01-01 21:41:50,29.55
6,2025-01-01 21:42:16,30.14
6,2025-01-01 21:42:41,29.97
6,2025-01-01 21:42:47,29.71
6,2025-01-01 21:43:16,29.4
6,2025-01-01 21:43:39,28.05
6,2025-01-01 21:43:50,27.15
6,2025-01-01 21:44:07,25.66
6,2025-01-01 21:44:34,27.04
6,2025-01-01 21:44:45,25.74
6,2025-01-01 21:45:01,24.61
6,2025-01-01 21:45:09,25.36
6,2025-01-01 21:45:30,24.31
6,2025-01-01 21:45:40,25.29
6,2025-01-01 21:46:08,25.17
6,2025-01-01 21:46:30,24.47
6,2025-01-01 21:46:45,24.1
6,2025-01-01 21:47:00,25.42
6,2025-01-01 21:47:23,25.73
6,2025-01-01 21:47:42,25.88
6,2025-01-01 21:48:01,24.49
6,2025-01-01 21:48:23,24.84
6,2025-01-01 21:48:30,24.15
6,2025-01-01 21:48:54,24.13
6,2025-01-01 21:49:09,25.33
6,2025-01-01 21:49:34,25.87
6,2025-01-01 21:49:56,27.02
6,2025-01-01 21:50:20,27.19
6,2025-01-01 21:50:26,27.85
6,2025-01-01 21:50:51,27.27
6,2025-01-01 21:51:10,26.49
6,2025-01-01 21:51:16,27.27
6,2025-01-01 21:51:46,26.45
6,2025-01-01 21:52:15,25.38
6,2025-01-01 21:52:41,25.29
6,2025-01-01 21:52:54,25.05
6,2025-01-01 21:53:12,24.86
6,2025-01-01 21:53:35,25.5
6,2025-01-01 21:53:40,24.64
6,2025-01-01 21:54:07,23.9
6,2025-01-01 21:54:30,22.9
6,2025-01-01 21:54:42,23.83
6,2025-01-01 21:55:02,24.68
6,2025-01-01 21:55:30,25.79
6,2025-01-01 21:55:44,26.9
6,2025-01-01 21:55:54,28.17
6,2025-01-01 21:56:20,27.34
6,2025-01-01 21:56:50,26.32
6,2025-01-01 21:57:10,25.64
6,2025-01-01 21:57:19,26.07
6,2025-01-01 21:57:34,26.85
6,2025-01-01 21:57:51,27.65
6,2025-01-01 21:58:14,28.08
6,2025-01-01 21:58:32,26.74
6,2025-01-01 21:58:47,27.15
6,2025-01-01 21:58:58,28.26
6,2025-01-01 21:59:15,29.34
6,2025-01-01 21:59:37,27.9
6,2025-01-01 21:59:46,28.14
6,2025-01-01 21:59:59,26.87
6,2025-01-01 22:00:12,28.23
6,2025-01-01 22:00:41,28.86
6,2025-01-01 22:00:59,27.76
6,2025-01-01 22:01:17,27.71
6,2025-01-01 22:01:31,27.53
6,2025-01-01 22:01:54,26.07
6,2025-01-01 22:02:21,27.27
6,2025-01-01 22:02:41,28.54
6,2025-01-01 22:02:57,29.11
6,2025-01-01 22:03:06,28.22
6,2025-01-01 22:03:29,28.13
6,2025-01-01 22:03:37,28.98
6,2025-01-01 22:04:07,28.92
6,2025-01-01 22:04:27,30.11
6,2025-01-01 22:04:38,30.66
6,2025-01-01 22:04:59,31.59
6,2025-01-01 22:05:07,32.27
6,2025-01-01 22:05:32,33.46
6,2025-01-01 22:05:50,34.25
6,2025-01-01 22:06:20,34.26
6,2025-01-01 22:06:50,33.65
6,2025-01-01 22:07:07,33.68
6,2025-01-01 22:07:26,32.43
6,2025-01-01 22:07:39,31.85
6,2025-01-01 22:08:01,33.32
6,2025-01-01 22:08:18,33.6
6,2025-01-01 22:08:43,34.71
6,2025-01-01 22:09:06,35.54
6,2025-01-01 22:09:24,34.99
6,2025-01-01 22:09:48,36.4
6,2025-01-01 22:10:01,36.78
6,2025-01-01 22:10:28,37.6
6,2025-01-01 22:10:49,38.34
6,2025-01-01 22:11:11,38.3
6,2025-01-01 22:11:40,37.21
6,2025-01-01 22:11:54,35.9
6,2025-01-01 22:12:08,35.27
6,2025-01-01 22:12:29,36.74
6,2025-01-01 22:12:49,37.6
6,2025-01-01 22:13:09,37.4
6,2025-01-01 22:13:19,35.92
6,2025-01-01 22:13:41,35.26
6,2025-01-01 22:14:02,34.76
6,2025-01-01 22:14:17,36.04
6,2025-01-01 22:14:25,37.18
6,2025-01-01 22:14:45,38.58
6,2025-01-01 22:15:14,38.99
6,2025-01-01 22:15:44,37.59
6,2025-01-01 22:16:06,36.2
6,2025-01-01 22:16:32,36.21
6,2025-01-01 22:16:58,35.63
6,2025-01-01 22:17:17,35.46
6,2025-01-01 22:17:29,34.95
6,2025-01-01 22:17:36,33.55
6,2025-01-01 22:18:00,33.79
6,2025-01-01 22:18:15,34.56
6,2025-01-01 22:18:45,34.06
6,2025-01-01 22:18:54,34.25
6,2025-01-01 22:19:17,33.09
6,2025-01-01 22:19:44,32.54
6,2025-01-01 22:19:56,31.75
6,2025-01-01 22:20:25,32.89
6,2025-01-01 22:20:41,34.3
6,2025-01-01 22:21:09,33.0
6,2025-01-01 22:21:20,33.59
6,2025-01-01 22:21:41,34.8
6,2025-01-01 22:22:10,36.0
6,2025-01-01 22:22:38,35.21
6,2025-01-01 22:22:44,34.92
6,2025-01-01 22:22:52,34.42
6,2025-01-01 22:22:59,35.73
6,2025-01-01 22:23:28,37.12
6,2025-01-01 22:23:58,37.06
6,2025-01-01 22:24:24,38.02
6,2025-01-01 22:24:41,37.63
6,2025-01-01 22:24:46,36.43
6,2025-01-01 22:24:59,36.41
6,2025-01-01 22:25:24,35.43
6,2025-01-01 22:25:43,34.06
6,2025-01-01 22:26:05,35.1
6,2025-01-01 22:26:10,34.34
6,2025-01-01 22:26:34,34.65
6,2025-01-01 22:26:53,33.54
6,2025-01-01 22:27:15,34.07
6,2025-01-01 22:27:20,33.44
6,2025-01-01 22:27:43,33.96
6,2025-01-01 22:27:58,34.63
6,2025-01-01 22:28:16,33.21
6,2025-01-01 22:28:21,32.87
6,2025-01-01 22:28:47,33.49
6,2025-01-01 22:29:15,32.22
6,2025-01-01 22:29:43,32.09
6,2025-01-01 22:30:07,32.26
6,2025-01-01 22:30:15,31.63
6,2025-01-01 22:30:44,32.56
6,2025-01-01 22:30:59,32.11
6,2025-01-01 22:31:13,31.38
6,2025-01-01 22:31:34,32.11
6,2025-01-01 22:31:42,32.48
6,2025-01-01 22:32:08,31.65
6,2025-01-01 22:32:21,30.9
6,2025-01-01 22:32:49,31.98
6,2025-01-01 22:33:08,32.75
6,2025-01-01 22:33:31,31.6
6,2025-01-01 22:33:40,30.59
6,2025-01-01 22:33:49,31.97
6,2025-01-01 22:34:11,32.21
6,2025-01-01 22:34:24,31.8
6,2025-01-01 22:34:47,32.28
6,2025-01-01 22:35:02,31.12
6,2025-01-01 22:35:30,30.64
6,2025-01-01 22:35:57,31.58
6,2025-01-01 22:36:27,31.95
6,2025-01-01 22:36:56,32.93
6,2025-01-01 22:37:19,32.97
6,2025-01-01 22:37:32,33.66
6,2025-01-01 22:37:40,34.85
6,2025-01-01 22:37:48,33.73
6,2025-01-01 22:38:09,32.5
6,2025-01-01 22:38:32,32.04
6,2025-01-01 22:38:52,32.28
6,2025-01-01 22:39:20,31.43
6,2025-01-01 22:39:49,31.25
6,2025-01-01 22:40:00,32.26
6,2025-01-01 22:40:06,32.71
6,2025-01-01 22:40:29,33.62
6,2025-01-01 22:40:55,32.88
6,2025-01-01 22:41:10,32.77
6,2025-01-01 22:41:40,33.09
6,2025-01-01 22:41:51,32.43
6,2025-01-01 22:42:15,31.36
6,2025-01-01 22:42:23,32.69
6,2025-01-01 22:42:51,34.07
6,2025-01-01 22:42:57,33.82
6,2025-01-01 22:43:12,34.85
6,2025-01-01 22:43:38,34.19
6,2025-01-01 22:43:49,34.15
6,2025-01-01 22:43:57,35.57
6,2025-01-01 22:44:15,35.54
6,2025-01-01 22:44:24,34.09
6,2025-01-01 22:44:34,34.86
6,2025-01-01 22:44:56,33.84
6,2025-01-01 22:45:23,33.62
6,2025-01-01 22:45:40,33.2
6,2025-01-01 22:45:54,34.11
6,2025-01-01 22:46:08,33.08
6,2025-01-01 22:46:19,34.17
6,2025-01-01 22:46:46,33.1
6,2025-01-01 22:47:12,32.96
6,2025-01-01 22:47:22,33.29
6,2025-01-01 22:47:39,32.11
6,2025-01-01 22:48:06,31.88
6,2025-01-01 22:48:34,32.27
6,2025-01-01 22:48:44,31.51
6,2025-01-01 22:48:59,33.01
6,2025-01-01 22:49:06,33.96
6,2025-01-01 22:49:30,32.86
6,2025-01-01 22:49:59,33.04
6,2025-01-01 22:50:24,33.68
6,2025-01-01 22:50:30,34.73
6,2025-01-01 22:50:45,34.15
6,2025-01-01 22:50:58,34.28
6,2025-01-01 22:51:26,33.32
6,2025-01-01 22:51:49,32.81
6,2025-01-01 22:51:55,33.85
6,2025-01-01 22:52:21,34.0
6,2025-01-01 22:52:33,33.32
6,2025-01-01 22:52:49,33.62
6,2025-01-01 22:53:19,33.51
6,2025-01-01 22:53:28,34.34
6,2025-01-01 22:53:44,33.74
6,2025-01-01 22:54:01,33.19
6,2025-01-01 22:54:06,34.21
6,2025-01-01 22:54:16,33.02
6,2025-01-01 22:54:31,33.21
6,2025-01-01 22:54:39,33.5
6,2025-01-01 22:55:09,32.56
6,2025-01-01 22:55:32,34.03
6,2025-01-01 22:55:37,34.99
6,2025-01-01 22:56:06,35.74
6,2025-01-01 22:56:31,35.48
6,2025-01-01 22:56:38,34.83
6,2025-01-01 22:56:52,34.02
6,2025-01-01 22:57:09,32.65
6,2025-01-01 22:57:38,32.99
6,2025-01-01 22:57:46,32.26
6,2025-01-01 22:58:09,33.36
6,2025-01-01 22:58:24,32.61
6,2025-01-01 22:58:31,32.43
6,2025-01-01 22:58:57,33.9
6,2025-01-01 22:59:09,34.68
6,2025-01-01 22:59:14,34.26
6,2025-01-01 22:59:44,34.23
6,2025-01-01 22:59:54,34.02
6,2025-01-01 23:00:02,33.38
6,2025-01-01 23:00:20,34.63
6,2025-01-01 23:00:42,35.96
6,2025-01-01 23:01:02,36.44
6,2025-01-01 23:01:21,35.39
6,2025-01-01 23:01:47,36.01
6,2025-01-01 23:01:56,36.31
6,2025-01-01 23:02:02,36.17
6,2025-01-01 23:02:10,37.13
6,2025-01-01 23:02:39,36.16
6,2025-01-01 23:03:00,35.72
6,2025-01-01 23:03:24,34.28
6,2025-01-01 23:03:31,32.95
6,2025-01-01 23:03:46,32.56
6,2025-01-01 23:03:59,32.57
6,2025-01-01 23:04:18,34.06
6,2025-01-01 23:04:42,35.15
6,2025-01-01 23:05:04,35.65
6,2025-01-01 23:05:16,37.0
6,2025-01-01 23:05:40,36.55
6,2025-01-01 23:05:45,36.85
6,2025-01-01 23:05:51,36.35
6,2025-01-01 23:06:13,35.19
6,2025-01-01 23:06:23,34.34
6,2025-01-01 23:06:45,33.62
6,2025-01-01 23:07:05,34.96
6,2025-01-01 23:07:32,34.46
6,2025-01-01 23:08:02,32.97
6,2025-01-01 23:08:24,34.33
6,2025-01-01 23:08:52,33.52
6,2025-01-01 23:09:16,33.5
6,2025-01-01 23:09:38,33.62
6,2025-01-01 23:09:57,34.43
6,2025-01-01 23:10:14,34.1
6,2025-01-01 23:10:19,33.36
6,2025-01-01 23:10:48,33.79
6,2025-01-01 23:10:53,32.59
6,2025-01-01 23:11:13,33.44
6,2025-01-01 23:11:24,32.92
6,2025-01-01 23:11:42,32.88
6,2025-01-01 23:12:05,32.81
6,2025-01-01 23:12:15,32.31
6,2025-01-01 23:12:25,33.81
6,2025-01-01 23:12:35,33.49
6,2025-01-01 23:12:42,32.85
6,2025-01-01 23:12:50,32.51
6,2025-01-01 23:12:58,33.58
6,2025-01-01 23:13:05,32.89
6,2025-01-01 23:13:34,32.21
6,2025-01-01 23:13:50,31.31
6,2025-01-01 23:14:08,30.77
6,2025-01-01 23:14:17,31.61
6,2025-01-01 23:14:25,30.55
6,2025-01-01 23:14:50,29.32
6,2025-01-01 23:14:57,27.93
6,2025-01-01 23:15:19,29.1
6,2025-01-01 23:15:37,28.66
6,2025-01-01 23:16:06,27.37
6,2025-01-01 23:16:29,26.05
6,2025-01-01 23:16:42,25.25
6,2025-01-01 23:16:47,25.3
6,2025-01-01 23:17:00,26.48
6,2025-01-01 23:17:05,27.59
6,2025-01-01 23:17:20,26.31
6,2025-01-01 23:17:42,25.7
6,2025-01-01 23:18:00,27.11
6,2025-01-01 23:18:28,26.3
6,2025-01-01 23:18:56,25.88
6,2025-01-01 23:19:13,26.13
6,2025-01-01 23:19:41,25.85
6,2025-01-01 23:19:58,24.37
6,2025-01-01 23:20:26,23.11
6,2025-01-01 23:20:45,22.26
6,2025-01-01 23:20:52,21.35
6,2025-01-01 23:21:15,22.78
6,2025-01-01 23:21:30,22.0
6,2025-01-01 23:21:42,21.22
6,2025-01-01 23:21:53,22.04
6,2025-01-01 23:22:08,22.59
6,2025-01-01 23:22:27,23.97
6,2025-01-01 23:22:47,24.81
6,2025-01-01 23:22:57,26.07
6,2025-01-01 23:23:19,26.36
6,2025-01-01 23:23:25,25.31
6,2025-01-01 23:23:40,25.04
6,2025-01-01 23:24:07,26.53
6,2025-01-01 23:24:15,25.95
6,2025-01-01 23:24:31,26.3
6,2025-01-01 23:24:46,25.93
6,2025-01-01 23:24:53,25.97
6,2025-01-01 23:25:14,26.64
6,2025-01-01 23:25:24,27.18
6,2025-01-01 23:25:36,26.14
6,2025-01-01 23:25:55,24.9
6,2025-01-01 23:26:25,24.2
6,2025-01-01 23:26:44,24.4
6,2025-01-01 23:26:59,23.72
6,2025-01-01 23:27:28,25.06
6,2025-01-01 23:27:52,24.03
6,2025-01-01 23:28:03,24.11
6,2025-01-01 23:28:19,23.64
6,2025-01-01 23:28:42,24.6
6,2025-01-01 23:29:12,24.79
6,2025-01-01 23:29:31,26.23
6,2025-01-01 23:29:55,25.21
6,2025-01-01 23:30:01,26.51
6,2025-01-01 23:30:06,27.23
6,2025-01-01 23:30:13,27.46
6,2025-01-01 23:30:42,25.97
6,2025-01-01 23:31:08,26.31
6,2025-01-01 23:31:14,26.68
6,2025-01-01 23:31:43,25.7
6,2025-01-01 23:32:10,26.14
6,2025-01-01 23:32:18,26.7
6,2025-01-01 23:32:28,27.34
6,2025-01-01 23:32:55,26.32
6,2025-01-01 23:33:21,26.09
6,2025-01-01 23:33:42,25.44
6,2025-01-01 23:34:08,25.15
6,2025-01-01 23:34:25,23.83
6,2025-01-01 23:34:38,24.26
6,2025-01-01 23:34:54,25.44
6,2025-01-01 23:35:09,26.74
6,2025-01-01 23:35:19,27.95
6,2025-01-01 23:35:26,26.92
6,2025-01-01 23:35:37,28.19
6,2025-01-01 23:36:05,28.79
6,2025-01-01 23:36:26,28.81
6,2025-01-01 23:36:51,29.32
6,2025-01-01 23:36:57,28.07
6,2025-01-01 23:37:15,29.27
6,2025-01-01 23:37:36,30.38
6,2025-01-01 23:37:42,29.61
6,2025-01-01 23:37:47,29.29
6,2025-01-01 23:38:10,28.46
6,2025-01-01 23:38:28,28.31
6,2025-01-01 23:38:40,29.08
6,2025-01-01 23:38:49,27.74
6,2025-01-01 23:39:17,28.31
6,2025-01-01 23:39:45,28.71
6,2025-01-01 23:40:01,29.4
6,2025-01-01 23:40:21,30.22
6,2025-01-01 23:40:45,30.06
6,2025-01-01 23:40:54,28.75
6,2025-01-01 23:41:18,28.51
6,2025-01-01 23:41:23,28.12
6,2025-01-01 23:41:37,28.39
6,2025-01-01 23:41:57,29.16
6,2025-01-01 23:42:27,29.79
6,2025-01-01 23:42:54,30.99
6,2025-01-01 23:42:59,30.72
6,2025-01-01 23:43:06,31.18
6,2025-01-01 23:43:30,32.37
6,2025-01-01 23:43:46,31.43
6,2025-01-01 23:43:57,30.62
6,2025-01-01 23:44:23,30.78
6,2025-01-01 23:44:49,31.76
6,2025-01-01 23:45:02,31.55
6,2025-01-01 23:45:12,30.59
6,2025-01-01 23:45:21,31.41
6,2025-01-01 23:45:28,32.11
6,2025-01-01 23:45:48,32.68
6,2025-01-01 23:46:16,32.87
6,2025-01-01 23:46:26,32.9
6,2025-01-01 23:46:37,33.91
6,2025-01-01 23:46:59,32.73
6,2025-01-01 23:47:29,32.49
6,2025-01-01 23:47:54,31.44
6,2025-01-01 23:48:12,32.65
6,2025-01-01 23:48:37,32.74
6,2025-01-01 23:49:04,32.9
6,2025-01-01 23:49:31,33.83
6,2025-01-01 23:49:44,35.15
6,2025-01-01 23:50:11,34.51
6,2025-01-01 23:50:19,34.92
6,2025-01-01 23:50:32,33.7
6,2025-01-01 23:50:51,34.7
6,2025-01-01 23:51:13,35.07
6,2025-01-01 23:51:23,33.61
6,2025-01-01 23:51:37,33.19
6,2025-01-01 23:51:59,32.23
6,2025-01-01 23:52:22,32.9
6,2025-01-01 23:52:32,32.98
6,2025-01-01 23:53:00,31.67
6,2025-01-01 23:53:22,32.1
6,2025-01-01 23:53:32,32.15
6,2025-01-01 23:53:44,32.04
6,2025-01-01 23:54:03,31.17
6,2025-01-01 23:54:15,32.22
6,2025-01-01 23:54:23,32.93
6,2025-01-01 23:54:51,34.33
6,2025-01-01 23:55:06,33.98
6,2025-01-01 23:55:14,33.79
6,2025-01-01 23:55:24,35.01
6,2025-01-01 23:55:31,34.05
6,2025-01-01 23:56:01,34.44
6,2025-01-01 23:56:25,33.87
6,2025-01-01 23:56:49,34.5
6,2025-01-01 23:56:54,33.11
6,2025-01-01 23:57:05,33.27
6,2025-01-01 23:57:28,33.88
6,2025-01-01 23:57:55,34.01
6,2025-01-01 23:58:10,34.59
6,2025-01-01 23:58:36,34.0
6,2025-01-01 23:58:59,34.22
6,2025-01-01 23:59:28,34.27
6,2025-01-01 23:59:38,34.33
6,2025-01-01 23:59:48,34.9
6,2025-01-02 00:00:15,34.97
6,2025-01-02 00:00:45,34.2
6,2025-01-02 00:00:55,33.93
6,2025-01-02 00:01:19,35.11
6,2025-01-02 00:01:25,35.4
6,2025-01-02 00:01:42,34.4
6,2025-01-02 00:02:05,35.24
6,2025-01-02 00:02:11,34.62
6,2025-01-02 00:02:18,33.73
6,2025-01-02 00:02:41,33.11
6,2025-01-02 00:02:49,34.08
6,2025-01-02 00:02:57,33.6
6,2025-01-02 00:03:12,33.76
6,2025-01-02 00:03:19,33.73
6,2025-01-02 00:03:31,33.33
6,2025-01-02 00:03:51,33.86
6,2025-01-02 00:04:06,33.85
6,2025-01-02 00:04:13,32.98
6,2025-01-02 00:04:38,32.81
6,2025-01-02 00:04:56,32.35
6,2025-01-02 00:05:09,32.46
6,2025-01-02 00:05:37,33.23
6,2025-01-02 00:05:50,34.06
6,2025-01-02 00:06:02,33.97
6,2025-01-02 00:06:24,32.94
6,2025-01-02 00:06:52,32.51
6,2025-01-02 00:07:13,33.99
6,2025-01-02 00:07:41,35.08
6,2025-01-02 00:07:56,34.21
6,2025-01-02 00:08:20,33.3
6,2025-01-02 00:08:44,33.98
6,2025-01-02 00:09:05,35.24
6,2025-01-02 00:09:27,36.29
6,2025-01-02 00:09:48,36.92
6,2025-01-02 00:09:59,36.6
6,2025-01-02 00:10:21,35.56
6,2025-01-02 00:10:47,34.92
6,2025-01-02 00:11:05,35.2
6,2025-01-02 00:11:17,35.58
6,2025-01-02 00:11:39,34.62
6,2025-01-02 00:12:09,35.98
6,2025-01-02 00:12:17,35.42
6,2025-01-02 00:12:24,34.92
6,2025-01-02 00:12:44,36.28
6,2025-01-02 00:12:51,35.32
6,2025-01-02 00:12:59,34.42
6,2025-01-02 00:13:07,33.33
6,2025-01-02 00:13:18,31.94
6,2025-01-02 00:13:23,33.26
6,2025-01-02 00:13:43,34.73
6,2025-01-02 00:13:49,34.83
6,2025-01-02 00:14:14,33.75
6,2025-01-02 00:14:44,35.0
6,2025-01-02 00:15:13,33.71
